frame_idx,t_rel_s,t_unix,lat,lon,alt_msl,rel_alt,roll,pitch,yaw
0,0.000000,1783330728.253,42.1424624,-1.5888362,303.71,47.33,1.35,-4.32,74.37
1,0.017096,1783330728.270,42.1424625,-1.5888346,303.72,47.34,1.35,-4.28,74.37
2,0.034192,1783330728.287,42.1424627,-1.5888329,303.74,47.36,1.34,-4.24,74.37
3,0.051288,1783330728.304,42.1424628,-1.5888312,303.75,47.37,1.34,-4.22,74.37
4,0.068384,1783330728.321,42.1424630,-1.5888295,303.77,47.39,1.32,-4.25,74.37
5,0.085480,1783330728.338,42.1424631,-1.5888278,303.78,47.40,1.31,-4.28,74.37
6,0.102576,1783330728.356,42.1424632,-1.5888261,303.79,47.41,1.29,-4.31,74.36
7,0.119672,1783330728.373,42.1424634,-1.5888244,303.81,47.43,1.28,-4.35,74.36
8,0.136768,1783330728.390,42.1424659,-1.5888237,303.64,47.26,1.26,-4.38,74.36
9,0.153864,1783330728.407,42.1424661,-1.5888220,303.66,47.28,1.25,-4.39,74.36
10,0.170960,1783330728.424,42.1424662,-1.5888203,303.67,47.29,1.25,-4.36,74.35
11,0.188056,1783330728.441,42.1424663,-1.5888186,303.69,47.31,1.25,-4.33,74.34
12,0.205151,1783330728.458,42.1424665,-1.5888170,303.70,47.32,1.24,-4.30,74.33
13,0.222247,1783330728.475,42.1424666,-1.5888153,303.72,47.34,1.24,-4.27,74.32
14,0.239343,1783330728.492,42.1424668,-1.5888136,303.73,47.35,1.24,-4.24,74.31
15,0.256439,1783330728.509,42.1424669,-1.5888119,303.75,47.37,1.23,-4.20,74.30
16,0.273535,1783330728.527,42.1424670,-1.5888103,303.76,47.38,1.22,-4.15,74.30
17,0.290631,1783330728.544,42.1424672,-1.5888086,303.77,47.39,1.20,-4.10,74.30
18,0.307727,1783330728.561,42.1424673,-1.5888069,303.79,47.41,1.19,-4.05,74.30
19,0.324823,1783330728.578,42.1424674,-1.5888052,303.80,47.42,1.17,-4.00,74.30
20,0.341919,1783330728.595,42.1424702,-1.5888046,303.63,47.25,1.16,-3.96,74.30
21,0.359015,1783330728.612,42.1424703,-1.5888029,303.64,47.26,1.14,-3.97,74.30
22,0.376111,1783330728.629,42.1424704,-1.5888012,303.66,47.28,1.12,-4.02,74.30
23,0.393207,1783330728.646,42.1424705,-1.5887995,303.67,47.29,1.10,-4.06,74.30
24,0.410303,1783330728.663,42.1424706,-1.5887978,303.69,47.31,1.09,-4.11,74.30
25,0.427399,1783330728.680,42.1424708,-1.5887961,303.71,47.33,1.07,-4.15,74.30
26,0.444495,1783330728.697,42.1424709,-1.5887944,303.72,47.34,1.05,-4.20,74.30
27,0.461591,1783330728.715,42.1424710,-1.5887928,303.74,47.36,1.06,-4.14,74.31
28,0.478687,1783330728.732,42.1424711,-1.5887911,303.75,47.37,1.07,-4.06,74.31
29,0.495783,1783330728.749,42.1424712,-1.5887894,303.77,47.39,1.09,-3.98,74.32
30,0.512879,1783330728.766,42.1424714,-1.5887877,303.78,47.40,1.10,-3.89,74.33
31,0.529975,1783330728.783,42.1424715,-1.5887860,303.80,47.42,1.12,-3.81,74.33
32,0.547071,1783330728.800,42.1424743,-1.5887853,303.62,47.24,1.13,-3.72,74.34
33,0.564167,1783330728.817,42.1424744,-1.5887837,303.64,47.26,1.16,-3.74,74.34
34,0.581263,1783330728.834,42.1424745,-1.5887820,303.65,47.27,1.19,-3.75,74.34
35,0.598358,1783330728.851,42.1424747,-1.5887803,303.67,47.29,1.22,-3.77,74.33
36,0.615454,1783330728.868,42.1424748,-1.5887786,303.68,47.30,1.25,-3.79,74.33
37,0.632550,1783330728.886,42.1424749,-1.5887769,303.70,47.32,1.28,-3.80,74.33
38,0.649646,1783330728.903,42.1424750,-1.5887752,303.72,47.34,1.31,-3.81,74.33
39,0.666742,1783330728.920,42.1424751,-1.5887736,303.73,47.35,1.32,-3.76,74.31
40,0.683838,1783330728.937,42.1424753,-1.5887719,303.75,47.37,1.34,-3.70,74.30
41,0.700934,1783330728.954,42.1424754,-1.5887702,303.76,47.38,1.35,-3.64,74.29
42,0.718030,1783330728.971,42.1424755,-1.5887685,303.78,47.40,1.36,-3.59,74.27
43,0.735126,1783330728.988,42.1424768,-1.5887768,303.58,47.20,1.37,-3.53,74.26
44,0.752222,1783330729.005,42.1424805,-1.5887691,303.43,47.05,1.38,-3.48,74.25
45,0.769318,1783330729.022,42.1424784,-1.5887664,303.61,47.23,1.39,-3.45,74.24
46,0.786414,1783330729.039,42.1424785,-1.5887645,303.62,47.24,1.39,-3.41,74.23
47,0.803510,1783330729.057,42.1424787,-1.5887626,303.64,47.26,1.40,-3.37,74.22
48,0.820606,1783330729.074,42.1424788,-1.5887607,303.66,47.28,1.40,-3.34,74.21
49,0.837702,1783330729.091,42.1424789,-1.5887589,303.68,47.30,1.41,-3.30,74.21
50,0.854798,1783330729.108,42.1424790,-1.5887570,303.69,47.31,1.42,-3.30,74.20
51,0.871894,1783330729.125,42.1424792,-1.5887551,303.71,47.33,1.44,-3.34,74.19
52,0.888990,1783330729.142,42.1424793,-1.5887532,303.73,47.35,1.46,-3.38,74.18
53,0.906086,1783330729.159,42.1424794,-1.5887514,303.74,47.36,1.47,-3.43,74.17
54,0.923182,1783330729.176,42.1424795,-1.5887495,303.76,47.38,1.49,-3.47,74.16
55,0.940278,1783330729.193,42.1424824,-1.5887488,303.58,47.20,1.51,-3.51,74.15
56,0.957374,1783330729.210,42.1424826,-1.5887471,303.59,47.21,1.52,-3.55,74.14
57,0.974470,1783330729.227,42.1424827,-1.5887455,303.61,47.23,1.51,-3.59,74.13
58,0.991565,1783330729.245,42.1424828,-1.5887438,303.62,47.24,1.50,-3.63,74.11
59,1.008661,1783330729.262,42.1424829,-1.5887421,303.64,47.26,1.49,-3.67,74.10
60,1.025757,1783330729.279,42.1424830,-1.5887404,303.65,47.27,1.48,-3.71,74.08
61,1.042853,1783330729.296,42.1424831,-1.5887388,303.67,47.29,1.47,-3.75,74.06
62,1.059949,1783330729.313,42.1424832,-1.5887371,303.68,47.30,1.46,-3.79,74.06
63,1.077045,1783330729.330,42.1424833,-1.5887354,303.70,47.32,1.46,-3.82,74.05
64,1.094141,1783330729.347,42.1424834,-1.5887337,303.72,47.34,1.45,-3.86,74.05
65,1.111237,1783330729.364,42.1424835,-1.5887321,303.73,47.35,1.44,-3.89,74.05
66,1.128333,1783330729.381,42.1424836,-1.5887304,303.75,47.37,1.43,-3.93,74.04
67,1.145429,1783330729.398,42.1424865,-1.5887298,303.56,47.18,1.42,-3.96,74.04
68,1.162525,1783330729.416,42.1424866,-1.5887281,303.58,47.20,1.44,-3.95,74.03
69,1.179621,1783330729.433,42.1424867,-1.5887265,303.60,47.22,1.47,-3.93,74.01
70,1.196717,1783330729.450,42.1424868,-1.5887248,303.61,47.23,1.50,-3.91,73.99
71,1.213813,1783330729.467,42.1424869,-1.5887231,303.63,47.25,1.53,-3.88,73.97
72,1.230909,1783330729.484,42.1424870,-1.5887214,303.65,47.27,1.55,-3.86,73.96
73,1.248005,1783330729.501,42.1424871,-1.5887198,303.67,47.29,1.58,-3.84,73.94
74,1.265101,1783330729.518,42.1424872,-1.5887181,303.68,47.30,1.60,-3.87,73.92
75,1.282197,1783330729.535,42.1424873,-1.5887164,303.70,47.32,1.62,-3.91,73.91
76,1.299293,1783330729.552,42.1424874,-1.5887147,303.72,47.34,1.65,-3.94,73.89
77,1.316389,1783330729.569,42.1424875,-1.5887131,303.73,47.35,1.67,-3.98,73.88
78,1.333485,1783330729.586,42.1424904,-1.5887125,303.54,47.16,1.69,-4.01,73.86
79,1.350581,1783330729.604,42.1424905,-1.5887108,303.56,47.18,1.71,-4.03,73.85
80,1.367677,1783330729.621,42.1424906,-1.5887091,303.57,47.19,1.72,-3.99,73.86
81,1.384772,1783330729.638,42.1424907,-1.5887075,303.59,47.21,1.73,-3.94,73.88
82,1.401868,1783330729.655,42.1424908,-1.5887058,303.61,47.23,1.74,-3.90,73.89
83,1.418964,1783330729.672,42.1424909,-1.5887041,303.62,47.24,1.75,-3.86,73.90
84,1.436060,1783330729.689,42.1424910,-1.5887024,303.64,47.26,1.76,-3.81,73.91
85,1.453156,1783330729.706,42.1424911,-1.5887008,303.65,47.27,1.77,-3.79,73.92
86,1.470252,1783330729.723,42.1424912,-1.5886991,303.67,47.29,1.77,-3.82,73.92
87,1.487348,1783330729.740,42.1424913,-1.5886974,303.69,47.31,1.77,-3.85,73.91
88,1.504444,1783330729.757,42.1424913,-1.5886957,303.70,47.32,1.77,-3.88,73.91
89,1.521540,1783330729.775,42.1424914,-1.5886941,303.72,47.34,1.77,-3.91,73.91
90,1.538636,1783330729.792,42.1424942,-1.5886935,303.55,47.17,1.77,-3.93,73.90
91,1.555732,1783330729.809,42.1424943,-1.5886918,303.56,47.18,1.75,-3.94,73.88
92,1.572828,1783330729.826,42.1424944,-1.5886902,303.58,47.20,1.69,-3.93,73.85
93,1.589924,1783330729.843,42.1424945,-1.5886885,303.59,47.21,1.64,-3.91,73.81
94,1.607020,1783330729.860,42.1424946,-1.5886869,303.61,47.23,1.59,-3.90,73.78
95,1.624116,1783330729.877,42.1424948,-1.5886852,303.63,47.25,1.53,-3.88,73.74
96,1.641212,1783330729.894,42.1424949,-1.5886835,303.64,47.26,1.48,-3.87,73.70
97,1.658308,1783330729.911,42.1424950,-1.5886819,303.66,47.28,1.48,-3.92,73.69
98,1.675404,1783330729.928,42.1424951,-1.5886802,303.68,47.30,1.52,-4.03,73.69
99,1.692500,1783330729.945,42.1424952,-1.5886786,303.69,47.31,1.55,-4.13,73.69
100,1.709596,1783330729.963,42.1424953,-1.5886769,303.71,47.33,1.59,-4.24,73.69
101,1.726692,1783330729.980,42.1424954,-1.5886752,303.72,47.34,1.63,-4.34,73.69
102,1.743788,1783330729.997,42.1424984,-1.5886805,303.44,47.06,1.66,-4.45,73.69
103,1.760884,1783330730.014,42.1424982,-1.5886749,303.54,47.16,1.71,-4.40,73.69
104,1.777980,1783330730.031,42.1424983,-1.5886731,303.56,47.18,1.75,-4.32,73.69
105,1.795075,1783330730.048,42.1424984,-1.5886712,303.57,47.19,1.80,-4.23,73.69
106,1.812171,1783330730.065,42.1424985,-1.5886694,303.59,47.21,1.84,-4.14,73.68
107,1.829267,1783330730.082,42.1424986,-1.5886675,303.61,47.23,1.89,-4.05,73.68
108,1.846363,1783330730.099,42.1424987,-1.5886657,303.62,47.24,1.94,-3.97,73.68
109,1.863459,1783330730.116,42.1424988,-1.5886638,303.64,47.26,1.95,-4.08,73.68
110,1.880555,1783330730.134,42.1424989,-1.5886620,303.66,47.28,1.96,-4.21,73.68
111,1.897651,1783330730.151,42.1424990,-1.5886601,303.68,47.30,1.97,-4.33,73.68
112,1.914747,1783330730.168,42.1424991,-1.5886583,303.69,47.31,1.99,-4.46,73.69
113,1.931843,1783330730.185,42.1424992,-1.5886564,303.71,47.33,2.00,-4.59,73.69
114,1.948939,1783330730.202,42.1425020,-1.5886559,303.52,47.14,2.01,-4.71,73.69
115,1.966035,1783330730.219,42.1425021,-1.5886542,303.53,47.15,2.01,-4.74,73.70
116,1.983131,1783330730.236,42.1425022,-1.5886526,303.55,47.17,2.00,-4.78,73.70
117,2.000227,1783330730.253,42.1425023,-1.5886509,303.57,47.19,2.00,-4.81,73.71
118,2.017323,1783330730.270,42.1425024,-1.5886493,303.58,47.20,2.00,-4.84,73.72
119,2.034419,1783330730.287,42.1425025,-1.5886476,303.60,47.22,1.99,-4.87,73.72
120,2.051515,1783330730.305,42.1425026,-1.5886459,303.62,47.24,1.98,-4.91,73.73
121,2.068611,1783330730.322,42.1425026,-1.5886443,303.64,47.26,1.96,-4.96,73.74
122,2.085707,1783330730.339,42.1425027,-1.5886426,303.65,47.27,1.93,-5.01,73.74
123,2.102803,1783330730.356,42.1425028,-1.5886410,303.67,47.29,1.90,-5.06,73.75
124,2.119899,1783330730.373,42.1425029,-1.5886393,303.69,47.31,1.87,-5.11,73.75
125,2.136995,1783330730.390,42.1425057,-1.5886387,303.50,47.12,1.85,-5.16,73.76
126,2.154091,1783330730.407,42.1425058,-1.5886369,303.52,47.14,1.83,-5.22,73.77
127,2.171187,1783330730.424,42.1425059,-1.5886350,303.54,47.16,1.81,-5.29,73.78
128,2.188282,1783330730.441,42.1425060,-1.5886332,303.56,47.18,1.80,-5.36,73.80
129,2.205378,1783330730.458,42.1425061,-1.5886313,303.58,47.20,1.79,-5.43,73.81
130,2.222474,1783330730.475,42.1425062,-1.5886295,303.59,47.21,1.78,-5.50,73.83
131,2.239570,1783330730.493,42.1425064,-1.5886276,303.61,47.23,1.77,-5.58,73.84
132,2.256666,1783330730.510,42.1425065,-1.5886258,303.63,47.25,1.73,-5.60,73.86
133,2.273762,1783330730.527,42.1425066,-1.5886239,303.65,47.27,1.66,-5.57,73.89
134,2.290858,1783330730.544,42.1425067,-1.5886221,303.67,47.29,1.59,-5.54,73.91
135,2.307954,1783330730.561,42.1425068,-1.5886202,303.69,47.31,1.53,-5.51,73.94
136,2.325050,1783330730.578,42.1425102,-1.5886250,303.37,46.99,1.46,-5.49,73.97
137,2.342146,1783330730.595,42.1425097,-1.5886198,303.48,47.10,1.39,-5.46,73.99
138,2.359242,1783330730.612,42.1425097,-1.5886180,303.50,47.12,1.36,-5.53,74.00
139,2.376338,1783330730.629,42.1425098,-1.5886161,303.52,47.14,1.36,-5.64,74.01
140,2.393434,1783330730.646,42.1425099,-1.5886143,303.54,47.16,1.35,-5.76,74.01
141,2.410530,1783330730.664,42.1425100,-1.5886124,303.57,47.19,1.34,-5.87,74.01
142,2.427626,1783330730.681,42.1425101,-1.5886106,303.59,47.21,1.33,-5.98,74.02
143,2.444722,1783330730.698,42.1425102,-1.5886087,303.61,47.23,1.32,-6.10,74.02
144,2.461818,1783330730.715,42.1425103,-1.5886069,303.63,47.25,1.27,-6.10,74.02
145,2.478914,1783330730.732,42.1425104,-1.5886050,303.65,47.27,1.21,-6.08,74.02
146,2.496010,1783330730.749,42.1425105,-1.5886032,303.67,47.29,1.16,-6.06,74.02
147,2.513106,1783330730.766,42.1425114,-1.5886125,303.47,47.09,1.10,-6.04,74.03
148,2.530202,1783330730.783,42.1425151,-1.5886044,303.32,46.94,1.04,-6.02,74.03
149,2.547298,1783330730.800,42.1425134,-1.5886010,303.49,47.11,0.98,-6.00,74.03
150,2.564394,1783330730.817,42.1425135,-1.5885994,303.51,47.13,0.97,-6.01,74.04
151,2.581489,1783330730.834,42.1425135,-1.5885977,303.53,47.15,0.96,-6.03,74.06
152,2.598585,1783330730.852,42.1425136,-1.5885961,303.55,47.17,0.94,-6.05,74.07
153,2.615681,1783330730.869,42.1425137,-1.5885944,303.56,47.18,0.93,-6.06,74.08
154,2.632777,1783330730.886,42.1425138,-1.5885928,303.58,47.20,0.92,-6.08,74.10
155,2.649873,1783330730.903,42.1425139,-1.5885911,303.60,47.22,0.91,-6.09,74.11
156,2.666969,1783330730.920,42.1425140,-1.5885894,303.61,47.23,0.86,-6.09,74.13
157,2.684065,1783330730.937,42.1425141,-1.5885878,303.63,47.25,0.82,-6.09,74.14
158,2.701161,1783330730.954,42.1425141,-1.5885861,303.65,47.27,0.78,-6.08,74.16
159,2.718257,1783330730.971,42.1425142,-1.5885845,303.67,47.29,0.74,-6.08,74.17
160,2.735353,1783330730.988,42.1425156,-1.5885926,303.44,47.06,0.70,-6.08,74.19
161,2.752449,1783330731.005,42.1425192,-1.5885851,303.29,46.91,0.67,-6.10,74.21
162,2.769545,1783330731.023,42.1425170,-1.5885821,303.49,47.11,0.68,-6.16,74.23
163,2.786641,1783330731.040,42.1425172,-1.5885800,303.51,47.13,0.69,-6.22,74.25
164,2.803737,1783330731.057,42.1425173,-1.5885780,303.53,47.15,0.70,-6.29,74.27
165,2.820833,1783330731.074,42.1425175,-1.5885759,303.56,47.18,0.71,-6.35,74.29
166,2.837929,1783330731.091,42.1425176,-1.5885738,303.58,47.20,0.72,-6.41,74.32
167,2.855025,1783330731.108,42.1425177,-1.5885717,303.60,47.22,0.74,-6.46,74.33
168,2.872121,1783330731.125,42.1425179,-1.5885696,303.62,47.24,0.78,-6.49,74.33
169,2.889217,1783330731.142,42.1425180,-1.5885675,303.64,47.26,0.83,-6.51,74.32
170,2.906313,1783330731.159,42.1425181,-1.5885655,303.66,47.28,0.87,-6.54,74.32
171,2.923409,1783330731.176,42.1425211,-1.5885707,303.37,46.99,0.92,-6.56,74.31
172,2.940505,1783330731.194,42.1425209,-1.5885649,303.47,47.09,0.96,-6.59,74.31
173,2.957601,1783330731.211,42.1425210,-1.5885631,303.49,47.11,0.95,-6.66,74.31
174,2.974696,1783330731.228,42.1425211,-1.5885612,303.51,47.13,0.88,-6.78,74.32
175,2.991792,1783330731.245,42.1425212,-1.5885594,303.53,47.15,0.82,-6.89,74.32
176,3.008888,1783330731.262,42.1425213,-1.5885575,303.54,47.16,0.76,-7.00,74.33
177,3.025984,1783330731.279,42.1425214,-1.5885557,303.56,47.18,0.70,-7.12,74.33
178,3.043080,1783330731.296,42.1425215,-1.5885538,303.58,47.20,0.64,-7.23,74.34
179,3.060176,1783330731.313,42.1425217,-1.5885520,303.60,47.22,0.57,-7.30,74.32
180,3.077272,1783330731.330,42.1425218,-1.5885501,303.62,47.24,0.50,-7.36,74.30
181,3.094368,1783330731.347,42.1425219,-1.5885483,303.64,47.26,0.42,-7.42,74.28
182,3.111464,1783330731.364,42.1425220,-1.5885464,303.66,47.28,0.35,-7.48,74.26
183,3.128560,1783330731.382,42.1425259,-1.5885499,303.30,46.92,0.28,-7.53,74.24
184,3.145656,1783330731.399,42.1425246,-1.5885461,303.46,47.08,0.21,-7.59,74.21
185,3.162752,1783330731.416,42.1425247,-1.5885444,303.48,47.10,0.17,-7.49,74.20
186,3.179848,1783330731.433,42.1425248,-1.5885427,303.50,47.12,0.14,-7.36,74.18
187,3.196944,1783330731.450,42.1425249,-1.5885411,303.51,47.13,0.11,-7.24,74.17
188,3.214040,1783330731.467,42.1425250,-1.5885394,303.53,47.15,0.08,-7.11,74.15
189,3.231136,1783330731.484,42.1425251,-1.5885377,303.55,47.17,0.05,-6.98,74.14
190,3.248232,1783330731.501,42.1425253,-1.5885360,303.57,47.19,0.02,-6.86,74.12
191,3.265328,1783330731.518,42.1425254,-1.5885344,303.58,47.20,0.05,-6.95,74.12
192,3.282424,1783330731.535,42.1425255,-1.5885327,303.60,47.22,0.08,-7.04,74.12
193,3.299520,1783330731.553,42.1425256,-1.5885310,303.62,47.24,0.11,-7.13,74.11
194,3.316616,1783330731.570,42.1425257,-1.5885293,303.63,47.25,0.14,-7.22,74.11
195,3.333712,1783330731.587,42.1425283,-1.5885288,303.43,47.05,0.17,-7.32,74.11
196,3.350808,1783330731.604,42.1425284,-1.5885270,303.45,47.07,0.20,-7.38,74.11
197,3.367903,1783330731.621,42.1425286,-1.5885251,303.47,47.09,0.26,-7.34,74.08
198,3.384999,1783330731.638,42.1425287,-1.5885232,303.49,47.11,0.32,-7.29,74.06
199,3.402095,1783330731.655,42.1425288,-1.5885214,303.51,47.13,0.37,-7.25,74.04
200,3.419191,1783330731.672,42.1425290,-1.5885195,303.53,47.15,0.43,-7.20,74.02
201,3.436287,1783330731.689,42.1425291,-1.5885176,303.55,47.17,0.49,-7.16,73.99
202,3.453383,1783330731.706,42.1425292,-1.5885158,303.56,47.18,0.54,-7.12,73.98
203,3.470479,1783330731.723,42.1425294,-1.5885139,303.58,47.20,0.55,-7.08,73.99
204,3.487575,1783330731.741,42.1425295,-1.5885120,303.60,47.22,0.57,-7.04,74.00
205,3.504671,1783330731.758,42.1425296,-1.5885102,303.62,47.24,0.58,-7.01,74.01
206,3.521767,1783330731.775,42.1425322,-1.5885161,303.33,46.95,0.60,-6.97,74.02
207,3.538863,1783330731.792,42.1425322,-1.5885098,303.42,47.04,0.61,-6.93,74.03
208,3.555959,1783330731.809,42.1425324,-1.5885081,303.43,47.05,0.66,-6.94,74.02
209,3.573055,1783330731.826,42.1425325,-1.5885064,303.45,47.07,0.75,-7.00,74.00
210,3.590151,1783330731.843,42.1425326,-1.5885047,303.47,47.09,0.84,-7.05,73.98
211,3.607247,1783330731.860,42.1425328,-1.5885030,303.48,47.10,0.92,-7.11,73.96
212,3.624343,1783330731.877,42.1425329,-1.5885013,303.50,47.12,1.01,-7.17,73.94
213,3.641439,1783330731.894,42.1425330,-1.5884996,303.52,47.14,1.10,-7.23,73.92
214,3.658535,1783330731.912,42.1425331,-1.5884980,303.54,47.16,1.13,-7.25,73.91
215,3.675631,1783330731.929,42.1425333,-1.5884963,303.55,47.17,1.13,-7.25,73.91
216,3.692727,1783330731.946,42.1425334,-1.5884946,303.57,47.19,1.13,-7.25,73.91
217,3.709823,1783330731.963,42.1425335,-1.5884929,303.59,47.21,1.14,-7.24,73.90
218,3.726919,1783330731.980,42.1425337,-1.5884912,303.60,47.22,1.14,-7.24,73.90
219,3.744015,1783330731.997,42.1425366,-1.5884965,303.29,46.91,1.14,-7.24,73.90
220,3.761110,1783330732.014,42.1425362,-1.5884909,303.41,47.03,1.15,-7.23,73.88
221,3.778206,1783330732.031,42.1425363,-1.5884890,303.43,47.05,1.17,-7.21,73.86
222,3.795302,1783330732.048,42.1425365,-1.5884871,303.45,47.07,1.18,-7.19,73.83
223,3.812398,1783330732.065,42.1425366,-1.5884852,303.47,47.09,1.20,-7.17,73.81
224,3.829494,1783330732.082,42.1425368,-1.5884833,303.49,47.11,1.21,-7.15,73.79
225,3.846590,1783330732.100,42.1425369,-1.5884814,303.51,47.13,1.23,-7.13,73.76
226,3.863686,1783330732.117,42.1425371,-1.5884796,303.53,47.15,1.24,-7.14,73.76
227,3.880782,1783330732.134,42.1425372,-1.5884777,303.55,47.17,1.26,-7.14,73.75
228,3.897878,1783330732.151,42.1425374,-1.5884758,303.57,47.19,1.28,-7.15,73.75
229,3.914974,1783330732.168,42.1425375,-1.5884739,303.59,47.21,1.29,-7.16,73.75
230,3.932070,1783330732.185,42.1425377,-1.5884720,303.61,47.23,1.31,-7.16,73.74
231,3.949166,1783330732.202,42.1425402,-1.5884715,303.42,47.04,1.32,-7.17,73.74
232,3.966262,1783330732.219,42.1425404,-1.5884698,303.43,47.05,1.34,-7.14,73.72
233,3.983358,1783330732.236,42.1425405,-1.5884681,303.45,47.07,1.35,-7.12,73.71
234,4.000454,1783330732.253,42.1425407,-1.5884665,303.46,47.08,1.37,-7.09,73.69
235,4.017550,1783330732.271,42.1425408,-1.5884648,303.48,47.10,1.38,-7.07,73.68
236,4.034646,1783330732.288,42.1425410,-1.5884631,303.50,47.12,1.40,-7.04,73.66
237,4.051742,1783330732.305,42.1425411,-1.5884614,303.51,47.13,1.42,-7.02,73.65
238,4.068838,1783330732.322,42.1425413,-1.5884597,303.53,47.15,1.44,-7.05,73.63
239,4.085934,1783330732.339,42.1425414,-1.5884580,303.55,47.17,1.46,-7.07,73.62
240,4.103030,1783330732.356,42.1425416,-1.5884563,303.56,47.18,1.49,-7.09,73.60
241,4.120126,1783330732.373,42.1425417,-1.5884546,303.58,47.20,1.51,-7.11,73.58
242,4.137222,1783330732.390,42.1425442,-1.5884541,303.39,47.01,1.54,-7.13,73.57
243,4.154317,1783330732.407,42.1425444,-1.5884522,303.40,47.02,1.56,-7.12,73.56
244,4.171413,1783330732.424,42.1425446,-1.5884503,303.42,47.04,1.60,-7.07,73.57
245,4.188509,1783330732.442,42.1425447,-1.5884484,303.44,47.06,1.64,-7.02,73.58
246,4.205605,1783330732.459,42.1425449,-1.5884465,303.46,47.08,1.68,-6.97,73.59
247,4.222701,1783330732.476,42.1425451,-1.5884446,303.48,47.10,1.72,-6.92,73.60
248,4.239797,1783330732.493,42.1425452,-1.5884427,303.50,47.12,1.76,-6.87,73.62
249,4.256893,1783330732.510,42.1425454,-1.5884409,303.52,47.14,1.78,-6.84,73.61
250,4.273989,1783330732.527,42.1425455,-1.5884390,303.54,47.16,1.77,-6.83,73.59
251,4.291085,1783330732.544,42.1425457,-1.5884371,303.56,47.18,1.77,-6.82,73.57
252,4.308181,1783330732.561,42.1425459,-1.5884352,303.58,47.20,1.77,-6.81,73.55
253,4.325277,1783330732.578,42.1425490,-1.5884399,303.25,46.87,1.76,-6.80,73.53
254,4.342373,1783330732.595,42.1425484,-1.5884349,303.38,47.00,1.76,-6.79,73.52
255,4.359469,1783330732.612,42.1425485,-1.5884332,303.40,47.02,1.78,-6.77,73.51
256,4.376565,1783330732.630,42.1425487,-1.5884315,303.41,47.03,1.80,-6.74,73.51
257,4.393661,1783330732.647,42.1425488,-1.5884298,303.43,47.05,1.82,-6.72,73.51
258,4.410757,1783330732.664,42.1425489,-1.5884281,303.45,47.07,1.85,-6.69,73.50
259,4.427853,1783330732.681,42.1425491,-1.5884264,303.47,47.09,1.87,-6.66,73.50
260,4.444949,1783330732.698,42.1425492,-1.5884247,303.48,47.10,1.90,-6.63,73.50
261,4.462045,1783330732.715,42.1425493,-1.5884230,303.50,47.12,1.90,-6.62,73.51
262,4.479141,1783330732.732,42.1425495,-1.5884213,303.52,47.14,1.91,-6.60,73.51
263,4.496237,1783330732.749,42.1425496,-1.5884196,303.53,47.15,1.91,-6.58,73.52
264,4.513333,1783330732.766,42.1425497,-1.5884179,303.55,47.17,1.91,-6.56,73.53
265,4.530429,1783330732.783,42.1425499,-1.5884162,303.57,47.19,1.92,-6.55,73.53
266,4.547525,1783330732.801,42.1425524,-1.5884157,303.39,47.01,1.92,-6.53,73.54
267,4.564620,1783330732.818,42.1425526,-1.5884140,303.40,47.02,1.90,-6.54,73.54
268,4.581716,1783330732.835,42.1425527,-1.5884123,303.42,47.04,1.89,-6.56,73.54
269,4.598812,1783330732.852,42.1425529,-1.5884106,303.44,47.06,1.87,-6.57,73.55
270,4.615908,1783330732.869,42.1425530,-1.5884089,303.45,47.07,1.85,-6.58,73.55
271,4.633004,1783330732.886,42.1425532,-1.5884072,303.47,47.09,1.83,-6.60,73.55
272,4.650100,1783330732.903,42.1425533,-1.5884055,303.49,47.11,1.82,-6.61,73.55
273,4.667196,1783330732.920,42.1425534,-1.5884038,303.50,47.12,1.82,-6.59,73.57
274,4.684292,1783330732.937,42.1425536,-1.5884021,303.52,47.14,1.82,-6.58,73.59
275,4.701388,1783330732.954,42.1425537,-1.5884004,303.54,47.16,1.82,-6.56,73.61
276,4.718484,1783330732.971,42.1425539,-1.5883987,303.56,47.18,1.82,-6.55,73.63
277,4.735580,1783330732.989,42.1425550,-1.5884066,303.34,46.96,1.82,-6.53,73.66
278,4.752676,1783330733.006,42.1425564,-1.5883984,303.36,46.98,1.82,-6.52,73.66
279,4.769772,1783330733.023,42.1425566,-1.5883965,303.38,47.00,1.82,-6.54,73.65
280,4.786868,1783330733.040,42.1425567,-1.5883946,303.40,47.02,1.82,-6.56,73.63
281,4.803964,1783330733.057,42.1425569,-1.5883927,303.41,47.03,1.81,-6.57,73.61
282,4.821060,1783330733.074,42.1425570,-1.5883908,303.43,47.05,1.81,-6.59,73.59
283,4.838156,1783330733.091,42.1425572,-1.5883889,303.45,47.07,1.81,-6.60,73.57
284,4.855252,1783330733.108,42.1425574,-1.5883870,303.47,47.09,1.79,-6.60,73.56
285,4.872348,1783330733.125,42.1425575,-1.5883851,303.49,47.11,1.75,-6.59,73.57
286,4.889444,1783330733.142,42.1425577,-1.5883832,303.50,47.12,1.71,-6.58,73.58
287,4.906540,1783330733.160,42.1425579,-1.5883814,303.52,47.14,1.66,-6.56,73.60
288,4.923636,1783330733.177,42.1425580,-1.5883795,303.54,47.16,1.62,-6.55,73.61
289,4.940732,1783330733.194,42.1425606,-1.5883789,303.35,46.97,1.58,-6.54,73.62
290,4.957827,1783330733.211,42.1425607,-1.5883772,303.37,46.99,1.54,-6.53,73.62
291,4.974923,1783330733.228,42.1425608,-1.5883754,303.38,47.00,1.51,-6.54,73.63
292,4.992019,1783330733.245,42.1425610,-1.5883737,303.40,47.02,1.48,-6.55,73.63
293,5.009115,1783330733.262,42.1425611,-1.5883720,303.42,47.04,1.44,-6.55,73.64
294,5.026211,1783330733.279,42.1425613,-1.5883703,303.43,47.05,1.41,-6.56,73.64
295,5.043307,1783330733.296,42.1425614,-1.5883686,303.45,47.07,1.38,-6.57,73.65
296,5.060403,1783330733.313,42.1425615,-1.5883669,303.47,47.09,1.38,-6.54,73.66
297,5.077499,1783330733.330,42.1425617,-1.5883652,303.49,47.11,1.38,-6.51,73.66
298,5.094595,1783330733.348,42.1425618,-1.5883635,303.50,47.12,1.39,-6.48,73.67
299,5.111691,1783330733.365,42.1425619,-1.5883618,303.52,47.14,1.40,-6.44,73.68
300,5.128787,1783330733.382,42.1425621,-1.5883600,303.54,47.16,1.40,-6.41,73.68
301,5.145883,1783330733.399,42.1425646,-1.5883594,303.35,46.97,1.41,-6.37,73.69
302,5.162979,1783330733.416,42.1425648,-1.5883575,303.36,46.98,1.41,-6.35,73.69
303,5.180075,1783330733.433,42.1425649,-1.5883556,303.38,47.00,1.41,-6.33,73.69
304,5.197171,1783330733.450,42.1425650,-1.5883537,303.40,47.02,1.41,-6.31,73.69
305,5.214267,1783330733.467,42.1425652,-1.5883519,303.42,47.04,1.40,-6.28,73.69
306,5.231363,1783330733.484,42.1425653,-1.5883500,303.44,47.06,1.40,-6.26,73.69
307,5.248459,1783330733.501,42.1425655,-1.5883481,303.46,47.08,1.40,-6.24,73.69
308,5.265555,1783330733.519,42.1425656,-1.5883462,303.48,47.10,1.42,-6.22,73.69
309,5.282651,1783330733.536,42.1425658,-1.5883443,303.50,47.12,1.43,-6.21,73.69
310,5.299747,1783330733.553,42.1425659,-1.5883424,303.52,47.14,1.45,-6.19,73.70
311,5.316843,1783330733.570,42.1425673,-1.5883500,303.29,46.91,1.46,-6.18,73.70
312,5.333939,1783330733.587,42.1425685,-1.5883420,303.31,46.93,1.48,-6.16,73.70
313,5.351034,1783330733.604,42.1425686,-1.5883403,303.33,46.95,1.50,-6.14,73.70
314,5.368130,1783330733.621,42.1425688,-1.5883386,303.35,46.97,1.52,-6.09,73.73
315,5.385226,1783330733.638,42.1425689,-1.5883369,303.36,46.98,1.55,-6.03,73.75
316,5.402322,1783330733.655,42.1425690,-1.5883352,303.38,47.00,1.58,-5.98,73.77
317,5.419418,1783330733.672,42.1425692,-1.5883335,303.40,47.02,1.60,-5.92,73.79
318,5.436514,1783330733.690,42.1425693,-1.5883318,303.41,47.03,1.63,-5.87,73.82
319,5.453610,1783330733.707,42.1425694,-1.5883301,303.43,47.05,1.66,-5.84,73.83
320,5.470706,1783330733.724,42.1425695,-1.5883284,303.45,47.07,1.67,-5.87,73.83
321,5.487802,1783330733.741,42.1425697,-1.5883267,303.47,47.09,1.69,-5.89,73.83
322,5.504898,1783330733.758,42.1425698,-1.5883250,303.48,47.10,1.71,-5.92,73.82
323,5.521994,1783330733.775,42.1425699,-1.5883233,303.50,47.12,1.72,-5.95,73.82
324,5.539090,1783330733.792,42.1425724,-1.5883229,303.31,46.93,1.74,-5.98,73.82
325,5.556186,1783330733.809,42.1425726,-1.5883213,303.32,46.94,1.73,-6.02,73.83
326,5.573282,1783330733.826,42.1425727,-1.5883198,303.34,46.96,1.69,-6.07,73.85
327,5.590378,1783330733.843,42.1425728,-1.5883182,303.35,46.97,1.64,-6.12,73.86
328,5.607474,1783330733.860,42.1425729,-1.5883166,303.37,46.99,1.60,-6.17,73.88
329,5.624570,1783330733.878,42.1425730,-1.5883151,303.38,47.00,1.56,-6.23,73.90
330,5.641666,1783330733.895,42.1425731,-1.5883135,303.40,47.02,1.52,-6.28,73.91
331,5.658762,1783330733.912,42.1425733,-1.5883120,303.41,47.03,1.48,-6.29,73.92
332,5.675858,1783330733.929,42.1425734,-1.5883104,303.43,47.05,1.45,-6.28,73.92
333,5.692954,1783330733.946,42.1425735,-1.5883088,303.45,47.07,1.42,-6.26,73.92
334,5.710050,1783330733.963,42.1425736,-1.5883073,303.46,47.08,1.39,-6.25,73.92
335,5.727146,1783330733.980,42.1425737,-1.5883057,303.48,47.10,1.37,-6.24,73.92
336,5.744241,1783330733.997,42.1425738,-1.5883042,303.49,47.11,1.34,-6.22,73.92
337,5.761337,1783330734.014,42.1425764,-1.5883035,303.30,46.92,1.30,-6.24,73.93
338,5.778433,1783330734.031,42.1425766,-1.5883014,303.32,46.94,1.26,-6.27,73.94
339,5.795529,1783330734.049,42.1425767,-1.5882992,303.35,46.97,1.22,-6.29,73.95
340,5.812625,1783330734.066,42.1425769,-1.5882971,303.37,46.99,1.19,-6.32,73.96
341,5.829721,1783330734.083,42.1425771,-1.5882950,303.39,47.01,1.15,-6.34,73.97
342,5.846817,1783330734.100,42.1425772,-1.5882928,303.41,47.03,1.11,-6.37,73.98
343,5.863913,1783330734.117,42.1425774,-1.5882907,303.44,47.06,1.07,-6.34,73.99
344,5.881009,1783330734.134,42.1425776,-1.5882885,303.46,47.08,1.03,-6.31,74.01
345,5.898105,1783330734.151,42.1425778,-1.5882864,303.48,47.10,0.99,-6.28,74.03
346,5.915201,1783330734.168,42.1425788,-1.5882944,303.26,46.88,0.96,-6.25,74.04
347,5.932297,1783330734.185,42.1425824,-1.5882869,303.09,46.71,0.92,-6.22,74.06
348,5.949393,1783330734.202,42.1425804,-1.5882840,303.30,46.92,0.88,-6.19,74.07
349,5.966489,1783330734.219,42.1425806,-1.5882821,303.32,46.94,0.86,-6.16,74.06
350,5.983585,1783330734.237,42.1425807,-1.5882802,303.34,46.96,0.84,-6.13,74.04
351,6.000681,1783330734.254,42.1425808,-1.5882783,303.36,46.98,0.82,-6.10,74.03
352,6.017777,1783330734.271,42.1425810,-1.5882764,303.38,47.00,0.80,-6.07,74.02
353,6.034873,1783330734.288,42.1425811,-1.5882745,303.40,47.02,0.78,-6.04,74.01
354,6.051969,1783330734.305,42.1425812,-1.5882726,303.42,47.04,0.76,-6.02,74.00
355,6.069065,1783330734.322,42.1425814,-1.5882707,303.44,47.06,0.74,-6.03,74.02
356,6.086161,1783330734.339,42.1425815,-1.5882688,303.46,47.08,0.73,-6.05,74.03
357,6.103257,1783330734.356,42.1425816,-1.5882669,303.48,47.10,0.72,-6.06,74.04
358,6.120353,1783330734.373,42.1425838,-1.5882734,303.21,46.83,0.70,-6.07,74.06
359,6.137448,1783330734.390,42.1425841,-1.5882666,303.29,46.91,0.69,-6.08,74.07
360,6.154544,1783330734.408,42.1425843,-1.5882649,303.30,46.92,0.68,-6.05,74.08
361,6.171640,1783330734.425,42.1425844,-1.5882632,303.32,46.94,0.68,-5.96,74.08
362,6.188736,1783330734.442,42.1425846,-1.5882615,303.34,46.96,0.69,-5.86,74.08
363,6.205832,1783330734.459,42.1425847,-1.5882597,303.35,46.97,0.69,-5.77,74.09
364,6.222928,1783330734.476,42.1425848,-1.5882580,303.37,46.99,0.70,-5.67,74.09
365,6.240024,1783330734.493,42.1425850,-1.5882563,303.39,47.01,0.70,-5.57,74.09
366,6.257120,1783330734.510,42.1425851,-1.5882546,303.40,47.02,0.69,-5.54,74.09
367,6.274216,1783330734.527,42.1425852,-1.5882529,303.42,47.04,0.67,-5.55,74.08
368,6.291312,1783330734.544,42.1425854,-1.5882512,303.44,47.06,0.66,-5.56,74.07
369,6.308408,1783330734.561,42.1425855,-1.5882495,303.46,47.08,0.64,-5.57,74.06
370,6.325504,1783330734.579,42.1425856,-1.5882478,303.47,47.09,0.62,-5.58,74.05
371,6.342600,1783330734.596,42.1425882,-1.5882474,303.28,46.90,0.61,-5.59,74.04
372,6.359696,1783330734.613,42.1425883,-1.5882457,303.30,46.92,0.61,-5.53,74.05
373,6.376792,1783330734.630,42.1425884,-1.5882440,303.31,46.93,0.61,-5.45,74.07
374,6.393888,1783330734.647,42.1425886,-1.5882423,303.33,46.95,0.62,-5.36,74.10
375,6.410984,1783330734.664,42.1425887,-1.5882406,303.35,46.97,0.63,-5.28,74.12
376,6.428080,1783330734.681,42.1425888,-1.5882389,303.37,46.99,0.64,-5.20,74.14
377,6.445176,1783330734.698,42.1425889,-1.5882372,303.38,47.00,0.65,-5.11,74.16
378,6.462272,1783330734.715,42.1425891,-1.5882355,303.40,47.02,0.66,-5.01,74.15
379,6.479368,1783330734.732,42.1425892,-1.5882338,303.42,47.04,0.66,-4.89,74.13
380,6.496464,1783330734.749,42.1425893,-1.5882321,303.43,47.05,0.67,-4.78,74.12
381,6.513560,1783330734.767,42.1425895,-1.5882304,303.45,47.07,0.68,-4.67,74.11
382,6.530655,1783330734.784,42.1425896,-1.5882287,303.47,47.09,0.68,-4.56,74.09
383,6.547751,1783330734.801,42.1425921,-1.5882282,303.27,46.89,0.69,-4.45,74.08
384,6.564847,1783330734.818,42.1425922,-1.5882265,303.29,46.91,0.69,-4.30,74.10
385,6.581943,1783330734.835,42.1425924,-1.5882248,303.31,46.93,0.70,-4.16,74.11
386,6.599039,1783330734.852,42.1425925,-1.5882231,303.33,46.95,0.70,-4.01,74.13
387,6.616135,1783330734.869,42.1425926,-1.5882214,303.35,46.97,0.70,-3.86,74.14
388,6.633231,1783330734.886,42.1425928,-1.5882197,303.37,46.99,0.71,-3.72,74.16
389,6.650327,1783330734.903,42.1425929,-1.5882180,303.39,47.01,0.71,-3.56,74.17
390,6.667423,1783330734.920,42.1425930,-1.5882163,303.41,47.03,0.69,-3.39,74.17
391,6.684519,1783330734.938,42.1425931,-1.5882146,303.43,47.05,0.67,-3.21,74.16
392,6.701615,1783330734.955,42.1425933,-1.5882129,303.44,47.06,0.66,-3.04,74.16
393,6.718711,1783330734.972,42.1425934,-1.5882112,303.46,47.08,0.64,-2.86,74.16
394,6.735807,1783330734.989,42.1425946,-1.5882193,303.22,46.84,0.62,-2.68,74.15
395,6.752903,1783330735.006,42.1425959,-1.5882111,303.25,46.87,0.61,-2.51,74.15
396,6.769999,1783330735.023,42.1425960,-1.5882092,303.27,46.89,0.60,-2.34,74.14
397,6.787095,1783330735.040,42.1425962,-1.5882073,303.29,46.91,0.60,-2.17,74.13
398,6.804191,1783330735.057,42.1425963,-1.5882054,303.32,46.94,0.59,-2.01,74.12
399,6.821287,1783330735.074,42.1425965,-1.5882036,303.34,46.96,0.59,-1.84,74.11
400,6.838383,1783330735.091,42.1425966,-1.5882017,303.36,46.98,0.58,-1.67,74.10
401,6.855479,1783330735.108,42.1425968,-1.5881998,303.38,47.00,0.60,-1.55,74.10
402,6.872575,1783330735.126,42.1425969,-1.5881979,303.40,47.02,0.64,-1.49,74.09
403,6.889671,1783330735.143,42.1425970,-1.5881961,303.43,47.05,0.68,-1.43,74.08
404,6.906767,1783330735.160,42.1425972,-1.5881942,303.45,47.07,0.73,-1.36,74.08
405,6.923862,1783330735.177,42.1425973,-1.5881923,303.47,47.09,0.77,-1.30,74.07
406,6.940958,1783330735.194,42.1425999,-1.5881918,303.26,46.88,0.81,-1.24,74.06
407,6.958054,1783330735.211,42.1426000,-1.5881899,303.28,46.90,0.85,-1.15,74.06
408,6.975150,1783330735.228,42.1426001,-1.5881881,303.31,46.93,0.88,-1.05,74.05
409,6.992246,1783330735.245,42.1426003,-1.5881863,303.33,46.95,0.92,-0.96,74.05
410,7.009342,1783330735.262,42.1426004,-1.5881844,303.35,46.97,0.95,-0.86,74.05
411,7.026438,1783330735.279,42.1426005,-1.5881826,303.38,47.00,0.99,-0.76,74.04
412,7.043534,1783330735.297,42.1426007,-1.5881807,303.40,47.02,1.02,-0.66,74.04
413,7.060630,1783330735.314,42.1426008,-1.5881789,303.42,47.04,1.03,-0.56,74.04
414,7.077726,1783330735.331,42.1426009,-1.5881771,303.44,47.06,1.04,-0.45,74.03
415,7.094822,1783330735.348,42.1426011,-1.5881752,303.47,47.09,1.04,-0.34,74.03
416,7.111918,1783330735.365,42.1426012,-1.5881734,303.49,47.11,1.05,-0.23,74.03
417,7.129014,1783330735.382,42.1426051,-1.5881772,303.06,46.68,1.05,-0.12,74.02
418,7.146110,1783330735.399,42.1426037,-1.5881733,303.26,46.88,1.06,-0.01,74.02
419,7.163206,1783330735.416,42.1426038,-1.5881717,303.28,46.90,1.08,0.10,74.01
420,7.180302,1783330735.433,42.1426039,-1.5881700,303.30,46.92,1.11,0.21,74.01
421,7.197398,1783330735.450,42.1426040,-1.5881684,303.33,46.95,1.13,0.33,74.00
422,7.214494,1783330735.467,42.1426041,-1.5881668,303.35,46.97,1.15,0.44,73.99
423,7.231590,1783330735.485,42.1426042,-1.5881652,303.37,46.99,1.18,0.55,73.99
424,7.248686,1783330735.502,42.1426044,-1.5881635,303.40,47.02,1.20,0.66,73.98
425,7.265782,1783330735.519,42.1426045,-1.5881619,303.42,47.04,1.23,0.74,73.97
426,7.282878,1783330735.536,42.1426046,-1.5881603,303.44,47.06,1.26,0.82,73.97
427,7.299974,1783330735.553,42.1426047,-1.5881587,303.47,47.09,1.29,0.90,73.96
428,7.317070,1783330735.570,42.1426048,-1.5881570,303.49,47.11,1.32,0.99,73.96
429,7.334165,1783330735.587,42.1426073,-1.5881568,303.25,46.87,1.36,1.07,73.95
430,7.351261,1783330735.604,42.1426074,-1.5881552,303.28,46.90,1.39,1.14,73.95
431,7.368357,1783330735.621,42.1426075,-1.5881537,303.30,46.92,1.43,1.16,73.94
432,7.385453,1783330735.638,42.1426076,-1.5881521,303.32,46.94,1.48,1.19,73.93
433,7.402549,1783330735.656,42.1426078,-1.5881505,303.35,46.97,1.52,1.21,73.93
434,7.419645,1783330735.673,42.1426079,-1.5881489,303.37,46.99,1.57,1.24,73.92
435,7.436741,1783330735.690,42.1426080,-1.5881473,303.40,47.02,1.61,1.26,73.91
436,7.453837,1783330735.707,42.1426081,-1.5881458,303.42,47.04,1.64,1.29,73.91
437,7.470933,1783330735.724,42.1426082,-1.5881442,303.44,47.06,1.65,1.32,73.89
438,7.488029,1783330735.741,42.1426083,-1.5881426,303.47,47.09,1.66,1.34,73.88
439,7.505125,1783330735.758,42.1426084,-1.5881410,303.49,47.11,1.66,1.37,73.86
440,7.522221,1783330735.775,42.1426085,-1.5881394,303.52,47.14,1.67,1.40,73.85
441,7.539317,1783330735.792,42.1426111,-1.5881393,303.27,46.89,1.68,1.43,73.84
442,7.556413,1783330735.809,42.1426112,-1.5881377,303.29,46.91,1.70,1.45,73.83
443,7.573509,1783330735.827,42.1426113,-1.5881362,303.32,46.94,1.74,1.46,73.83
444,7.590605,1783330735.844,42.1426114,-1.5881346,303.34,46.96,1.79,1.47,73.83
445,7.607701,1783330735.861,42.1426116,-1.5881331,303.37,46.99,1.83,1.48,73.83
446,7.624797,1783330735.878,42.1426117,-1.5881315,303.39,47.01,1.87,1.49,73.83
447,7.641893,1783330735.895,42.1426118,-1.5881300,303.41,47.03,1.92,1.50,73.83
448,7.658989,1783330735.912,42.1426119,-1.5881284,303.44,47.06,1.93,1.51,73.83
449,7.676085,1783330735.929,42.1426120,-1.5881269,303.46,47.08,1.93,1.52,73.83
450,7.693181,1783330735.946,42.1426121,-1.5881253,303.49,47.11,1.93,1.53,73.83
451,7.710277,1783330735.963,42.1426122,-1.5881238,303.51,47.13,1.92,1.54,73.84
452,7.727372,1783330735.980,42.1426123,-1.5881222,303.53,47.15,1.92,1.55,73.84
453,7.744468,1783330735.997,42.1426154,-1.5881273,303.10,46.72,1.92,1.56,73.84
454,7.761564,1783330736.015,42.1426150,-1.5881223,303.27,46.89,1.91,1.57,73.83
455,7.778660,1783330736.032,42.1426150,-1.5881204,303.30,46.92,1.90,1.58,73.82
456,7.795756,1783330736.049,42.1426151,-1.5881185,303.33,46.95,1.89,1.60,73.81
457,7.812852,1783330736.066,42.1426152,-1.5881167,303.36,46.98,1.87,1.61,73.80
458,7.829948,1783330736.083,42.1426153,-1.5881148,303.40,47.02,1.86,1.63,73.79
459,7.847044,1783330736.100,42.1426154,-1.5881129,303.43,47.05,1.85,1.64,73.78
460,7.864140,1783330736.117,42.1426155,-1.5881110,303.46,47.08,1.86,1.59,73.79
461,7.881236,1783330736.134,42.1426156,-1.5881092,303.49,47.11,1.87,1.53,73.80
462,7.898332,1783330736.151,42.1426157,-1.5881073,303.52,47.14,1.88,1.47,73.81
463,7.915428,1783330736.168,42.1426171,-1.5881145,303.21,46.83,1.88,1.42,73.81
464,7.932524,1783330736.186,42.1426184,-1.5881072,303.24,46.86,1.89,1.36,73.82
465,7.949620,1783330736.203,42.1426185,-1.5881057,303.27,46.89,1.90,1.31,73.83
466,7.966716,1783330736.220,42.1426185,-1.5881043,303.29,46.91,1.91,1.31,73.84
467,7.983812,1783330736.237,42.1426186,-1.5881028,303.32,46.94,1.91,1.32,73.86
468,8.000908,1783330736.254,42.1426187,-1.5881013,303.34,46.96,1.92,1.32,73.87
469,8.018004,1783330736.271,42.1426187,-1.5880999,303.37,46.99,1.92,1.32,73.88
470,8.035100,1783330736.288,42.1426188,-1.5880984,303.39,47.01,1.93,1.33,73.89
471,8.052196,1783330736.305,42.1426189,-1.5880970,303.42,47.04,1.93,1.32,73.90
472,8.069292,1783330736.322,42.1426189,-1.5880955,303.45,47.07,1.92,1.28,73.90
473,8.086388,1783330736.339,42.1426190,-1.5880940,303.47,47.09,1.91,1.25,73.91
474,8.103484,1783330736.356,42.1426191,-1.5880926,303.50,47.12,1.90,1.21,73.91
475,8.120579,1783330736.374,42.1426192,-1.5880911,303.52,47.14,1.89,1.18,73.91
476,8.137675,1783330736.391,42.1426210,-1.5880982,303.16,46.78,1.88,1.14,73.92
477,8.154771,1783330736.408,42.1426217,-1.5880914,303.23,46.85,1.86,1.11,73.92
478,8.171867,1783330736.425,42.1426218,-1.5880896,303.27,46.89,1.83,1.08,73.92
479,8.188963,1783330736.442,42.1426219,-1.5880878,303.30,46.92,1.81,1.05,73.92
480,8.206059,1783330736.459,42.1426219,-1.5880860,303.33,46.95,1.78,1.03,73.91
481,8.223155,1783330736.476,42.1426220,-1.5880842,303.37,46.99,1.76,1.00,73.91
482,8.240251,1783330736.493,42.1426221,-1.5880824,303.40,47.02,1.73,0.97,73.91
483,8.257347,1783330736.510,42.1426222,-1.5880807,303.43,47.05,1.70,0.97,73.90
484,8.274443,1783330736.527,42.1426222,-1.5880789,303.47,47.09,1.65,0.98,73.89
485,8.291539,1783330736.545,42.1426223,-1.5880771,303.50,47.12,1.61,0.99,73.88
486,8.308635,1783330736.562,42.1426224,-1.5880753,303.53,47.15,1.57,1.00,73.86
487,8.325731,1783330736.579,42.1426259,-1.5880800,303.02,46.64,1.53,1.01,73.85
488,8.342827,1783330736.596,42.1426250,-1.5880756,303.23,46.85,1.48,1.03,73.83
489,8.359923,1783330736.613,42.1426251,-1.5880740,303.26,46.88,1.41,0.97,73.82
490,8.377019,1783330736.630,42.1426251,-1.5880725,303.29,46.91,1.33,0.89,73.81
491,8.394115,1783330736.647,42.1426252,-1.5880709,303.32,46.94,1.25,0.81,73.80
492,8.411211,1783330736.664,42.1426252,-1.5880694,303.35,46.97,1.17,0.73,73.79
493,8.428307,1783330736.681,42.1426253,-1.5880678,303.38,47.00,1.09,0.65,73.77
494,8.445403,1783330736.698,42.1426253,-1.5880663,303.40,47.02,1.01,0.57,73.76
495,8.462499,1783330736.715,42.1426254,-1.5880647,303.43,47.05,0.93,0.65,73.75
496,8.479595,1783330736.733,42.1426254,-1.5880632,303.46,47.08,0.85,0.74,73.73
497,8.496691,1783330736.750,42.1426255,-1.5880616,303.49,47.11,0.77,0.84,73.72
498,8.513786,1783330736.767,42.1426267,-1.5880692,303.18,46.80,0.69,0.94,73.71
499,8.530882,1783330736.784,42.1426301,-1.5880636,302.94,46.56,0.61,1.04,73.69
500,8.547978,1783330736.801,42.1426282,-1.5880606,303.22,46.84,0.53,1.14,73.68
501,8.565074,1783330736.818,42.1426283,-1.5880592,303.24,46.86,0.42,1.08,73.63
502,8.582170,1783330736.835,42.1426283,-1.5880579,303.27,46.89,0.31,1.03,73.58
503,8.599266,1783330736.852,42.1426283,-1.5880565,303.30,46.92,0.20,0.98,73.53
504,8.616362,1783330736.869,42.1426284,-1.5880552,303.32,46.94,0.09,0.92,73.47
505,8.633458,1783330736.886,42.1426284,-1.5880538,303.35,46.97,-0.02,0.87,73.42
506,8.650554,1783330736.904,42.1426284,-1.5880525,303.38,47.00,-0.13,0.82,73.37
507,8.667650,1783330736.921,42.1426285,-1.5880511,303.41,47.03,-0.26,0.83,73.30
508,8.684746,1783330736.938,42.1426285,-1.5880498,303.43,47.05,-0.40,0.83,73.23
509,8.701842,1783330736.955,42.1426285,-1.5880484,303.46,47.08,-0.53,0.84,73.16
510,8.718938,1783330736.972,42.1426286,-1.5880471,303.49,47.11,-0.66,0.85,73.10
511,8.736034,1783330736.989,42.1426303,-1.5880540,303.14,46.76,-0.80,0.86,73.03
512,8.753130,1783330737.006,42.1426313,-1.5880475,303.19,46.81,-0.93,0.86,72.95
513,8.770226,1783330737.023,42.1426313,-1.5880459,303.22,46.84,-1.05,0.85,72.85
514,8.787322,1783330737.040,42.1426314,-1.5880443,303.26,46.88,-1.17,0.84,72.75
515,8.804418,1783330737.057,42.1426314,-1.5880426,303.29,46.91,-1.29,0.83,72.65
516,8.821514,1783330737.075,42.1426315,-1.5880410,303.32,46.94,-1.41,0.82,72.55
517,8.838610,1783330737.092,42.1426315,-1.5880394,303.35,46.97,-1.53,0.81,72.44
518,8.855706,1783330737.109,42.1426316,-1.5880377,303.38,47.00,-1.66,0.80,72.34
519,8.872802,1783330737.126,42.1426316,-1.5880361,303.42,47.04,-1.78,0.79,72.24
520,8.889898,1783330737.143,42.1426316,-1.5880345,303.45,47.07,-1.91,0.77,72.14
521,8.906993,1783330737.160,42.1426317,-1.5880328,303.48,47.10,-2.03,0.76,72.04
522,8.924089,1783330737.177,42.1426350,-1.5880376,303.01,46.63,-2.16,0.74,71.93
523,8.941185,1783330737.194,42.1426343,-1.5880332,303.18,46.80,-2.28,0.73,71.83
524,8.958281,1783330737.211,42.1426344,-1.5880318,303.20,46.82,-2.40,0.71,71.71
525,8.975377,1783330737.228,42.1426344,-1.5880304,303.23,46.85,-2.53,0.70,71.58
526,8.992473,1783330737.245,42.1426345,-1.5880290,303.26,46.88,-2.65,0.68,71.45
527,9.009569,1783330737.263,42.1426346,-1.5880276,303.29,46.91,-2.77,0.66,71.31
528,9.026665,1783330737.280,42.1426346,-1.5880262,303.32,46.94,-2.89,0.65,71.18
529,9.043761,1783330737.297,42.1426347,-1.5880248,303.35,46.97,-3.01,0.63,71.05
530,9.060857,1783330737.314,42.1426347,-1.5880234,303.38,47.00,-3.14,0.58,70.88
531,9.077953,1783330737.331,42.1426348,-1.5880220,303.41,47.03,-3.26,0.52,70.71
532,9.095049,1783330737.348,42.1426348,-1.5880206,303.44,47.06,-3.39,0.46,70.53
533,9.112145,1783330737.365,42.1426349,-1.5880192,303.47,47.09,-3.52,0.39,70.35
534,9.129241,1783330737.382,42.1426392,-1.5880228,302.91,46.53,-3.64,0.33,70.17
535,9.146337,1783330737.399,42.1426375,-1.5880197,303.17,46.79,-3.77,0.27,70.00
536,9.163433,1783330737.416,42.1426376,-1.5880185,303.20,46.82,-3.90,0.27,69.83
537,9.180529,1783330737.434,42.1426377,-1.5880173,303.22,46.84,-4.03,0.28,69.67
538,9.197625,1783330737.451,42.1426377,-1.5880161,303.25,46.87,-4.16,0.29,69.51
539,9.214721,1783330737.468,42.1426378,-1.5880148,303.27,46.89,-4.30,0.31,69.34
540,9.231817,1783330737.485,42.1426378,-1.5880136,303.30,46.92,-4.43,0.32,69.18
541,9.248913,1783330737.502,42.1426379,-1.5880124,303.32,46.94,-4.56,0.33,69.02
542,9.266009,1783330737.519,42.1426380,-1.5880112,303.35,46.97,-4.65,0.27,68.83
543,9.283105,1783330737.536,42.1426380,-1.5880100,303.38,47.00,-4.74,0.22,68.63
544,9.300200,1783330737.553,42.1426381,-1.5880088,303.40,47.02,-4.84,0.17,68.44
545,9.317296,1783330737.570,42.1426381,-1.5880076,303.43,47.05,-4.93,0.11,68.25
546,9.334392,1783330737.587,42.1426408,-1.5880078,303.13,46.75,-5.03,0.06,68.06
547,9.351488,1783330737.604,42.1426409,-1.5880066,303.16,46.78,-5.12,0.02,67.87
548,9.368584,1783330737.622,42.1426410,-1.5880053,303.19,46.81,-5.19,0.02,67.65
549,9.385680,1783330737.639,42.1426411,-1.5880040,303.22,46.84,-5.27,0.03,67.44
550,9.402776,1783330737.656,42.1426412,-1.5880027,303.25,46.87,-5.35,0.03,67.23
551,9.419872,1783330737.673,42.1426412,-1.5880014,303.28,46.90,-5.42,0.03,67.02
552,9.436968,1783330737.690,42.1426413,-1.5880001,303.30,46.92,-5.50,0.04,66.81
553,9.454064,1783330737.707,42.1426414,-1.5879988,303.33,46.95,-5.57,0.04,66.60
554,9.471160,1783330737.724,42.1426415,-1.5879975,303.36,46.98,-5.63,0.03,66.37
555,9.488256,1783330737.741,42.1426416,-1.5879962,303.39,47.01,-5.70,0.02,66.14
556,9.505352,1783330737.758,42.1426417,-1.5879949,303.42,47.04,-5.76,0.01,65.92
557,9.522448,1783330737.775,42.1426446,-1.5879996,302.98,46.60,-5.82,-0.00,65.69
558,9.539544,1783330737.793,42.1426443,-1.5879953,303.13,46.75,-5.88,-0.02,65.46
559,9.556640,1783330737.810,42.1426444,-1.5879942,303.16,46.78,-5.92,-0.03,65.23
560,9.573736,1783330737.827,42.1426445,-1.5879931,303.18,46.80,-5.94,-0.04,65.00
561,9.590832,1783330737.844,42.1426447,-1.5879920,303.20,46.82,-5.96,-0.06,64.76
562,9.607928,1783330737.861,42.1426448,-1.5879909,303.23,46.85,-5.98,-0.07,64.53
563,9.625024,1783330737.878,42.1426449,-1.5879898,303.25,46.87,-5.99,-0.09,64.29
564,9.642120,1783330737.895,42.1426450,-1.5879887,303.28,46.90,-6.01,-0.10,64.06
565,9.659216,1783330737.912,42.1426451,-1.5879876,303.30,46.92,-6.02,-0.11,63.83
566,9.676312,1783330737.929,42.1426452,-1.5879864,303.33,46.95,-6.03,-0.11,63.59
567,9.693407,1783330737.946,42.1426453,-1.5879853,303.35,46.97,-6.03,-0.11,63.36
568,9.710503,1783330737.964,42.1426454,-1.5879842,303.38,47.00,-6.03,-0.10,63.13
569,9.727599,1783330737.981,42.1426455,-1.5879831,303.40,47.02,-6.04,-0.10,62.89
570,9.744695,1783330737.998,42.1426488,-1.5879872,302.93,46.55,-6.04,-0.10,62.66
571,9.761791,1783330738.015,42.1426482,-1.5879834,303.12,46.74,-6.05,-0.11,62.42
572,9.778887,1783330738.032,42.1426483,-1.5879821,303.15,46.77,-6.06,-0.12,62.19
573,9.795983,1783330738.049,42.1426485,-1.5879807,303.18,46.80,-6.07,-0.13,61.95
574,9.813079,1783330738.066,42.1426487,-1.5879794,303.21,46.83,-6.08,-0.14,61.71
575,9.830175,1783330738.083,42.1426488,-1.5879781,303.25,46.87,-6.09,-0.15,61.47
576,9.847271,1783330738.100,42.1426490,-1.5879768,303.28,46.90,-6.10,-0.16,61.23
577,9.864367,1783330738.117,42.1426491,-1.5879754,303.31,46.93,-6.10,-0.19,60.97
578,9.881463,1783330738.134,42.1426493,-1.5879741,303.34,46.96,-6.10,-0.22,60.71
579,9.898559,1783330738.152,42.1426495,-1.5879728,303.37,46.99,-6.09,-0.25,60.44
580,9.915655,1783330738.169,42.1426508,-1.5879779,303.06,46.68,-6.09,-0.28,60.18
581,9.932751,1783330738.186,42.1426522,-1.5879729,303.09,46.71,-6.09,-0.31,59.92
582,9.949847,1783330738.203,42.1426524,-1.5879719,303.12,46.74,-6.09,-0.34,59.66
583,9.966943,1783330738.220,42.1426525,-1.5879709,303.14,46.76,-6.11,-0.30,59.41
584,9.984039,1783330738.237,42.1426527,-1.5879699,303.17,46.79,-6.12,-0.27,59.17
585,10.001135,1783330738.254,42.1426529,-1.5879689,303.19,46.81,-6.13,-0.23,58.92
586,10.018231,1783330738.271,42.1426530,-1.5879679,303.21,46.83,-6.15,-0.20,58.67
587,10.035327,1783330738.288,42.1426532,-1.5879669,303.24,46.86,-6.16,-0.16,58.42
588,10.052423,1783330738.305,42.1426533,-1.5879659,303.26,46.88,-6.17,-0.15,58.17
589,10.069519,1783330738.323,42.1426535,-1.5879649,303.29,46.91,-6.15,-0.18,57.91
590,10.086614,1783330738.340,42.1426537,-1.5879639,303.31,46.93,-6.14,-0.22,57.64
591,10.103710,1783330738.357,42.1426538,-1.5879629,303.34,46.96,-6.13,-0.25,57.38
592,10.120806,1783330738.374,42.1426540,-1.5879619,303.36,46.98,-6.12,-0.29,57.12
593,10.137902,1783330738.391,42.1426568,-1.5879621,303.08,46.70,-6.11,-0.32,56.85
594,10.154998,1783330738.408,42.1426570,-1.5879610,303.11,46.73,-6.10,-0.34,56.59
595,10.172094,1783330738.425,42.1426571,-1.5879599,303.13,46.75,-6.09,-0.33,56.34
596,10.189190,1783330738.442,42.1426573,-1.5879589,303.16,46.78,-6.08,-0.32,56.08
597,10.206286,1783330738.459,42.1426575,-1.5879578,303.19,46.81,-6.06,-0.31,55.82
598,10.223382,1783330738.476,42.1426577,-1.5879567,303.22,46.84,-6.05,-0.30,55.57
599,10.240478,1783330738.493,42.1426579,-1.5879557,303.24,46.86,-6.04,-0.29,55.31
600,10.257574,1783330738.511,42.1426581,-1.5879546,303.27,46.89,-6.05,-0.30,55.05
601,10.274670,1783330738.528,42.1426583,-1.5879536,303.30,46.92,-6.06,-0.31,54.78
602,10.291766,1783330738.545,42.1426585,-1.5879525,303.33,46.95,-6.08,-0.32,54.51
603,10.308862,1783330738.562,42.1426587,-1.5879514,303.35,46.97,-6.09,-0.33,54.24
604,10.325958,1783330738.579,42.1426622,-1.5879547,302.88,46.50,-6.10,-0.34,53.97
605,10.343054,1783330738.596,42.1426615,-1.5879517,303.08,46.70,-6.12,-0.35,53.69
606,10.360150,1783330738.613,42.1426618,-1.5879507,303.11,46.73,-6.11,-0.35,53.41
607,10.377246,1783330738.630,42.1426620,-1.5879497,303.13,46.75,-6.10,-0.36,53.13
608,10.394342,1783330738.647,42.1426622,-1.5879487,303.16,46.78,-6.09,-0.36,52.85
609,10.411438,1783330738.664,42.1426624,-1.5879477,303.19,46.81,-6.08,-0.36,52.56
610,10.428534,1783330738.682,42.1426626,-1.5879467,303.22,46.84,-6.06,-0.37,52.28
611,10.445630,1783330738.699,42.1426628,-1.5879457,303.25,46.87,-6.05,-0.37,52.00
612,10.462726,1783330738.716,42.1426631,-1.5879447,303.28,46.90,-6.04,-0.35,51.72
613,10.479822,1783330738.733,42.1426633,-1.5879437,303.31,46.93,-6.02,-0.33,51.44
614,10.496917,1783330738.750,42.1426635,-1.5879427,303.33,46.95,-6.01,-0.32,51.16
615,10.514013,1783330738.767,42.1426641,-1.5879476,303.04,46.66,-6.00,-0.30,50.88
616,10.531109,1783330738.784,42.1426685,-1.5879440,302.80,46.42,-5.98,-0.28,50.60
617,10.548205,1783330738.801,42.1426666,-1.5879421,303.07,46.69,-5.97,-0.26,50.32
618,10.565301,1783330738.818,42.1426668,-1.5879413,303.10,46.72,-6.00,-0.29,50.03
619,10.582397,1783330738.835,42.1426670,-1.5879404,303.13,46.75,-6.02,-0.31,49.74
620,10.599493,1783330738.852,42.1426672,-1.5879395,303.15,46.77,-6.05,-0.34,49.45
621,10.616589,1783330738.870,42.1426675,-1.5879387,303.18,46.80,-6.07,-0.36,49.15
622,10.633685,1783330738.887,42.1426677,-1.5879378,303.20,46.82,-6.10,-0.39,48.86
623,10.650781,1783330738.904,42.1426679,-1.5879370,303.23,46.85,-6.12,-0.41,48.57
624,10.667877,1783330738.921,42.1426681,-1.5879361,303.25,46.87,-6.13,-0.41,48.29
625,10.684973,1783330738.938,42.1426683,-1.5879353,303.28,46.90,-6.13,-0.41,48.00
626,10.702069,1783330738.955,42.1426685,-1.5879344,303.30,46.92,-6.14,-0.41,47.72
627,10.719165,1783330738.972,42.1426687,-1.5879336,303.33,46.95,-6.15,-0.41,47.44
628,10.736261,1783330738.989,42.1426698,-1.5879380,303.00,46.62,-6.16,-0.41,47.15
629,10.753357,1783330739.006,42.1426715,-1.5879340,303.06,46.68,-6.17,-0.43,46.86
630,10.770453,1783330739.023,42.1426718,-1.5879330,303.09,46.71,-6.18,-0.47,46.55
631,10.787549,1783330739.041,42.1426721,-1.5879320,303.13,46.75,-6.20,-0.52,46.25
632,10.804645,1783330739.058,42.1426724,-1.5879310,303.16,46.78,-6.22,-0.57,45.94
633,10.821741,1783330739.075,42.1426727,-1.5879300,303.19,46.81,-6.23,-0.62,45.63
634,10.838837,1783330739.092,42.1426730,-1.5879290,303.22,46.84,-6.25,-0.66,45.32
635,10.855933,1783330739.109,42.1426733,-1.5879280,303.25,46.87,-6.28,-0.71,45.03
636,10.873029,1783330739.126,42.1426736,-1.5879270,303.29,46.91,-6.32,-0.74,44.74
637,10.890124,1783330739.143,42.1426739,-1.5879260,303.32,46.94,-6.36,-0.77,44.46
638,10.907220,1783330739.160,42.1426742,-1.5879250,303.35,46.97,-6.40,-0.80,44.18
639,10.924316,1783330739.177,42.1426772,-1.5879280,302.88,46.50,-6.44,-0.84,43.89
640,10.941412,1783330739.194,42.1426771,-1.5879253,303.06,46.68,-6.48,-0.87,43.61
641,10.958508,1783330739.212,42.1426774,-1.5879246,303.09,46.71,-6.49,-0.91,43.31
642,10.975604,1783330739.229,42.1426776,-1.5879238,303.12,46.74,-6.49,-0.96,43.00
643,10.992700,1783330739.246,42.1426779,-1.5879231,303.15,46.77,-6.49,-1.01,42.70
644,11.009796,1783330739.263,42.1426781,-1.5879223,303.18,46.80,-6.50,-1.06,42.39
645,11.026892,1783330739.280,42.1426784,-1.5879216,303.21,46.83,-6.50,-1.11,42.09
646,11.043988,1783330739.297,42.1426786,-1.5879208,303.23,46.85,-6.50,-1.16,41.78
647,11.061084,1783330739.314,42.1426789,-1.5879201,303.26,46.88,-6.51,-1.22,41.49
648,11.078180,1783330739.331,42.1426791,-1.5879194,303.29,46.91,-6.52,-1.27,41.20
649,11.095276,1783330739.348,42.1426794,-1.5879186,303.32,46.94,-6.53,-1.33,40.91
650,11.112372,1783330739.365,42.1426796,-1.5879179,303.35,46.97,-6.55,-1.39,40.62
651,11.129468,1783330739.382,42.1426799,-1.5879171,303.38,47.00,-6.56,-1.45,40.33
652,11.146564,1783330739.400,42.1426828,-1.5879174,303.09,46.71,-6.57,-1.51,40.04
653,11.163660,1783330739.417,42.1426831,-1.5879166,303.12,46.74,-6.59,-1.54,39.73
654,11.180756,1783330739.434,42.1426834,-1.5879158,303.15,46.77,-6.62,-1.57,39.41
655,11.197852,1783330739.451,42.1426837,-1.5879151,303.18,46.80,-6.65,-1.60,39.09
656,11.214948,1783330739.468,42.1426840,-1.5879143,303.21,46.83,-6.67,-1.62,38.78
657,11.232044,1783330739.485,42.1426843,-1.5879135,303.24,46.86,-6.70,-1.65,38.46
658,11.249140,1783330739.502,42.1426846,-1.5879128,303.27,46.89,-6.72,-1.68,38.15
659,11.266236,1783330739.519,42.1426849,-1.5879120,303.30,46.92,-6.72,-1.71,37.84
660,11.283331,1783330739.536,42.1426852,-1.5879112,303.33,46.95,-6.72,-1.74,37.54
661,11.300427,1783330739.553,42.1426855,-1.5879104,303.36,46.98,-6.73,-1.77,37.24
662,11.317523,1783330739.571,42.1426867,-1.5879138,302.98,46.60,-6.73,-1.80,36.94
663,11.334619,1783330739.588,42.1426884,-1.5879108,303.06,46.68,-6.73,-1.83,36.63
664,11.351715,1783330739.605,42.1426887,-1.5879101,303.10,46.72,-6.73,-1.86,36.33
665,11.368811,1783330739.622,42.1426890,-1.5879094,303.13,46.75,-6.74,-1.90,36.01
666,11.385907,1783330739.639,42.1426894,-1.5879087,303.16,46.78,-6.75,-1.93,35.70
667,11.403003,1783330739.656,42.1426897,-1.5879080,303.19,46.81,-6.75,-1.97,35.39
668,11.420099,1783330739.673,42.1426900,-1.5879072,303.22,46.84,-6.76,-2.01,35.07
669,11.437195,1783330739.690,42.1426903,-1.5879065,303.25,46.87,-6.77,-2.05,34.76
670,11.454291,1783330739.707,42.1426906,-1.5879058,303.28,46.90,-6.77,-2.08,34.44
671,11.471387,1783330739.724,42.1426909,-1.5879051,303.31,46.93,-6.79,-2.11,34.12
672,11.488483,1783330739.741,42.1426912,-1.5879044,303.35,46.97,-6.80,-2.14,33.80
673,11.505579,1783330739.759,42.1426915,-1.5879037,303.38,47.00,-6.81,-2.17,33.47
674,11.522675,1783330739.776,42.1426942,-1.5879064,302.91,46.53,-6.82,-2.20,33.15
675,11.539771,1783330739.793,42.1426945,-1.5879041,303.06,46.68,-6.83,-2.23,32.83
676,11.556867,1783330739.810,42.1426948,-1.5879036,303.09,46.71,-6.84,-2.26,32.51
677,11.573963,1783330739.827,42.1426951,-1.5879030,303.12,46.74,-6.85,-2.31,32.20
678,11.591059,1783330739.844,42.1426954,-1.5879024,303.15,46.77,-6.86,-2.35,31.88
679,11.608155,1783330739.861,42.1426957,-1.5879018,303.18,46.80,-6.86,-2.39,31.57
680,11.625251,1783330739.878,42.1426960,-1.5879012,303.21,46.83,-6.87,-2.43,31.26
681,11.642347,1783330739.895,42.1426963,-1.5879006,303.24,46.86,-6.88,-2.48,30.94
682,11.659443,1783330739.912,42.1426966,-1.5879000,303.27,46.89,-6.89,-2.54,30.62
683,11.676538,1783330739.930,42.1426969,-1.5878994,303.30,46.92,-6.90,-2.62,30.31
684,11.693634,1783330739.947,42.1426972,-1.5878988,303.33,46.95,-6.91,-2.70,29.99
685,11.710730,1783330739.964,42.1426975,-1.5878982,303.36,46.98,-6.92,-2.77,29.67
686,11.727826,1783330739.981,42.1426978,-1.5878977,303.39,47.01,-6.93,-2.85,29.35
687,11.744922,1783330739.998,42.1427011,-1.5879001,302.87,46.49,-6.94,-2.93,29.03
688,11.762018,1783330740.015,42.1427007,-1.5878979,303.11,46.73,-6.93,-2.98,28.73
689,11.779114,1783330740.032,42.1427011,-1.5878973,303.14,46.76,-6.92,-3.03,28.44
690,11.796210,1783330740.049,42.1427015,-1.5878966,303.18,46.80,-6.92,-3.09,28.14
691,11.813306,1783330740.066,42.1427019,-1.5878960,303.22,46.84,-6.91,-3.14,27.85
692,11.830402,1783330740.083,42.1427023,-1.5878953,303.25,46.87,-6.90,-3.19,27.55
693,11.847498,1783330740.100,42.1427028,-1.5878947,303.29,46.91,-6.89,-3.24,27.25
694,11.864594,1783330740.118,42.1427032,-1.5878940,303.32,46.94,-6.90,-3.31,26.93
695,11.881690,1783330740.135,42.1427036,-1.5878934,303.36,46.98,-6.91,-3.38,26.61
696,11.898786,1783330740.152,42.1427040,-1.5878927,303.39,47.01,-6.93,-3.45,26.28
697,11.915882,1783330740.169,42.1427049,-1.5878953,303.04,46.66,-6.94,-3.53,25.96
698,11.932978,1783330740.186,42.1427072,-1.5878931,303.07,46.69,-6.95,-3.60,25.63
699,11.950074,1783330740.203,42.1427076,-1.5878926,303.11,46.73,-6.96,-3.67,25.31
700,11.967170,1783330740.220,42.1427079,-1.5878920,303.14,46.76,-6.98,-3.74,25.01
701,11.984266,1783330740.237,42.1427083,-1.5878915,303.17,46.79,-7.00,-3.80,24.71
702,12.001362,1783330740.254,42.1427087,-1.5878910,303.21,46.83,-7.01,-3.87,24.41
703,12.018458,1783330740.271,42.1427090,-1.5878905,303.24,46.86,-7.03,-3.94,24.11
704,12.035554,1783330740.289,42.1427094,-1.5878899,303.28,46.90,-7.05,-4.00,23.81
705,12.052650,1783330740.306,42.1427097,-1.5878894,303.31,46.93,-7.06,-4.07,23.51
706,12.069745,1783330740.323,42.1427101,-1.5878889,303.34,46.96,-7.05,-4.13,23.20
707,12.086841,1783330740.340,42.1427105,-1.5878884,303.38,47.00,-7.04,-4.19,22.90
708,12.103937,1783330740.357,42.1427108,-1.5878879,303.41,47.03,-7.03,-4.26,22.60
709,12.121033,1783330740.374,42.1427131,-1.5878902,302.93,46.55,-7.02,-4.32,22.29
710,12.138129,1783330740.391,42.1427140,-1.5878884,303.09,46.71,-7.01,-4.38,21.99
711,12.155225,1783330740.408,42.1427144,-1.5878879,303.12,46.74,-7.00,-4.45,21.69
712,12.172321,1783330740.425,42.1427147,-1.5878875,303.15,46.77,-6.98,-4.52,21.38
713,12.189417,1783330740.442,42.1427150,-1.5878870,303.18,46.80,-6.96,-4.59,21.07
714,12.206513,1783330740.460,42.1427154,-1.5878866,303.21,46.83,-6.93,-4.66,20.76
715,12.223609,1783330740.477,42.1427157,-1.5878862,303.24,46.86,-6.91,-4.73,20.45
716,12.240705,1783330740.494,42.1427161,-1.5878857,303.26,46.88,-6.89,-4.80,20.15
717,12.257801,1783330740.511,42.1427164,-1.5878853,303.29,46.91,-6.88,-4.85,19.84
718,12.274897,1783330740.528,42.1427168,-1.5878849,303.32,46.94,-6.89,-4.90,19.54
719,12.291993,1783330740.545,42.1427171,-1.5878844,303.35,46.97,-6.90,-4.94,19.24
720,12.309089,1783330740.562,42.1427174,-1.5878840,303.38,47.00,-6.90,-4.98,18.94
721,12.326185,1783330740.579,42.1427178,-1.5878836,303.41,47.03,-6.91,-5.02,18.64
722,12.343281,1783330740.596,42.1427212,-1.5878840,303.08,46.70,-6.92,-5.06,18.34
723,12.360377,1783330740.613,42.1427216,-1.5878836,303.12,46.74,-6.91,-5.10,18.04
724,12.377473,1783330740.630,42.1427220,-1.5878832,303.15,46.77,-6.89,-5.15,17.74
725,12.394569,1783330740.648,42.1427224,-1.5878828,303.19,46.81,-6.88,-5.20,17.43
726,12.411665,1783330740.665,42.1427227,-1.5878824,303.22,46.84,-6.86,-5.24,17.13
727,12.428761,1783330740.682,42.1427231,-1.5878819,303.26,46.88,-6.85,-5.29,16.83
728,12.445857,1783330740.699,42.1427235,-1.5878815,303.29,46.91,-6.83,-5.33,16.53
729,12.462952,1783330740.716,42.1427239,-1.5878811,303.33,46.95,-6.81,-5.35,16.22
730,12.480048,1783330740.733,42.1427243,-1.5878807,303.36,46.98,-6.79,-5.36,15.92
731,12.497144,1783330740.750,42.1427247,-1.5878803,303.40,47.02,-6.77,-5.37,15.62
732,12.514240,1783330740.767,42.1427248,-1.5878824,303.04,46.66,-6.75,-5.38,15.32
733,12.531336,1783330740.784,42.1427307,-1.5878815,302.75,46.37,-6.73,-5.39,15.02
734,12.548432,1783330740.801,42.1427285,-1.5878805,303.10,46.72,-6.71,-5.40,14.72
735,12.565528,1783330740.819,42.1427288,-1.5878802,303.13,46.75,-6.70,-5.43,14.41
736,12.582624,1783330740.836,42.1427292,-1.5878798,303.16,46.78,-6.69,-5.47,14.11
737,12.599720,1783330740.853,42.1427296,-1.5878795,303.19,46.81,-6.68,-5.50,13.80
738,12.616816,1783330740.870,42.1427300,-1.5878792,303.23,46.85,-6.67,-5.53,13.49
739,12.633912,1783330740.887,42.1427303,-1.5878788,303.26,46.88,-6.66,-5.56,13.19
740,12.651008,1783330740.904,42.1427307,-1.5878785,303.29,46.91,-6.65,-5.60,12.88
741,12.668104,1783330740.921,42.1427311,-1.5878782,303.32,46.94,-6.64,-5.63,12.59
742,12.685200,1783330740.938,42.1427315,-1.5878778,303.35,46.97,-6.63,-5.66,12.30
743,12.702296,1783330740.955,42.1427318,-1.5878775,303.38,47.00,-6.62,-5.70,12.01
744,12.719392,1783330740.972,42.1427322,-1.5878772,303.42,47.04,-6.61,-5.73,11.72
745,12.736488,1783330740.989,42.1427331,-1.5878791,303.00,46.62,-6.60,-5.77,11.42
746,12.753584,1783330741.007,42.1427357,-1.5878778,303.06,46.68,-6.58,-5.81,11.13
747,12.770680,1783330741.024,42.1427362,-1.5878774,303.10,46.72,-6.55,-5.85,10.84
748,12.787776,1783330741.041,42.1427367,-1.5878771,303.14,46.76,-6.52,-5.90,10.55
749,12.804872,1783330741.058,42.1427372,-1.5878767,303.18,46.80,-6.49,-5.94,10.26
750,12.821968,1783330741.075,42.1427377,-1.5878764,303.22,46.84,-6.46,-5.99,9.97
751,12.839064,1783330741.092,42.1427381,-1.5878760,303.27,46.89,-6.43,-6.04,9.68
752,12.856159,1783330741.109,42.1427386,-1.5878757,303.31,46.93,-6.40,-6.08,9.40
753,12.873255,1783330741.126,42.1427391,-1.5878753,303.35,46.97,-6.38,-6.13,9.12
754,12.890351,1783330741.143,42.1427396,-1.5878750,303.39,47.01,-6.37,-6.17,8.85
755,12.907447,1783330741.160,42.1427401,-1.5878746,303.43,47.05,-6.35,-6.22,8.57
756,12.924543,1783330741.178,42.1427435,-1.5878763,302.85,46.47,-6.33,-6.27,8.30
757,12.941639,1783330741.195,42.1427436,-1.5878753,303.08,46.70,-6.32,-6.31,8.02
758,12.958735,1783330741.212,42.1427440,-1.5878751,303.11,46.73,-6.30,-6.37,7.75
759,12.975831,1783330741.229,42.1427444,-1.5878748,303.14,46.76,-6.28,-6.42,7.49
760,12.992927,1783330741.246,42.1427448,-1.5878746,303.18,46.80,-6.26,-6.48,7.23
761,13.010023,1783330741.263,42.1427452,-1.5878744,303.21,46.83,-6.24,-6.54,6.96
762,13.027119,1783330741.280,42.1427456,-1.5878742,303.24,46.86,-6.22,-6.59,6.70
763,13.044215,1783330741.297,42.1427460,-1.5878739,303.28,46.90,-6.20,-6.65,6.44
764,13.061311,1783330741.314,42.1427464,-1.5878737,303.31,46.93,-6.19,-6.72,6.16
765,13.078407,1783330741.331,42.1427468,-1.5878735,303.34,46.96,-6.17,-6.79,5.88
766,13.095503,1783330741.349,42.1427472,-1.5878733,303.38,47.00,-6.16,-6.87,5.61
767,13.112599,1783330741.366,42.1427476,-1.5878731,303.41,47.03,-6.14,-6.94,5.33
768,13.129695,1783330741.383,42.1427480,-1.5878728,303.44,47.06,-6.13,-7.01,5.05
769,13.146791,1783330741.400,42.1427523,-1.5878744,302.81,46.43,-6.11,-7.09,4.78
770,13.163887,1783330741.417,42.1427517,-1.5878736,303.09,46.71,-6.10,-7.13,4.53
771,13.180983,1783330741.434,42.1427523,-1.5878733,303.13,46.75,-6.08,-7.18,4.30
772,13.198079,1783330741.451,42.1427528,-1.5878731,303.17,46.79,-6.07,-7.23,4.06
773,13.215175,1783330741.468,42.1427533,-1.5878729,303.21,46.83,-6.06,-7.27,3.82
774,13.232271,1783330741.485,42.1427538,-1.5878727,303.25,46.87,-6.04,-7.32,3.58
775,13.249367,1783330741.502,42.1427544,-1.5878724,303.30,46.92,-6.03,-7.37,3.34
776,13.266462,1783330741.519,42.1427549,-1.5878722,303.34,46.96,-6.02,-7.44,3.09
777,13.283558,1783330741.537,42.1427554,-1.5878720,303.38,47.00,-6.01,-7.51,2.84
778,13.300654,1783330741.554,42.1427559,-1.5878718,303.42,47.04,-6.00,-7.58,2.59
779,13.317750,1783330741.571,42.1427572,-1.5878731,302.97,46.59,-6.00,-7.65,2.34
780,13.334846,1783330741.588,42.1427596,-1.5878725,303.07,46.69,-5.99,-7.72,2.09
781,13.351942,1783330741.605,42.1427601,-1.5878723,303.10,46.72,-5.97,-7.79,1.84
782,13.369038,1783330741.622,42.1427606,-1.5878722,303.14,46.76,-5.95,-7.85,1.58
783,13.386134,1783330741.639,42.1427611,-1.5878721,303.18,46.80,-5.92,-7.92,1.33
784,13.403230,1783330741.656,42.1427616,-1.5878719,303.22,46.84,-5.89,-7.99,1.07
785,13.420326,1783330741.673,42.1427621,-1.5878718,303.26,46.88,-5.86,-8.06,0.82
786,13.437422,1783330741.690,42.1427626,-1.5878716,303.29,46.91,-5.84,-8.13,0.57
787,13.454518,1783330741.708,42.1427631,-1.5878715,303.33,46.95,-5.81,-8.18,0.33
788,13.471614,1783330741.725,42.1427636,-1.5878713,303.37,46.99,-5.78,-8.22,0.12
789,13.488710,1783330741.742,42.1427641,-1.5878712,303.41,47.03,-5.75,-8.25,359.91
790,13.505806,1783330741.759,42.1427646,-1.5878711,303.44,47.06,-5.73,-8.29,359.70
791,13.522902,1783330741.776,42.1427656,-1.5878723,302.97,46.59,-5.70,-8.32,359.49
792,13.539998,1783330741.793,42.1427688,-1.5878725,302.81,46.43,-5.67,-8.35,359.28
793,13.557094,1783330741.810,42.1427679,-1.5878717,303.10,46.72,-5.64,-8.39,359.05
794,13.574190,1783330741.827,42.1427684,-1.5878716,303.13,46.75,-5.61,-8.43,358.80
795,13.591286,1783330741.844,42.1427689,-1.5878715,303.16,46.78,-5.58,-8.46,358.55
796,13.608382,1783330741.861,42.1427694,-1.5878715,303.20,46.82,-5.55,-8.50,358.31
797,13.625478,1783330741.878,42.1427699,-1.5878714,303.23,46.85,-5.52,-8.53,358.06
798,13.642574,1783330741.896,42.1427704,-1.5878713,303.26,46.88,-5.49,-8.57,357.81
799,13.659669,1783330741.913,42.1427709,-1.5878713,303.29,46.91,-5.47,-8.61,357.59
800,13.676765,1783330741.930,42.1427713,-1.5878712,303.33,46.95,-5.47,-8.65,357.37
801,13.693861,1783330741.947,42.1427718,-1.5878711,303.36,46.98,-5.46,-8.69,357.15
802,13.710957,1783330741.964,42.1427723,-1.5878711,303.39,47.01,-5.45,-8.73,356.92
803,13.728053,1783330741.981,42.1427728,-1.5878710,303.42,47.04,-5.44,-8.76,356.70
804,13.745149,1783330741.998,42.1427733,-1.5878709,303.46,47.08,-5.43,-8.80,356.48
805,13.762245,1783330742.015,42.1427761,-1.5878721,302.89,46.51,-5.41,-8.83,356.28
806,13.779341,1783330742.032,42.1427769,-1.5878716,303.11,46.73,-5.39,-8.85,356.08
807,13.796437,1783330742.049,42.1427776,-1.5878716,303.15,46.77,-5.37,-8.87,355.88
808,13.813533,1783330742.067,42.1427784,-1.5878715,303.20,46.82,-5.34,-8.90,355.67
809,13.830629,1783330742.084,42.1427791,-1.5878715,303.24,46.86,-5.32,-8.92,355.47
810,13.847725,1783330742.101,42.1427798,-1.5878715,303.29,46.91,-5.30,-8.94,355.27
811,13.864821,1783330742.118,42.1427806,-1.5878715,303.33,46.95,-5.28,-8.96,355.05
812,13.881917,1783330742.135,42.1427813,-1.5878714,303.38,47.00,-5.26,-8.97,354.82
813,13.899013,1783330742.152,42.1427820,-1.5878714,303.42,47.04,-5.24,-8.99,354.59
814,13.916109,1783330742.169,42.1427821,-1.5878720,303.05,46.67,-5.22,-9.00,354.37
815,13.933205,1783330742.186,42.1427854,-1.5878725,302.88,46.50,-5.20,-9.02,354.14
816,13.950301,1783330742.203,42.1427888,-1.5878730,302.70,46.32,-5.18,-9.04,353.92
817,13.967397,1783330742.220,42.1427863,-1.5878722,303.12,46.74,-5.18,-9.11,353.74
818,13.984493,1783330742.237,42.1427869,-1.5878723,303.16,46.78,-5.17,-9.17,353.55
819,14.001589,1783330742.255,42.1427876,-1.5878723,303.20,46.82,-5.17,-9.24,353.36
820,14.018685,1783330742.272,42.1427883,-1.5878723,303.24,46.86,-5.17,-9.31,353.17
821,14.035781,1783330742.289,42.1427889,-1.5878724,303.28,46.90,-5.16,-9.37,352.98
822,14.052876,1783330742.306,42.1427896,-1.5878724,303.32,46.94,-5.15,-9.43,352.80
823,14.069972,1783330742.323,42.1427902,-1.5878724,303.36,46.98,-5.13,-9.45,352.61
824,14.087068,1783330742.340,42.1427909,-1.5878725,303.40,47.02,-5.11,-9.47,352.43
825,14.104164,1783330742.357,42.1427916,-1.5878725,303.44,47.06,-5.09,-9.49,352.25
826,14.121260,1783330742.374,42.1427923,-1.5878730,303.00,46.62,-5.07,-9.52,352.06
827,14.138356,1783330742.391,42.1427957,-1.5878737,302.82,46.44,-5.05,-9.54,351.88
828,14.155452,1783330742.408,42.1427952,-1.5878733,303.09,46.71,-5.01,-9.56,351.69
829,14.172548,1783330742.426,42.1427959,-1.5878734,303.13,46.75,-4.95,-9.60,351.50
830,14.189644,1783330742.443,42.1427966,-1.5878735,303.17,46.79,-4.89,-9.63,351.30
831,14.206740,1783330742.460,42.1427972,-1.5878736,303.21,46.83,-4.83,-9.66,351.11
832,14.223836,1783330742.477,42.1427979,-1.5878737,303.25,46.87,-4.77,-9.69,350.91
833,14.240932,1783330742.494,42.1427986,-1.5878738,303.29,46.91,-4.70,-9.73,350.72
834,14.258028,1783330742.511,42.1427993,-1.5878739,303.33,46.95,-4.65,-9.75,350.54
835,14.275124,1783330742.528,42.1427999,-1.5878740,303.37,46.99,-4.59,-9.78,350.38
836,14.292220,1783330742.545,42.1428006,-1.5878741,303.41,47.03,-4.53,-9.80,350.22
837,14.309316,1783330742.562,42.1428013,-1.5878742,303.45,47.07,-4.47,-9.83,350.06
838,14.326412,1783330742.579,42.1428058,-1.5878754,302.79,46.41,-4.41,-9.85,349.89
839,14.343508,1783330742.597,42.1428051,-1.5878751,303.10,46.72,-4.35,-9.87,349.73
840,14.360604,1783330742.614,42.1428057,-1.5878752,303.14,46.76,-4.27,-9.89,349.59
841,14.377700,1783330742.631,42.1428064,-1.5878754,303.18,46.80,-4.18,-9.91,349.45
842,14.394796,1783330742.648,42.1428070,-1.5878755,303.21,46.83,-4.08,-9.92,349.31
843,14.411892,1783330742.665,42.1428076,-1.5878756,303.25,46.87,-3.99,-9.94,349.17
844,14.428988,1783330742.682,42.1428082,-1.5878758,303.28,46.90,-3.89,-9.95,349.03
845,14.446083,1783330742.699,42.1428089,-1.5878759,303.32,46.94,-3.80,-9.97,348.90
846,14.463179,1783330742.716,42.1428095,-1.5878760,303.36,46.98,-3.69,-9.99,348.77
847,14.480275,1783330742.733,42.1428101,-1.5878761,303.39,47.01,-3.58,-10.02,348.65
848,14.497371,1783330742.750,42.1428107,-1.5878763,303.43,47.05,-3.47,-10.04,348.53
849,14.514467,1783330742.767,42.1428102,-1.5878763,303.06,46.68,-3.36,-10.06,348.41
850,14.531563,1783330742.785,42.1428137,-1.5878771,302.89,46.51,-3.25,-10.09,348.29
851,14.548659,1783330742.802,42.1428173,-1.5878779,302.71,46.33,-3.13,-10.11,348.16
852,14.565755,1783330742.819,42.1428150,-1.5878773,303.11,46.73,-3.00,-10.09,348.05
853,14.582851,1783330742.836,42.1428157,-1.5878775,303.14,46.76,-2.87,-10.07,347.94
854,14.599947,1783330742.853,42.1428163,-1.5878777,303.18,46.80,-2.74,-10.06,347.82
855,14.617043,1783330742.870,42.1428170,-1.5878779,303.21,46.83,-2.61,-10.04,347.71
856,14.634139,1783330742.887,42.1428177,-1.5878781,303.25,46.87,-2.48,-10.02,347.59
857,14.651235,1783330742.904,42.1428183,-1.5878782,303.28,46.90,-2.35,-10.02,347.48
858,14.668331,1783330742.921,42.1428190,-1.5878784,303.32,46.94,-2.22,-10.09,347.39
859,14.685427,1783330742.938,42.1428197,-1.5878786,303.35,46.97,-2.08,-10.15,347.30
860,14.702523,1783330742.956,42.1428203,-1.5878788,303.39,47.01,-1.95,-10.21,347.21
861,14.719619,1783330742.973,42.1428210,-1.5878790,303.42,47.04,-1.81,-10.28,347.12
862,14.736715,1783330742.990,42.1428217,-1.5878792,302.98,46.60,-1.68,-10.34,347.03
863,14.753811,1783330743.007,42.1428248,-1.5878799,303.09,46.71,-1.55,-10.37,346.95
864,14.770907,1783330743.024,42.1428255,-1.5878802,303.13,46.75,-1.42,-10.35,346.88
865,14.788003,1783330743.041,42.1428263,-1.5878804,303.17,46.79,-1.29,-10.32,346.81
866,14.805099,1783330743.058,42.1428271,-1.5878807,303.21,46.83,-1.16,-10.29,346.74
867,14.822195,1783330743.075,42.1428279,-1.5878809,303.25,46.87,-1.03,-10.27,346.67
868,14.839290,1783330743.092,42.1428287,-1.5878811,303.29,46.91,-0.90,-10.24,346.60
869,14.856386,1783330743.109,42.1428294,-1.5878814,303.32,46.94,-0.77,-10.25,346.54
870,14.873482,1783330743.126,42.1428302,-1.5878816,303.36,46.98,-0.65,-10.30,346.49
871,14.890578,1783330743.144,42.1428310,-1.5878819,303.40,47.02,-0.52,-10.35,346.44
872,14.907674,1783330743.161,42.1428318,-1.5878821,303.44,47.06,-0.39,-10.39,346.39
873,14.924770,1783330743.178,42.1428328,-1.5878823,302.96,46.58,-0.26,-10.44,346.34
874,14.941866,1783330743.195,42.1428364,-1.5878833,302.78,46.40,-0.13,-10.48,346.30
875,14.958962,1783330743.212,42.1428355,-1.5878831,303.09,46.71,-0.01,-10.51,346.27
876,14.976058,1783330743.229,42.1428362,-1.5878833,303.13,46.75,0.10,-10.53,346.25
877,14.993154,1783330743.246,42.1428369,-1.5878836,303.16,46.78,0.21,-10.55,346.23
878,15.010250,1783330743.263,42.1428376,-1.5878838,303.20,46.82,0.33,-10.56,346.21
879,15.027346,1783330743.280,42.1428384,-1.5878840,303.23,46.85,0.44,-10.58,346.19
880,15.044442,1783330743.297,42.1428391,-1.5878843,303.27,46.89,0.55,-10.60,346.17
881,15.061538,1783330743.315,42.1428398,-1.5878845,303.30,46.92,0.66,-10.61,346.16
882,15.078634,1783330743.332,42.1428405,-1.5878848,303.34,46.96,0.76,-10.62,346.15
883,15.095730,1783330743.349,42.1428413,-1.5878850,303.37,46.99,0.87,-10.63,346.13
884,15.112826,1783330743.366,42.1428420,-1.5878852,303.41,47.03,0.98,-10.64,346.12
885,15.129922,1783330743.383,42.1428427,-1.5878855,303.45,47.07,1.09,-10.65,346.10
886,15.147018,1783330743.400,42.1428466,-1.5878865,303.11,46.73,1.20,-10.66,346.09
887,15.164114,1783330743.417,42.1428473,-1.5878867,303.14,46.76,1.28,-10.70,346.08
888,15.181210,1783330743.434,42.1428479,-1.5878870,303.17,46.79,1.36,-10.74,346.07
889,15.198306,1783330743.451,42.1428486,-1.5878872,303.20,46.82,1.44,-10.78,346.06
890,15.215402,1783330743.468,42.1428493,-1.5878875,303.23,46.85,1.52,-10.82,346.05
891,15.232497,1783330743.485,42.1428500,-1.5878877,303.27,46.89,1.61,-10.85,346.04
892,15.249593,1783330743.503,42.1428506,-1.5878879,303.30,46.92,1.69,-10.89,346.03
893,15.266689,1783330743.520,42.1428513,-1.5878882,303.33,46.95,1.74,-10.88,346.03
894,15.283785,1783330743.537,42.1428520,-1.5878884,303.36,46.98,1.79,-10.87,346.03
895,15.300881,1783330743.554,42.1428527,-1.5878887,303.39,47.01,1.84,-10.86,346.04
896,15.317977,1783330743.571,42.1428533,-1.5878889,303.42,47.04,1.89,-10.85,346.04
897,15.335073,1783330743.588,42.1428573,-1.5878899,303.07,46.69,1.94,-10.85,346.04
898,15.352169,1783330743.605,42.1428580,-1.5878902,303.10,46.72,1.98,-10.84,346.04
899,15.369265,1783330743.622,42.1428587,-1.5878904,303.13,46.75,2.00,-10.86,346.04
900,15.386361,1783330743.639,42.1428594,-1.5878907,303.16,46.78,2.01,-10.88,346.05
901,15.403457,1783330743.656,42.1428601,-1.5878909,303.20,46.82,2.03,-10.90,346.05
902,15.420553,1783330743.674,42.1428608,-1.5878911,303.23,46.85,2.05,-10.91,346.05
903,15.437649,1783330743.691,42.1428615,-1.5878914,303.26,46.88,2.06,-10.93,346.06
904,15.454745,1783330743.708,42.1428622,-1.5878916,303.29,46.91,2.07,-10.93,346.07
905,15.471841,1783330743.725,42.1428629,-1.5878919,303.33,46.95,2.07,-10.90,346.08
906,15.488937,1783330743.742,42.1428636,-1.5878921,303.36,46.98,2.07,-10.88,346.09
907,15.506033,1783330743.759,42.1428643,-1.5878923,303.39,47.01,2.06,-10.85,346.11
908,15.523129,1783330743.776,42.1428650,-1.5878926,303.42,47.04,2.06,-10.83,346.12
909,15.540225,1783330743.793,42.1428692,-1.5878937,303.05,46.67,2.06,-10.80,346.13
910,15.557321,1783330743.810,42.1428699,-1.5878939,303.08,46.70,2.04,-10.80,346.15
911,15.574417,1783330743.827,42.1428706,-1.5878942,303.12,46.74,2.01,-10.81,346.17
912,15.591513,1783330743.845,42.1428713,-1.5878944,303.15,46.77,1.98,-10.82,346.20
913,15.608609,1783330743.862,42.1428720,-1.5878947,303.19,46.81,1.94,-10.83,346.22
914,15.625704,1783330743.879,42.1428727,-1.5878949,303.22,46.84,1.91,-10.84,346.24
915,15.642800,1783330743.896,42.1428734,-1.5878951,303.26,46.88,1.88,-10.85,346.26
916,15.659896,1783330743.913,42.1428741,-1.5878954,303.29,46.91,1.84,-10.85,346.29
917,15.676992,1783330743.930,42.1428748,-1.5878956,303.33,46.95,1.81,-10.85,346.31
918,15.694088,1783330743.947,42.1428755,-1.5878959,303.36,46.98,1.77,-10.85,346.33
919,15.711184,1783330743.964,42.1428762,-1.5878961,303.40,47.02,1.73,-10.84,346.35
920,15.728280,1783330743.981,42.1428769,-1.5878963,303.43,47.05,1.69,-10.84,346.37
921,15.745376,1783330743.998,42.1428776,-1.5878962,302.90,46.52,1.66,-10.84,346.40
922,15.762472,1783330744.015,42.1428816,-1.5878974,302.73,46.35,1.63,-10.85,346.40
923,15.779568,1783330744.033,42.1428810,-1.5878974,303.05,46.67,1.60,-10.86,346.39
924,15.796664,1783330744.050,42.1428819,-1.5878977,303.09,46.71,1.58,-10.87,346.39
925,15.813760,1783330744.067,42.1428828,-1.5878980,303.14,46.76,1.55,-10.88,346.38
926,15.830856,1783330744.084,42.1428837,-1.5878983,303.18,46.80,1.53,-10.89,346.38
927,15.847952,1783330744.101,42.1428847,-1.5878986,303.23,46.85,1.50,-10.90,346.37
928,15.865048,1783330744.118,42.1428856,-1.5878989,303.27,46.89,1.46,-10.97,346.38
929,15.882144,1783330744.135,42.1428865,-1.5878992,303.32,46.94,1.42,-11.03,346.40
930,15.899240,1783330744.152,42.1428874,-1.5878994,303.36,46.98,1.38,-11.10,346.41
931,15.916336,1783330744.169,42.1428883,-1.5878997,303.41,47.03,1.34,-11.17,346.42
932,15.933432,1783330744.186,42.1428929,-1.5879010,303.02,46.64,1.29,-11.23,346.44
933,15.950528,1783330744.204,42.1428937,-1.5879013,303.06,46.68,1.25,-11.29,346.45
934,15.967624,1783330744.221,42.1428945,-1.5879015,303.10,46.72,1.21,-11.27,346.45
935,15.984720,1783330744.238,42.1428952,-1.5879017,303.13,46.75,1.18,-11.26,346.46
936,16.001816,1783330744.255,42.1428960,-1.5879020,303.17,46.79,1.14,-11.24,346.46
937,16.018912,1783330744.272,42.1428967,-1.5879022,303.21,46.83,1.10,-11.23,346.46
938,16.036007,1783330744.289,42.1428975,-1.5879025,303.24,46.86,1.06,-11.21,346.47
939,16.053103,1783330744.306,42.1428982,-1.5879027,303.28,46.90,1.02,-11.19,346.47
940,16.070199,1783330744.323,42.1428990,-1.5879029,303.32,46.94,0.98,-11.18,346.48
941,16.087295,1783330744.340,42.1428997,-1.5879032,303.35,46.97,0.94,-11.16,346.48
942,16.104391,1783330744.357,42.1429005,-1.5879034,303.39,47.01,0.91,-11.14,346.49
943,16.121487,1783330744.374,42.1429012,-1.5879036,303.43,47.05,0.87,-11.13,346.49
944,16.138583,1783330744.392,42.1429057,-1.5879048,303.02,46.64,0.83,-11.11,346.50
945,16.155679,1783330744.409,42.1429065,-1.5879050,303.06,46.68,0.80,-11.07,346.51
946,16.172775,1783330744.426,42.1429072,-1.5879053,303.10,46.72,0.77,-11.00,346.53
947,16.189871,1783330744.443,42.1429080,-1.5879055,303.14,46.76,0.75,-10.93,346.55
948,16.206967,1783330744.460,42.1429088,-1.5879058,303.17,46.79,0.72,-10.86,346.58
949,16.224063,1783330744.477,42.1429095,-1.5879060,303.21,46.83,0.70,-10.79,346.60
950,16.241159,1783330744.494,42.1429103,-1.5879063,303.25,46.87,0.67,-10.72,346.62
951,16.258255,1783330744.511,42.1429111,-1.5879065,303.29,46.91,0.65,-10.65,346.62
952,16.275351,1783330744.528,42.1429118,-1.5879068,303.32,46.94,0.63,-10.59,346.61
953,16.292447,1783330744.545,42.1429126,-1.5879070,303.36,46.98,0.62,-10.52,346.59
954,16.309543,1783330744.563,42.1429134,-1.5879073,303.40,47.02,0.60,-10.46,346.58
955,16.326639,1783330744.580,42.1429141,-1.5879075,303.44,47.06,0.58,-10.40,346.57
956,16.343735,1783330744.597,42.1429185,-1.5879087,303.04,46.66,0.56,-10.34,346.55
957,16.360831,1783330744.614,42.1429193,-1.5879089,303.07,46.69,0.56,-10.24,346.56
958,16.377927,1783330744.631,42.1429201,-1.5879092,303.11,46.73,0.57,-10.14,346.58
959,16.395023,1783330744.648,42.1429209,-1.5879094,303.15,46.77,0.57,-10.04,346.60
960,16.412119,1783330744.665,42.1429218,-1.5879097,303.19,46.81,0.57,-9.94,346.62
961,16.429214,1783330744.682,42.1429226,-1.5879100,303.23,46.85,0.58,-9.84,346.64
962,16.446310,1783330744.699,42.1429234,-1.5879102,303.27,46.89,0.58,-9.74,346.66
963,16.463406,1783330744.716,42.1429242,-1.5879105,303.30,46.92,0.58,-9.65,346.65
964,16.480502,1783330744.734,42.1429250,-1.5879107,303.34,46.96,0.59,-9.56,346.64
965,16.497598,1783330744.751,42.1429258,-1.5879110,303.38,47.00,0.59,-9.48,346.63
966,16.514694,1783330744.768,42.1429266,-1.5879112,303.42,47.04,0.59,-9.39,346.61
967,16.531790,1783330744.785,42.1429274,-1.5879115,303.46,47.08,0.60,-9.30,346.60
968,16.548886,1783330744.802,42.1429316,-1.5879126,303.05,46.67,0.60,-9.21,346.59
969,16.565982,1783330744.819,42.1429324,-1.5879129,303.09,46.71,0.59,-9.05,346.61
970,16.583078,1783330744.836,42.1429332,-1.5879131,303.12,46.74,0.59,-8.89,346.63
971,16.600174,1783330744.853,42.1429339,-1.5879134,303.15,46.77,0.58,-8.73,346.65
972,16.617270,1783330744.870,42.1429347,-1.5879136,303.19,46.81,0.58,-8.57,346.67
973,16.634366,1783330744.887,42.1429354,-1.5879138,303.22,46.84,0.57,-8.42,346.69
974,16.651462,1783330744.904,42.1429362,-1.5879141,303.25,46.87,0.57,-8.26,346.71
975,16.668558,1783330744.922,42.1429370,-1.5879143,303.29,46.91,0.57,-8.11,346.71
976,16.685654,1783330744.939,42.1429377,-1.5879146,303.32,46.94,0.57,-7.97,346.71
977,16.702750,1783330744.956,42.1429385,-1.5879148,303.35,46.97,0.57,-7.82,346.71
978,16.719846,1783330744.973,42.1429392,-1.5879150,303.39,47.01,0.57,-7.68,346.71
979,16.736942,1783330744.990,42.1429400,-1.5879153,303.42,47.04,0.57,-7.53,346.71
980,16.754038,1783330745.007,42.1429444,-1.5879164,303.00,46.62,0.57,-7.40,346.72
981,16.771134,1783330745.024,42.1429453,-1.5879167,303.05,46.67,0.56,-7.30,346.74
982,16.788230,1783330745.041,42.1429462,-1.5879170,303.09,46.71,0.55,-7.21,346.75
983,16.805326,1783330745.058,42.1429472,-1.5879173,303.14,46.76,0.55,-7.11,346.77
984,16.822421,1783330745.075,42.1429481,-1.5879176,303.18,46.80,0.54,-7.01,346.79
985,16.839517,1783330745.093,42.1429490,-1.5879179,303.22,46.84,0.53,-6.91,346.81
986,16.856613,1783330745.110,42.1429500,-1.5879183,303.27,46.89,0.53,-6.78,346.83
987,16.873709,1783330745.127,42.1429509,-1.5879186,303.31,46.93,0.52,-6.63,346.85
988,16.890805,1783330745.144,42.1429518,-1.5879189,303.35,46.97,0.51,-6.47,346.88
989,16.907901,1783330745.161,42.1429528,-1.5879192,303.40,47.02,0.50,-6.32,346.90
990,16.924997,1783330745.178,42.1429537,-1.5879195,303.44,47.06,0.49,-6.17,346.92
991,16.942093,1783330745.195,42.1429582,-1.5879207,303.02,46.64,0.48,-6.01,346.94
992,16.959189,1783330745.212,42.1429590,-1.5879209,303.06,46.68,0.48,-5.95,346.96
993,16.976285,1783330745.229,42.1429599,-1.5879212,303.10,46.72,0.47,-5.94,346.98
994,16.993381,1783330745.246,42.1429607,-1.5879215,303.14,46.76,0.47,-5.92,347.00
995,17.010477,1783330745.263,42.1429615,-1.5879218,303.18,46.80,0.47,-5.91,347.02
996,17.027573,1783330745.281,42.1429624,-1.5879220,303.22,46.84,0.46,-5.90,347.04
997,17.044669,1783330745.298,42.1429632,-1.5879223,303.26,46.88,0.46,-5.88,347.06
998,17.061765,1783330745.315,42.1429640,-1.5879226,303.30,46.92,0.46,-5.80,347.07
999,17.078861,1783330745.332,42.1429649,-1.5879228,303.34,46.96,0.45,-5.71,347.07
1000,17.095957,1783330745.349,42.1429657,-1.5879231,303.38,47.00,0.45,-5.62,347.08
1001,17.113053,1783330745.366,42.1429666,-1.5879234,303.42,47.04,0.45,-5.52,347.09
1002,17.130149,1783330745.383,42.1429674,-1.5879237,303.46,47.08,0.44,-5.43,347.09
1003,17.147245,1783330745.400,42.1429718,-1.5879248,303.04,46.66,0.44,-5.33,347.10
1004,17.164341,1783330745.417,42.1429727,-1.5879251,303.08,46.70,0.45,-5.35,347.12
1005,17.181437,1783330745.434,42.1429735,-1.5879254,303.12,46.74,0.47,-5.37,347.13
1006,17.198533,1783330745.452,42.1429743,-1.5879257,303.16,46.78,0.48,-5.40,347.15
1007,17.215628,1783330745.469,42.1429751,-1.5879259,303.20,46.82,0.49,-5.42,347.17
1008,17.232724,1783330745.486,42.1429760,-1.5879262,303.24,46.86,0.51,-5.44,347.18
1009,17.249820,1783330745.503,42.1429768,-1.5879265,303.28,46.90,0.52,-5.45,347.20
1010,17.266916,1783330745.520,42.1429776,-1.5879268,303.32,46.94,0.53,-5.39,347.24
1011,17.284012,1783330745.537,42.1429785,-1.5879270,303.36,46.98,0.53,-5.33,347.27
1012,17.301108,1783330745.554,42.1429793,-1.5879273,303.40,47.02,0.54,-5.27,347.31
1013,17.318204,1783330745.571,42.1429801,-1.5879276,303.44,47.06,0.54,-5.21,347.34
1014,17.335300,1783330745.588,42.1429846,-1.5879287,303.00,46.62,0.55,-5.15,347.37
1015,17.352396,1783330745.605,42.1429855,-1.5879290,303.04,46.66,0.55,-5.10,347.40
1016,17.369492,1783330745.622,42.1429863,-1.5879293,303.08,46.70,0.54,-5.11,347.40
1017,17.386588,1783330745.640,42.1429871,-1.5879296,303.12,46.74,0.54,-5.11,347.40
1018,17.403684,1783330745.657,42.1429879,-1.5879298,303.16,46.78,0.53,-5.12,347.40
1019,17.420780,1783330745.674,42.1429887,-1.5879301,303.20,46.82,0.53,-5.12,347.40
1020,17.437876,1783330745.691,42.1429896,-1.5879304,303.24,46.86,0.52,-5.13,347.40
1021,17.454972,1783330745.708,42.1429904,-1.5879307,303.28,46.90,0.52,-5.15,347.41
1022,17.472068,1783330745.725,42.1429912,-1.5879309,303.32,46.94,0.50,-5.20,347.43
1023,17.489164,1783330745.742,42.1429920,-1.5879312,303.36,46.98,0.49,-5.24,347.45
1024,17.506260,1783330745.759,42.1429929,-1.5879315,303.40,47.02,0.48,-5.29,347.47
1025,17.523356,1783330745.776,42.1429937,-1.5879318,303.44,47.06,0.47,-5.33,347.49
1026,17.540452,1783330745.793,42.1429982,-1.5879330,303.00,46.62,0.46,-5.38,347.51
1027,17.557548,1783330745.811,42.1429990,-1.5879333,303.04,46.66,0.45,-5.36,347.52
1028,17.574644,1783330745.828,42.1429998,-1.5879335,303.08,46.70,0.44,-5.30,347.52
1029,17.591740,1783330745.845,42.1430006,-1.5879338,303.13,46.75,0.44,-5.23,347.52
1030,17.608835,1783330745.862,42.1430014,-1.5879340,303.17,46.79,0.44,-5.16,347.52
1031,17.625931,1783330745.879,42.1430022,-1.5879343,303.21,46.83,0.43,-5.10,347.52
1032,17.643027,1783330745.896,42.1430031,-1.5879346,303.25,46.87,0.43,-5.03,347.52
1033,17.660123,1783330745.913,42.1430039,-1.5879348,303.29,46.91,0.44,-5.06,347.54
1034,17.677219,1783330745.930,42.1430047,-1.5879351,303.34,46.96,0.45,-5.14,347.56
1035,17.694315,1783330745.947,42.1430055,-1.5879353,303.38,47.00,0.46,-5.21,347.58
1036,17.711411,1783330745.964,42.1430063,-1.5879356,303.42,47.04,0.47,-5.29,347.60
1037,17.728507,1783330745.982,42.1430071,-1.5879358,303.46,47.08,0.48,-5.36,347.62
1038,17.745603,1783330745.999,42.1430106,-1.5879366,302.70,46.32,0.49,-5.44,347.65
1039,17.762699,1783330746.016,42.1430114,-1.5879371,303.01,46.63,0.48,-5.47,347.65
1040,17.779795,1783330746.033,42.1430124,-1.5879374,303.05,46.67,0.48,-5.49,347.65
1041,17.796891,1783330746.050,42.1430133,-1.5879377,303.10,46.72,0.47,-5.51,347.65
1042,17.813987,1783330746.067,42.1430142,-1.5879380,303.15,46.77,0.46,-5.54,347.64
1043,17.831083,1783330746.084,42.1430151,-1.5879383,303.19,46.81,0.46,-5.56,347.64
1044,17.848179,1783330746.101,42.1430160,-1.5879385,303.24,46.86,0.45,-5.58,347.64
1045,17.865275,1783330746.118,42.1430169,-1.5879388,303.29,46.91,0.45,-5.68,347.66
1046,17.882371,1783330746.135,42.1430178,-1.5879391,303.33,46.95,0.45,-5.78,347.68
1047,17.899467,1783330746.152,42.1430187,-1.5879394,303.38,47.00,0.44,-5.88,347.70
1048,17.916563,1783330746.170,42.1430197,-1.5879397,303.43,47.05,0.44,-5.99,347.72
1049,17.933659,1783330746.187,42.1430241,-1.5879410,302.98,46.60,0.44,-6.09,347.73
1050,17.950755,1783330746.204,42.1430249,-1.5879413,303.03,46.65,0.44,-6.18,347.75
1051,17.967851,1783330746.221,42.1430257,-1.5879416,303.07,46.69,0.45,-6.25,347.76
1052,17.984947,1783330746.238,42.1430265,-1.5879418,303.11,46.73,0.47,-6.31,347.76
1053,18.002042,1783330746.255,42.1430273,-1.5879421,303.15,46.77,0.48,-6.38,347.77
1054,18.019138,1783330746.272,42.1430282,-1.5879423,303.20,46.82,0.49,-6.45,347.78
1055,18.036234,1783330746.289,42.1430290,-1.5879426,303.24,46.86,0.50,-6.51,347.79
1056,18.053330,1783330746.306,42.1430298,-1.5879429,303.28,46.90,0.52,-6.57,347.79
1057,18.070426,1783330746.323,42.1430306,-1.5879431,303.33,46.95,0.53,-6.58,347.80
1058,18.087522,1783330746.341,42.1430315,-1.5879434,303.37,46.99,0.55,-6.60,347.81
1059,18.104618,1783330746.358,42.1430323,-1.5879437,303.41,47.03,0.57,-6.62,347.81
1060,18.121714,1783330746.375,42.1430331,-1.5879439,303.45,47.07,0.58,-6.64,347.82
1061,18.138810,1783330746.392,42.1430372,-1.5879451,303.04,46.66,0.60,-6.66,347.83
1062,18.155906,1783330746.409,42.1430381,-1.5879454,303.08,46.70,0.62,-6.71,347.82
1063,18.173002,1783330746.426,42.1430389,-1.5879457,303.12,46.74,0.64,-6.79,347.81
1064,18.190098,1783330746.443,42.1430397,-1.5879459,303.16,46.78,0.66,-6.86,347.80
1065,18.207194,1783330746.460,42.1430406,-1.5879462,303.20,46.82,0.68,-6.94,347.78
1066,18.224290,1783330746.477,42.1430414,-1.5879465,303.24,46.86,0.69,-7.02,347.77
1067,18.241386,1783330746.494,42.1430422,-1.5879467,303.28,46.90,0.71,-7.10,347.76
1068,18.258482,1783330746.511,42.1430431,-1.5879470,303.31,46.93,0.72,-7.12,347.75
1069,18.275578,1783330746.529,42.1430439,-1.5879473,303.35,46.97,0.72,-7.11,347.74
1070,18.292674,1783330746.546,42.1430448,-1.5879476,303.39,47.01,0.72,-7.10,347.73
1071,18.309770,1783330746.563,42.1430456,-1.5879478,303.43,47.05,0.72,-7.09,347.73
1072,18.326866,1783330746.580,42.1430464,-1.5879481,303.47,47.09,0.72,-7.08,347.72
1073,18.343962,1783330746.597,42.1430508,-1.5879494,303.03,46.65,0.72,-7.07,347.71
1074,18.361058,1783330746.614,42.1430516,-1.5879496,303.07,46.69,0.72,-7.08,347.70
1075,18.378154,1783330746.631,42.1430524,-1.5879499,303.11,46.73,0.73,-7.09,347.70
1076,18.395249,1783330746.648,42.1430532,-1.5879502,303.15,46.77,0.73,-7.11,347.69
1077,18.412345,1783330746.665,42.1430540,-1.5879504,303.19,46.81,0.74,-7.12,347.68
1078,18.429441,1783330746.682,42.1430549,-1.5879507,303.23,46.85,0.74,-7.14,347.68
1079,18.446537,1783330746.700,42.1430557,-1.5879510,303.27,46.89,0.75,-7.15,347.67
1080,18.463633,1783330746.717,42.1430565,-1.5879512,303.32,46.94,0.75,-7.18,347.68
1081,18.480729,1783330746.734,42.1430573,-1.5879515,303.36,46.98,0.75,-7.21,347.68
1082,18.497825,1783330746.751,42.1430581,-1.5879518,303.40,47.02,0.75,-7.23,347.69
1083,18.514921,1783330746.768,42.1430590,-1.5879520,303.44,47.06,0.76,-7.26,347.70
1084,18.532017,1783330746.785,42.1430598,-1.5879523,303.48,47.10,0.76,-7.29,347.70
1085,18.549113,1783330746.802,42.1430641,-1.5879536,303.04,46.66,0.76,-7.32,347.71
1086,18.566209,1783330746.819,42.1430649,-1.5879538,303.08,46.70,0.77,-7.28,347.70
1087,18.583305,1783330746.836,42.1430658,-1.5879541,303.12,46.74,0.79,-7.25,347.69
1088,18.600401,1783330746.853,42.1430666,-1.5879544,303.16,46.78,0.80,-7.21,347.68
1089,18.617497,1783330746.870,42.1430674,-1.5879546,303.20,46.82,0.82,-7.17,347.68
1090,18.634593,1783330746.888,42.1430683,-1.5879549,303.25,46.87,0.83,-7.14,347.67
1091,18.651689,1783330746.905,42.1430691,-1.5879552,303.29,46.91,0.83,-7.13,347.66
1092,18.668785,1783330746.922,42.1430699,-1.5879554,303.33,46.95,0.80,-7.20,347.65
1093,18.685881,1783330746.939,42.1430707,-1.5879557,303.37,46.99,0.76,-7.28,347.64
1094,18.702977,1783330746.956,42.1430716,-1.5879559,303.41,47.03,0.72,-7.35,347.63
1095,18.720073,1783330746.973,42.1430724,-1.5879562,303.45,47.07,0.69,-7.43,347.62
1096,18.737169,1783330746.990,42.1430720,-1.5879560,302.90,46.52,0.65,-7.50,347.62
1097,18.754265,1783330747.007,42.1430766,-1.5879575,303.01,46.63,0.63,-7.54,347.61
1098,18.771361,1783330747.024,42.1430775,-1.5879578,303.06,46.68,0.63,-7.52,347.63
1099,18.788457,1783330747.041,42.1430784,-1.5879581,303.11,46.73,0.63,-7.50,347.64
1100,18.805552,1783330747.059,42.1430794,-1.5879584,303.15,46.77,0.64,-7.47,347.65
1101,18.822648,1783330747.076,42.1430803,-1.5879587,303.20,46.82,0.64,-7.45,347.66
1102,18.839744,1783330747.093,42.1430812,-1.5879590,303.24,46.86,0.64,-7.43,347.67
1103,18.856840,1783330747.110,42.1430821,-1.5879593,303.29,46.91,0.63,-7.46,347.68
1104,18.873936,1783330747.127,42.1430831,-1.5879596,303.33,46.95,0.62,-7.55,347.67
1105,18.891032,1783330747.144,42.1430840,-1.5879599,303.38,47.00,0.61,-7.64,347.67
1106,18.908128,1783330747.161,42.1430849,-1.5879602,303.43,47.05,0.60,-7.72,347.67
1107,18.925224,1783330747.178,42.1430858,-1.5879605,303.47,47.09,0.59,-7.81,347.66
1108,18.942320,1783330747.195,42.1430902,-1.5879618,303.02,46.64,0.58,-7.89,347.66
1109,18.959416,1783330747.212,42.1430910,-1.5879621,303.07,46.69,0.58,-7.94,347.66
1110,18.976512,1783330747.230,42.1430919,-1.5879624,303.11,46.73,0.59,-7.97,347.66
1111,18.993608,1783330747.247,42.1430927,-1.5879626,303.15,46.77,0.59,-7.99,347.66
1112,19.010704,1783330747.264,42.1430935,-1.5879629,303.19,46.81,0.59,-8.02,347.65
1113,19.027800,1783330747.281,42.1430944,-1.5879631,303.23,46.85,0.60,-8.05,347.65
1114,19.044896,1783330747.298,42.1430952,-1.5879634,303.28,46.90,0.60,-8.08,347.65
1115,19.061992,1783330747.315,42.1430961,-1.5879636,303.32,46.94,0.59,-8.05,347.65
1116,19.079088,1783330747.332,42.1430969,-1.5879639,303.36,46.98,0.57,-8.02,347.65
1117,19.096184,1783330747.349,42.1430977,-1.5879642,303.40,47.02,0.56,-7.98,347.65
1118,19.113280,1783330747.366,42.1430986,-1.5879644,303.44,47.06,0.54,-7.95,347.65
1119,19.130376,1783330747.383,42.1430994,-1.5879647,303.49,47.11,0.53,-7.91,347.65
1120,19.147472,1783330747.400,42.1431037,-1.5879660,303.05,46.67,0.51,-7.88,347.65
1121,19.164568,1783330747.418,42.1431045,-1.5879663,303.09,46.71,0.54,-7.90,347.65
1122,19.181664,1783330747.435,42.1431054,-1.5879666,303.13,46.75,0.57,-7.92,347.66
1123,19.198759,1783330747.452,42.1431062,-1.5879668,303.17,46.79,0.60,-7.94,347.66
1124,19.215855,1783330747.469,42.1431071,-1.5879671,303.21,46.83,0.63,-7.96,347.66
1125,19.232951,1783330747.486,42.1431079,-1.5879674,303.25,46.87,0.65,-7.98,347.67
1126,19.250047,1783330747.503,42.1431088,-1.5879676,303.29,46.91,0.68,-7.99,347.67
1127,19.267143,1783330747.520,42.1431096,-1.5879679,303.33,46.95,0.67,-7.91,347.66
1128,19.284239,1783330747.537,42.1431105,-1.5879682,303.37,46.99,0.66,-7.83,347.65
1129,19.301335,1783330747.554,42.1431114,-1.5879684,303.42,47.04,0.65,-7.75,347.64
1130,19.318431,1783330747.571,42.1431122,-1.5879687,303.46,47.08,0.64,-7.67,347.63
1131,19.335527,1783330747.589,42.1431166,-1.5879701,303.02,46.64,0.64,-7.59,347.63
1132,19.352623,1783330747.606,42.1431175,-1.5879704,303.07,46.69,0.63,-7.53,347.62
1133,19.369719,1783330747.623,42.1431185,-1.5879707,303.11,46.73,0.65,-7.53,347.62
1134,19.386815,1783330747.640,42.1431194,-1.5879710,303.16,46.78,0.66,-7.52,347.61
1135,19.403911,1783330747.657,42.1431203,-1.5879713,303.20,46.82,0.67,-7.52,347.61
1136,19.421007,1783330747.674,42.1431213,-1.5879716,303.25,46.87,0.68,-7.52,347.61
1137,19.438103,1783330747.691,42.1431222,-1.5879719,303.30,46.92,0.69,-7.51,347.60
1138,19.455199,1783330747.708,42.1431231,-1.5879722,303.34,46.96,0.70,-7.48,347.60
1139,19.472295,1783330747.725,42.1431241,-1.5879725,303.39,47.01,0.69,-7.41,347.60
1140,19.489391,1783330747.742,42.1431250,-1.5879728,303.44,47.06,0.68,-7.35,347.60
1141,19.506487,1783330747.759,42.1431260,-1.5879731,303.48,47.10,0.66,-7.28,347.59
1142,19.523583,1783330747.777,42.1431285,-1.5879738,302.77,46.39,0.65,-7.21,347.59
1143,19.540679,1783330747.794,42.1431302,-1.5879744,303.03,46.65,0.64,-7.15,347.59
1144,19.557775,1783330747.811,42.1431311,-1.5879747,303.07,46.69,0.65,-7.11,347.59
1145,19.574871,1783330747.828,42.1431319,-1.5879750,303.12,46.74,0.66,-7.08,347.59
1146,19.591966,1783330747.845,42.1431328,-1.5879752,303.16,46.78,0.67,-7.06,347.59
1147,19.609062,1783330747.862,42.1431336,-1.5879755,303.20,46.82,0.68,-7.03,347.59
1148,19.626158,1783330747.879,42.1431345,-1.5879758,303.24,46.86,0.69,-7.01,347.59
1149,19.643254,1783330747.896,42.1431353,-1.5879760,303.29,46.91,0.70,-6.99,347.59
1150,19.660350,1783330747.913,42.1431362,-1.5879763,303.33,46.95,0.71,-6.97,347.59
1151,19.677446,1783330747.930,42.1431371,-1.5879765,303.37,46.99,0.71,-6.96,347.58
1152,19.694542,1783330747.948,42.1431379,-1.5879768,303.42,47.04,0.72,-6.94,347.58
1153,19.711638,1783330747.965,42.1431388,-1.5879771,303.46,47.08,0.73,-6.93,347.58
1154,19.728734,1783330747.982,42.1431396,-1.5879773,303.50,47.12,0.74,-6.92,347.57
1155,19.745830,1783330747.999,42.1431431,-1.5879784,302.72,46.34,0.75,-6.90,347.57
1156,19.762926,1783330748.016,42.1431440,-1.5879788,303.05,46.67,0.77,-6.89,347.58
1157,19.780022,1783330748.033,42.1431451,-1.5879791,303.10,46.72,0.79,-6.87,347.60
1158,19.797118,1783330748.050,42.1431462,-1.5879795,303.16,46.78,0.81,-6.86,347.61
1159,19.814214,1783330748.067,42.1431473,-1.5879798,303.21,46.83,0.84,-6.85,347.63
1160,19.831310,1783330748.084,42.1431483,-1.5879801,303.26,46.88,0.86,-6.83,347.65
1161,19.848406,1783330748.101,42.1431494,-1.5879805,303.31,46.93,0.88,-6.82,347.66
1162,19.865502,1783330748.119,42.1431505,-1.5879808,303.37,46.99,0.89,-6.86,347.65
1163,19.882598,1783330748.136,42.1431515,-1.5879811,303.42,47.04,0.90,-6.90,347.64
1164,19.899694,1783330748.153,42.1431526,-1.5879814,303.47,47.09,0.91,-6.94,347.62
1165,19.916790,1783330748.170,42.1431519,-1.5879812,302.93,46.55,0.91,-6.99,347.61
1166,19.933886,1783330748.187,42.1431570,-1.5879828,303.01,46.63,0.92,-7.03,347.60
1167,19.950982,1783330748.204,42.1431579,-1.5879831,303.06,46.68,0.93,-7.06,347.59
1168,19.968078,1783330748.221,42.1431589,-1.5879834,303.11,46.73,0.92,-7.07,347.59
1169,19.985173,1783330748.238,42.1431599,-1.5879837,303.15,46.77,0.91,-7.09,347.58
1170,20.002269,1783330748.255,42.1431608,-1.5879840,303.20,46.82,0.90,-7.10,347.58
1171,20.019365,1783330748.272,42.1431618,-1.5879843,303.25,46.87,0.89,-7.11,347.58
1172,20.036461,1783330748.289,42.1431627,-1.5879846,303.29,46.91,0.89,-7.12,347.57
1173,20.053557,1783330748.307,42.1431637,-1.5879849,303.34,46.96,0.88,-7.13,347.58
1174,20.070653,1783330748.324,42.1431647,-1.5879852,303.39,47.01,0.88,-7.13,347.61
1175,20.087749,1783330748.341,42.1431656,-1.5879855,303.43,47.05,0.88,-7.14,347.63
1176,20.104845,1783330748.358,42.1431666,-1.5879858,303.48,47.10,0.88,-7.14,347.66
1177,20.121941,1783330748.375,42.1431681,-1.5879863,302.80,46.42,0.88,-7.14,347.69
1178,20.139037,1783330748.392,42.1431710,-1.5879872,303.00,46.62,0.88,-7.15,347.72
1179,20.156133,1783330748.409,42.1431719,-1.5879875,303.05,46.67,0.88,-7.15,347.72
1180,20.173229,1783330748.426,42.1431729,-1.5879878,303.10,46.72,0.89,-7.13,347.70
1181,20.190325,1783330748.443,42.1431738,-1.5879881,303.15,46.77,0.90,-7.12,347.68
1182,20.207421,1783330748.460,42.1431748,-1.5879884,303.20,46.82,0.90,-7.11,347.66
1183,20.224517,1783330748.478,42.1431757,-1.5879887,303.25,46.87,0.91,-7.10,347.64
1184,20.241613,1783330748.495,42.1431767,-1.5879890,303.30,46.92,0.92,-7.09,347.62
1185,20.258709,1783330748.512,42.1431776,-1.5879893,303.34,46.96,0.93,-7.10,347.60
1186,20.275805,1783330748.529,42.1431786,-1.5879896,303.39,47.01,0.93,-7.12,347.60
1187,20.292901,1783330748.546,42.1431795,-1.5879899,303.44,47.06,0.94,-7.13,347.59
1188,20.309997,1783330748.563,42.1431805,-1.5879902,303.49,47.11,0.95,-7.15,347.58
1189,20.327093,1783330748.580,42.1431843,-1.5879914,302.66,46.28,0.96,-7.16,347.57
1190,20.344189,1783330748.597,42.1431849,-1.5879916,303.01,46.63,0.97,-7.18,347.56
1191,20.361285,1783330748.614,42.1431858,-1.5879919,303.06,46.68,0.95,-7.17,347.55
1192,20.378380,1783330748.631,42.1431868,-1.5879922,303.11,46.73,0.93,-7.15,347.55
1193,20.395476,1783330748.648,42.1431877,-1.5879925,303.16,46.78,0.91,-7.13,347.54
1194,20.412572,1783330748.666,42.1431887,-1.5879927,303.21,46.83,0.89,-7.11,347.53
1195,20.429668,1783330748.683,42.1431896,-1.5879930,303.26,46.88,0.87,-7.09,347.53
1196,20.446764,1783330748.700,42.1431905,-1.5879933,303.31,46.93,0.85,-7.07,347.52
1197,20.463860,1783330748.717,42.1431915,-1.5879936,303.36,46.98,0.85,-7.07,347.54
1198,20.480956,1783330748.734,42.1431924,-1.5879939,303.41,47.03,0.86,-7.07,347.55
1199,20.498052,1783330748.751,42.1431934,-1.5879942,303.46,47.08,0.87,-7.06,347.57
1200,20.515148,1783330748.768,42.1431916,-1.5879936,302.93,46.55,0.87,-7.06,347.59
1201,20.532244,1783330748.785,42.1432007,-1.5879965,302.56,46.18,0.88,-7.06,347.60
1202,20.549340,1783330748.802,42.1431986,-1.5879959,303.04,46.66,0.88,-7.06,347.62
1203,20.566436,1783330748.819,42.1431994,-1.5879961,303.08,46.70,0.86,-7.04,347.60
1204,20.583532,1783330748.837,42.1432003,-1.5879964,303.13,46.75,0.85,-7.02,347.58
1205,20.600628,1783330748.854,42.1432012,-1.5879966,303.17,46.79,0.83,-7.00,347.56
1206,20.617724,1783330748.871,42.1432021,-1.5879969,303.21,46.83,0.82,-6.98,347.54
1207,20.634820,1783330748.888,42.1432029,-1.5879971,303.25,46.87,0.80,-6.96,347.52
1208,20.651916,1783330748.905,42.1432038,-1.5879974,303.29,46.91,0.79,-6.95,347.51
1209,20.669012,1783330748.922,42.1432047,-1.5879977,303.33,46.95,0.80,-6.92,347.52
1210,20.686108,1783330748.939,42.1432055,-1.5879979,303.38,47.00,0.81,-6.90,347.53
1211,20.703204,1783330748.956,42.1432064,-1.5879982,303.42,47.04,0.82,-6.88,347.54
1212,20.720300,1783330748.973,42.1432073,-1.5879984,303.46,47.08,0.83,-6.86,347.55
1213,20.737396,1783330748.990,42.1432066,-1.5879983,302.88,46.50,0.83,-6.84,347.56
1214,20.754492,1783330749.007,42.1432114,-1.5879998,303.01,46.63,0.84,-6.82,347.57
1215,20.771587,1783330749.025,42.1432125,-1.5880002,303.06,46.68,0.82,-6.80,347.57
1216,20.788683,1783330749.042,42.1432136,-1.5880005,303.11,46.73,0.81,-6.78,347.57
1217,20.805779,1783330749.059,42.1432147,-1.5880008,303.16,46.78,0.80,-6.76,347.56
1218,20.822875,1783330749.076,42.1432158,-1.5880012,303.22,46.84,0.79,-6.74,347.56
1219,20.839971,1783330749.093,42.1432169,-1.5880015,303.27,46.89,0.78,-6.72,347.56
1220,20.857067,1783330749.110,42.1432180,-1.5880018,303.32,46.94,0.76,-6.72,347.55
1221,20.874163,1783330749.127,42.1432191,-1.5880022,303.37,46.99,0.75,-6.73,347.53
1222,20.891259,1783330749.144,42.1432202,-1.5880025,303.42,47.04,0.74,-6.74,347.51
1223,20.908355,1783330749.161,42.1432213,-1.5880028,303.48,47.10,0.73,-6.76,347.49
1224,20.925451,1783330749.178,42.1432245,-1.5880039,302.71,46.33,0.72,-6.77,347.47
1225,20.942547,1783330749.196,42.1432256,-1.5880042,303.03,46.65,0.71,-6.79,347.46
1226,20.959643,1783330749.213,42.1432266,-1.5880045,303.07,46.69,0.71,-6.77,347.46
1227,20.976739,1783330749.230,42.1432275,-1.5880048,303.12,46.74,0.71,-6.74,347.48
1228,20.993835,1783330749.247,42.1432285,-1.5880051,303.17,46.79,0.71,-6.72,347.50
1229,21.010931,1783330749.264,42.1432295,-1.5880054,303.21,46.83,0.71,-6.69,347.52
1230,21.028027,1783330749.281,42.1432305,-1.5880056,303.26,46.88,0.71,-6.66,347.54
1231,21.045123,1783330749.298,42.1432314,-1.5880059,303.31,46.93,0.71,-6.63,347.56
1232,21.062219,1783330749.315,42.1432324,-1.5880062,303.35,46.97,0.69,-6.62,347.54
1233,21.079315,1783330749.332,42.1432334,-1.5880065,303.40,47.02,0.68,-6.61,347.52
1234,21.096411,1783330749.349,42.1432344,-1.5880068,303.45,47.07,0.66,-6.61,347.50
1235,21.113507,1783330749.367,42.1432320,-1.5880062,302.98,46.60,0.64,-6.60,347.48
1236,21.130603,1783330749.384,42.1432409,-1.5880089,302.59,46.21,0.62,-6.59,347.46
1237,21.147699,1783330749.401,42.1432396,-1.5880085,303.04,46.66,0.60,-6.58,347.44
1238,21.164794,1783330749.418,42.1432406,-1.5880088,303.09,46.71,0.60,-6.55,347.45
1239,21.181890,1783330749.435,42.1432415,-1.5880091,303.13,46.75,0.60,-6.53,347.45
1240,21.198986,1783330749.452,42.1432425,-1.5880094,303.18,46.80,0.61,-6.50,347.46
1241,21.216082,1783330749.469,42.1432435,-1.5880097,303.23,46.85,0.61,-6.47,347.47
1242,21.233178,1783330749.486,42.1432445,-1.5880100,303.27,46.89,0.61,-6.44,347.47
1243,21.250274,1783330749.503,42.1432454,-1.5880103,303.32,46.94,0.61,-6.42,347.48
1244,21.267370,1783330749.520,42.1432464,-1.5880106,303.37,46.99,0.60,-6.41,347.49
1245,21.284466,1783330749.537,42.1432474,-1.5880109,303.41,47.03,0.59,-6.39,347.49
1246,21.301562,1783330749.555,42.1432484,-1.5880112,303.46,47.08,0.58,-6.38,347.50
1247,21.318658,1783330749.572,42.1432483,-1.5880112,302.87,46.49,0.57,-6.37,347.50
1248,21.335754,1783330749.589,42.1432526,-1.5880126,303.02,46.64,0.57,-6.36,347.51
1249,21.352850,1783330749.606,42.1432535,-1.5880128,303.06,46.68,0.56,-6.34,347.51
1250,21.369946,1783330749.623,42.1432543,-1.5880131,303.10,46.72,0.58,-6.32,347.50
1251,21.387042,1783330749.640,42.1432552,-1.5880133,303.14,46.76,0.60,-6.30,347.49
1252,21.404138,1783330749.657,42.1432561,-1.5880136,303.18,46.80,0.61,-6.28,347.48
1253,21.421234,1783330749.674,42.1432570,-1.5880139,303.22,46.84,0.63,-6.25,347.47
1254,21.438330,1783330749.691,42.1432579,-1.5880141,303.26,46.88,0.64,-6.23,347.46
1255,21.455426,1783330749.708,42.1432587,-1.5880144,303.31,46.93,0.65,-6.21,347.46
1256,21.472522,1783330749.726,42.1432596,-1.5880147,303.35,46.97,0.64,-6.20,347.47
1257,21.489618,1783330749.743,42.1432605,-1.5880149,303.39,47.01,0.63,-6.19,347.48
1258,21.506714,1783330749.760,42.1432614,-1.5880152,303.43,47.05,0.63,-6.17,347.48
1259,21.523810,1783330749.777,42.1432623,-1.5880155,303.47,47.09,0.62,-6.16,347.49
1260,21.540906,1783330749.794,42.1432665,-1.5880168,303.03,46.65,0.61,-6.15,347.50
1261,21.558001,1783330749.811,42.1432674,-1.5880171,303.07,46.69,0.61,-6.13,347.50
1262,21.575097,1783330749.828,42.1432683,-1.5880174,303.11,46.73,0.62,-6.11,347.49
1263,21.592193,1783330749.845,42.1432692,-1.5880176,303.15,46.77,0.62,-6.09,347.49
1264,21.609289,1783330749.862,42.1432701,-1.5880179,303.19,46.81,0.63,-6.07,347.48
1265,21.626385,1783330749.879,42.1432709,-1.5880182,303.24,46.86,0.63,-6.05,347.48
1266,21.643481,1783330749.896,42.1432718,-1.5880184,303.28,46.90,0.64,-6.03,347.47
1267,21.660577,1783330749.914,42.1432727,-1.5880187,303.32,46.94,0.65,-5.99,347.47
1268,21.677673,1783330749.931,42.1432736,-1.5880190,303.36,46.98,0.66,-5.95,347.48
1269,21.694769,1783330749.948,42.1432745,-1.5880192,303.40,47.02,0.67,-5.91,347.48
1270,21.711865,1783330749.965,42.1432753,-1.5880195,303.44,47.06,0.68,-5.87,347.48
1271,21.728961,1783330749.982,42.1432762,-1.5880197,303.48,47.10,0.70,-5.83,347.49
1272,21.746057,1783330749.999,42.1432796,-1.5880208,302.70,46.32,0.71,-5.78,347.49
1273,21.763153,1783330750.016,42.1432804,-1.5880211,303.04,46.66,0.69,-5.79,347.48
1274,21.780249,1783330750.033,42.1432815,-1.5880214,303.09,46.71,0.67,-5.80,347.46
1275,21.797345,1783330750.050,42.1432826,-1.5880218,303.14,46.76,0.65,-5.81,347.45
1276,21.814441,1783330750.067,42.1432837,-1.5880221,303.20,46.82,0.63,-5.83,347.44
1277,21.831537,1783330750.085,42.1432848,-1.5880224,303.25,46.87,0.61,-5.84,347.42
1278,21.848633,1783330750.102,42.1432859,-1.5880228,303.30,46.92,0.59,-5.85,347.41
1279,21.865729,1783330750.119,42.1432871,-1.5880231,303.35,46.97,0.62,-5.83,347.43
1280,21.882825,1783330750.136,42.1432882,-1.5880234,303.40,47.02,0.65,-5.82,347.45
1281,21.899921,1783330750.153,42.1432893,-1.5880238,303.45,47.07,0.67,-5.80,347.47
1282,21.917017,1783330750.170,42.1432887,-1.5880236,302.91,46.53,0.70,-5.78,347.49
1283,21.934113,1783330750.187,42.1432935,-1.5880251,303.02,46.64,0.73,-5.76,347.50
1284,21.951209,1783330750.204,42.1432945,-1.5880254,303.07,46.69,0.74,-5.76,347.52
1285,21.968304,1783330750.221,42.1432955,-1.5880257,303.11,46.73,0.72,-5.79,347.50
1286,21.985400,1783330750.238,42.1432964,-1.5880260,303.16,46.78,0.69,-5.82,347.48
1287,22.002496,1783330750.255,42.1432974,-1.5880263,303.20,46.82,0.66,-5.85,347.47
1288,22.019592,1783330750.273,42.1432984,-1.5880267,303.25,46.87,0.63,-5.88,347.45
1289,22.036688,1783330750.290,42.1432994,-1.5880270,303.29,46.91,0.60,-5.91,347.43
1290,22.053784,1783330750.307,42.1433003,-1.5880273,303.34,46.96,0.59,-5.92,347.42
1291,22.070880,1783330750.324,42.1433013,-1.5880276,303.38,47.00,0.61,-5.90,347.43
1292,22.087976,1783330750.341,42.1433023,-1.5880279,303.43,47.05,0.64,-5.89,347.44
1293,22.105072,1783330750.358,42.1433033,-1.5880282,303.47,47.09,0.66,-5.87,347.45
1294,22.122168,1783330750.375,42.1433049,-1.5880286,302.80,46.42,0.68,-5.85,347.46
1295,22.139264,1783330750.392,42.1433073,-1.5880294,303.04,46.66,0.71,-5.83,347.47
1296,22.156360,1783330750.409,42.1433083,-1.5880297,303.09,46.71,0.72,-5.82,347.48
1297,22.173456,1783330750.426,42.1433092,-1.5880300,303.13,46.75,0.72,-5.81,347.49
1298,22.190552,1783330750.444,42.1433102,-1.5880303,303.18,46.80,0.72,-5.80,347.51
1299,22.207648,1783330750.461,42.1433112,-1.5880306,303.22,46.84,0.73,-5.80,347.52
1300,22.224744,1783330750.478,42.1433122,-1.5880309,303.27,46.89,0.73,-5.79,347.54
1301,22.241840,1783330750.495,42.1433132,-1.5880312,303.32,46.94,0.73,-5.78,347.55
1302,22.258936,1783330750.512,42.1433141,-1.5880315,303.36,46.98,0.73,-5.81,347.54
1303,22.276032,1783330750.529,42.1433151,-1.5880319,303.41,47.03,0.72,-5.85,347.52
1304,22.293128,1783330750.546,42.1433161,-1.5880322,303.46,47.08,0.71,-5.89,347.50
1305,22.310224,1783330750.563,42.1433171,-1.5880325,303.50,47.12,0.71,-5.93,347.47
1306,22.327320,1783330750.580,42.1433210,-1.5880336,302.68,46.30,0.70,-5.97,347.45
1307,22.344416,1783330750.597,42.1433211,-1.5880337,303.06,46.68,0.69,-6.01,347.42
1308,22.361511,1783330750.615,42.1433221,-1.5880340,303.11,46.73,0.69,-6.00,347.44
1309,22.378607,1783330750.632,42.1433230,-1.5880343,303.15,46.77,0.69,-5.99,347.47
1310,22.395703,1783330750.649,42.1433240,-1.5880346,303.20,46.82,0.69,-5.97,347.50
1311,22.412799,1783330750.666,42.1433250,-1.5880349,303.24,46.86,0.69,-5.95,347.53
1312,22.429895,1783330750.683,42.1433259,-1.5880352,303.29,46.91,0.69,-5.93,347.56
1313,22.446991,1783330750.700,42.1433269,-1.5880355,303.34,46.96,0.69,-5.91,347.59
1314,22.464087,1783330750.717,42.1433279,-1.5880358,303.38,47.00,0.70,-5.95,347.56
1315,22.481183,1783330750.734,42.1433288,-1.5880361,303.43,47.05,0.70,-5.99,347.54
1316,22.498279,1783330750.751,42.1433298,-1.5880364,303.47,47.09,0.71,-6.03,347.51
1317,22.515375,1783330750.768,42.1433284,-1.5880359,302.97,46.59,0.72,-6.07,347.48
1318,22.532471,1783330750.785,42.1433339,-1.5880377,303.03,46.65,0.72,-6.10,347.45
1319,22.549567,1783330750.803,42.1433348,-1.5880380,303.07,46.69,0.73,-6.14,347.43
1320,22.566663,1783330750.820,42.1433357,-1.5880382,303.11,46.73,0.73,-6.10,347.44
1321,22.583759,1783330750.837,42.1433365,-1.5880385,303.15,46.77,0.74,-6.07,347.45
1322,22.600855,1783330750.854,42.1433374,-1.5880388,303.19,46.81,0.74,-6.03,347.46
1323,22.617951,1783330750.871,42.1433383,-1.5880391,303.24,46.86,0.74,-6.00,347.47
1324,22.635047,1783330750.888,42.1433391,-1.5880393,303.28,46.90,0.75,-5.97,347.47
1325,22.652143,1783330750.905,42.1433400,-1.5880396,303.32,46.94,0.75,-5.95,347.48
1326,22.669239,1783330750.922,42.1433409,-1.5880399,303.36,46.98,0.75,-5.99,347.49
1327,22.686335,1783330750.939,42.1433418,-1.5880402,303.40,47.02,0.74,-6.03,347.50
1328,22.703431,1783330750.956,42.1433426,-1.5880404,303.44,47.06,0.74,-6.07,347.50
1329,22.720527,1783330750.974,42.1433435,-1.5880407,303.48,47.10,0.74,-6.11,347.51
1330,22.737623,1783330750.991,42.1433430,-1.5880405,302.91,46.53,0.73,-6.15,347.52
1331,22.754718,1783330751.008,42.1433475,-1.5880419,303.03,46.65,0.73,-6.17,347.51
1332,22.771814,1783330751.025,42.1433486,-1.5880423,303.08,46.70,0.73,-6.15,347.49
1333,22.788910,1783330751.042,42.1433497,-1.5880426,303.13,46.75,0.73,-6.14,347.47
1334,22.806006,1783330751.059,42.1433508,-1.5880430,303.19,46.81,0.72,-6.13,347.46
1335,22.823102,1783330751.076,42.1433519,-1.5880433,303.24,46.86,0.72,-6.12,347.44
1336,22.840198,1783330751.093,42.1433529,-1.5880437,303.29,46.91,0.72,-6.11,347.42
1337,22.857294,1783330751.110,42.1433540,-1.5880440,303.35,46.97,0.71,-6.11,347.42
1338,22.874390,1783330751.127,42.1433551,-1.5880443,303.40,47.02,0.70,-6.12,347.44
1339,22.891486,1783330751.144,42.1433562,-1.5880447,303.45,47.07,0.69,-6.14,347.45
1340,22.908582,1783330751.162,42.1433572,-1.5880450,303.51,47.13,0.67,-6.15,347.47
1341,22.925678,1783330751.179,42.1433571,-1.5880449,302.87,46.49,0.66,-6.17,347.49
1342,22.942774,1783330751.196,42.1433613,-1.5880462,302.68,46.30,0.64,-6.19,347.50
1343,22.959870,1783330751.213,42.1433613,-1.5880462,303.04,46.66,0.65,-6.21,347.50
1344,22.976966,1783330751.230,42.1433624,-1.5880466,303.10,46.72,0.67,-6.24,347.49
1345,22.994062,1783330751.247,42.1433634,-1.5880469,303.15,46.77,0.68,-6.27,347.47
1346,23.011158,1783330751.264,42.1433645,-1.5880472,303.21,46.83,0.70,-6.30,347.46
1347,23.028254,1783330751.281,42.1433656,-1.5880476,303.26,46.88,0.71,-6.33,347.45
1348,23.045350,1783330751.298,42.1433667,-1.5880479,303.32,46.94,0.73,-6.36,347.43
1349,23.062446,1783330751.315,42.1433678,-1.5880482,303.37,46.99,0.73,-6.35,347.44
1350,23.079542,1783330751.333,42.1433689,-1.5880486,303.42,47.04,0.74,-6.35,347.44
1351,23.096638,1783330751.350,42.1433700,-1.5880489,303.48,47.10,0.74,-6.34,347.45
1352,23.113734,1783330751.367,42.1433678,-1.5880482,302.99,46.61,0.75,-6.33,347.46
1353,23.130830,1783330751.384,42.1433765,-1.5880510,302.59,46.21,0.75,-6.33,347.46
1354,23.147925,1783330751.401,42.1433752,-1.5880506,303.06,46.68,0.76,-6.32,347.47
1355,23.165021,1783330751.418,42.1433761,-1.5880509,303.11,46.73,0.76,-6.33,347.47
1356,23.182117,1783330751.435,42.1433771,-1.5880512,303.16,46.78,0.76,-6.34,347.46
1357,23.199213,1783330751.452,42.1433780,-1.5880515,303.21,46.83,0.76,-6.35,347.46
1358,23.216309,1783330751.469,42.1433790,-1.5880517,303.26,46.88,0.76,-6.36,347.46
1359,23.233405,1783330751.486,42.1433800,-1.5880520,303.31,46.93,0.76,-6.37,347.45
1360,23.250501,1783330751.504,42.1433809,-1.5880523,303.35,46.97,0.76,-6.38,347.45
1361,23.267597,1783330751.521,42.1433819,-1.5880526,303.40,47.02,0.78,-6.37,347.47
1362,23.284693,1783330751.538,42.1433828,-1.5880529,303.45,47.07,0.79,-6.36,347.49
1363,23.301789,1783330751.555,42.1433838,-1.5880532,303.50,47.12,0.81,-6.35,347.50
1364,23.318885,1783330751.572,42.1433838,-1.5880532,302.87,46.49,0.82,-6.34,347.52
1365,23.335981,1783330751.589,42.1433879,-1.5880546,303.03,46.65,0.84,-6.34,347.54
1366,23.353077,1783330751.606,42.1433889,-1.5880549,303.08,46.70,0.85,-6.34,347.54
1367,23.370173,1783330751.623,42.1433898,-1.5880552,303.13,46.75,0.84,-6.35,347.53
1368,23.387269,1783330751.640,42.1433908,-1.5880554,303.18,46.80,0.83,-6.37,347.51
1369,23.404365,1783330751.657,42.1433917,-1.5880557,303.23,46.85,0.82,-6.39,347.49
1370,23.421461,1783330751.674,42.1433927,-1.5880560,303.28,46.90,0.81,-6.40,347.47
1371,23.438557,1783330751.692,42.1433937,-1.5880563,303.33,46.95,0.80,-6.42,347.45
1372,23.455653,1783330751.709,42.1433946,-1.5880566,303.38,47.00,0.81,-6.43,347.44
1373,23.472749,1783330751.726,42.1433956,-1.5880569,303.43,47.05,0.84,-6.43,347.45
1374,23.489845,1783330751.743,42.1433965,-1.5880572,303.47,47.09,0.88,-6.42,347.46
1375,23.506941,1783330751.760,42.1433975,-1.5880575,303.52,47.14,0.91,-6.42,347.47
1376,23.524037,1783330751.777,42.1433998,-1.5880583,302.76,46.38,0.94,-6.41,347.48
1377,23.541132,1783330751.794,42.1434015,-1.5880588,303.05,46.67,0.97,-6.41,347.49
1378,23.558228,1783330751.811,42.1434024,-1.5880591,303.10,46.72,0.98,-6.41,347.50
1379,23.575324,1783330751.828,42.1434033,-1.5880594,303.14,46.76,0.99,-6.40,347.51
1380,23.592420,1783330751.845,42.1434041,-1.5880596,303.18,46.80,0.99,-6.40,347.52
1381,23.609516,1783330751.863,42.1434050,-1.5880599,303.23,46.85,0.99,-6.39,347.53
1382,23.626612,1783330751.880,42.1434059,-1.5880602,303.27,46.89,1.00,-6.39,347.54
1383,23.643708,1783330751.897,42.1434067,-1.5880604,303.31,46.93,1.00,-6.38,347.55
1384,23.660804,1783330751.914,42.1434076,-1.5880607,303.36,46.98,1.01,-6.38,347.54
1385,23.677900,1783330751.931,42.1434085,-1.5880610,303.40,47.02,1.02,-6.38,347.54
1386,23.694996,1783330751.948,42.1434093,-1.5880612,303.45,47.07,1.03,-6.38,347.53
1387,23.712092,1783330751.965,42.1434102,-1.5880615,303.49,47.11,1.04,-6.39,347.52
1388,23.729188,1783330751.982,42.1434110,-1.5880618,303.53,47.15,1.05,-6.39,347.52
1389,23.746284,1783330751.999,42.1434143,-1.5880628,302.70,46.32,1.06,-6.39,347.51
1390,23.763380,1783330752.016,42.1434152,-1.5880631,303.06,46.68,1.05,-6.40,347.50
1391,23.780476,1783330752.033,42.1434163,-1.5880634,303.11,46.73,1.04,-6.40,347.49
1392,23.797572,1783330752.051,42.1434173,-1.5880637,303.17,46.79,1.04,-6.41,347.49
1393,23.814668,1783330752.068,42.1434184,-1.5880641,303.23,46.85,1.03,-6.42,347.48
1394,23.831764,1783330752.085,42.1434195,-1.5880644,303.28,46.90,1.02,-6.42,347.47
1395,23.848860,1783330752.102,42.1434206,-1.5880647,303.34,46.96,1.01,-6.43,347.46
1396,23.865956,1783330752.119,42.1434217,-1.5880650,303.40,47.02,1.02,-6.43,347.46
1397,23.883052,1783330752.136,42.1434227,-1.5880653,303.45,47.07,1.02,-6.44,347.46
1398,23.900148,1783330752.153,42.1434238,-1.5880657,303.51,47.13,1.03,-6.44,347.47
1399,23.917244,1783330752.170,42.1434230,-1.5880655,302.91,46.53,1.04,-6.44,347.47
1400,23.934339,1783330752.187,42.1434279,-1.5880670,303.04,46.66,1.04,-6.45,347.47
1401,23.951435,1783330752.204,42.1434289,-1.5880673,303.09,46.71,1.05,-6.45,347.47
1402,23.968531,1783330752.222,42.1434298,-1.5880676,303.14,46.76,1.02,-6.45,347.49
1403,23.985627,1783330752.239,42.1434308,-1.5880679,303.19,46.81,1.00,-6.45,347.50
1404,24.002723,1783330752.256,42.1434318,-1.5880682,303.24,46.86,0.98,-6.46,347.52
1405,24.019819,1783330752.273,42.1434327,-1.5880685,303.29,46.91,0.96,-6.46,347.53
1406,24.036915,1783330752.290,42.1434337,-1.5880687,303.34,46.96,0.93,-6.46,347.55
1407,24.054011,1783330752.307,42.1434347,-1.5880690,303.39,47.01,0.91,-6.46,347.55
1408,24.071107,1783330752.324,42.1434357,-1.5880693,303.44,47.06,0.90,-6.47,347.52
1409,24.088203,1783330752.341,42.1434366,-1.5880696,303.49,47.11,0.88,-6.47,347.50
1410,24.105299,1783330752.358,42.1434376,-1.5880699,303.54,47.16,0.86,-6.48,347.47
1411,24.122395,1783330752.375,42.1434391,-1.5880705,302.80,46.42,0.85,-6.48,347.44
1412,24.139491,1783330752.392,42.1434417,-1.5880713,303.05,46.67,0.83,-6.49,347.41
1413,24.156587,1783330752.410,42.1434426,-1.5880716,303.10,46.72,0.82,-6.50,347.41
1414,24.173683,1783330752.427,42.1434436,-1.5880719,303.15,46.77,0.82,-6.51,347.42
1415,24.190779,1783330752.444,42.1434445,-1.5880721,303.21,46.83,0.82,-6.52,347.43
1416,24.207875,1783330752.461,42.1434455,-1.5880724,303.26,46.88,0.81,-6.54,347.44
1417,24.224971,1783330752.478,42.1434464,-1.5880727,303.31,46.93,0.81,-6.55,347.45
1418,24.242067,1783330752.495,42.1434474,-1.5880730,303.36,46.98,0.81,-6.57,347.46
1419,24.259163,1783330752.512,42.1434483,-1.5880732,303.41,47.03,0.80,-6.56,347.46
1420,24.276259,1783330752.529,42.1434493,-1.5880735,303.46,47.08,0.78,-6.54,347.45
1421,24.293355,1783330752.546,42.1434502,-1.5880738,303.51,47.13,0.76,-6.52,347.45
1422,24.310451,1783330752.563,42.1434512,-1.5880741,303.56,47.18,0.74,-6.51,347.44
1423,24.327546,1783330752.581,42.1434550,-1.5880754,302.68,46.30,0.72,-6.49,347.44
1424,24.344642,1783330752.598,42.1434553,-1.5880755,303.07,46.69,0.70,-6.47,347.43
1425,24.361738,1783330752.615,42.1434562,-1.5880758,303.12,46.74,0.70,-6.48,347.43
1426,24.378834,1783330752.632,42.1434572,-1.5880760,303.17,46.79,0.70,-6.50,347.43
1427,24.395930,1783330752.649,42.1434582,-1.5880763,303.22,46.84,0.70,-6.52,347.43
1428,24.413026,1783330752.666,42.1434591,-1.5880766,303.28,46.90,0.70,-6.54,347.44
1429,24.430122,1783330752.683,42.1434601,-1.5880769,303.33,46.95,0.70,-6.55,347.44
1430,24.447218,1783330752.700,42.1434610,-1.5880771,303.38,47.00,0.70,-6.57,347.44
1431,24.464314,1783330752.717,42.1434620,-1.5880774,303.43,47.05,0.67,-6.57,347.44
1432,24.481410,1783330752.734,42.1434630,-1.5880777,303.49,47.11,0.65,-6.57,347.43
1433,24.498506,1783330752.752,42.1434639,-1.5880780,303.54,47.16,0.62,-6.57,347.42
1434,24.515602,1783330752.769,42.1434623,-1.5880776,302.97,46.59,0.59,-6.57,347.42
1435,24.532698,1783330752.786,42.1434680,-1.5880794,303.04,46.66,0.56,-6.57,347.41
1436,24.549794,1783330752.803,42.1434689,-1.5880797,303.09,46.71,0.54,-6.57,347.41
1437,24.566890,1783330752.820,42.1434697,-1.5880799,303.14,46.76,0.57,-6.55,347.42
1438,24.583986,1783330752.837,42.1434706,-1.5880801,303.18,46.80,0.59,-6.54,347.43
1439,24.601082,1783330752.854,42.1434715,-1.5880804,303.23,46.85,0.61,-6.52,347.44
1440,24.618178,1783330752.871,42.1434723,-1.5880806,303.28,46.90,0.64,-6.51,347.45
1441,24.635274,1783330752.888,42.1434732,-1.5880809,303.32,46.94,0.66,-6.49,347.45
1442,24.652370,1783330752.905,42.1434741,-1.5880811,303.37,46.99,0.67,-6.48,347.46
1443,24.669466,1783330752.922,42.1434749,-1.5880814,303.42,47.04,0.65,-6.50,347.44
1444,24.686562,1783330752.940,42.1434758,-1.5880816,303.46,47.08,0.63,-6.51,347.43
1445,24.703658,1783330752.957,42.1434767,-1.5880819,303.51,47.13,0.60,-6.52,347.42
1446,24.720754,1783330752.974,42.1434775,-1.5880821,303.56,47.18,0.58,-6.54,347.41
1447,24.737849,1783330752.991,42.1434769,-1.5880821,302.91,46.53,0.55,-6.55,347.40
1448,24.754945,1783330753.008,42.1434816,-1.5880835,303.06,46.68,0.55,-6.54,347.39
1449,24.772041,1783330753.025,42.1434826,-1.5880839,303.12,46.74,0.56,-6.51,347.38
1450,24.789137,1783330753.042,42.1434837,-1.5880842,303.18,46.80,0.58,-6.47,347.37
1451,24.806233,1783330753.059,42.1434848,-1.5880845,303.23,46.85,0.59,-6.44,347.37
1452,24.823329,1783330753.076,42.1434858,-1.5880848,303.29,46.91,0.61,-6.40,347.36
1453,24.840425,1783330753.093,42.1434869,-1.5880851,303.35,46.97,0.62,-6.37,347.35
1454,24.857521,1783330753.111,42.1434880,-1.5880854,303.41,47.03,0.63,-6.38,347.36
1455,24.874617,1783330753.128,42.1434890,-1.5880857,303.47,47.09,0.62,-6.42,347.37
1456,24.891713,1783330753.145,42.1434901,-1.5880860,303.53,47.15,0.61,-6.47,347.39
1457,24.908809,1783330753.162,42.1434912,-1.5880863,303.59,47.21,0.60,-6.51,347.40
1458,24.925905,1783330753.179,42.1434943,-1.5880875,302.74,46.36,0.59,-6.56,347.42
1459,24.943001,1783330753.196,42.1434952,-1.5880877,303.10,46.72,0.58,-6.61,347.44
1460,24.960097,1783330753.213,42.1434962,-1.5880880,303.15,46.77,0.58,-6.58,347.42
1461,24.977193,1783330753.230,42.1434971,-1.5880882,303.20,46.82,0.57,-6.53,347.39
1462,24.994289,1783330753.247,42.1434981,-1.5880885,303.26,46.88,0.57,-6.49,347.36
1463,25.011385,1783330753.264,42.1434990,-1.5880888,303.31,46.93,0.57,-6.44,347.33
1464,25.028481,1783330753.281,42.1435000,-1.5880891,303.36,46.98,0.56,-6.39,347.30
1465,25.045577,1783330753.299,42.1435009,-1.5880894,303.41,47.03,0.56,-6.34,347.27
1466,25.062673,1783330753.316,42.1435019,-1.5880897,303.46,47.08,0.58,-6.38,347.28
1467,25.079769,1783330753.333,42.1435029,-1.5880900,303.51,47.13,0.60,-6.44,347.29
1468,25.096865,1783330753.350,42.1435038,-1.5880902,303.56,47.18,0.62,-6.50,347.30
1469,25.113961,1783330753.367,42.1435016,-1.5880896,303.05,46.67,0.64,-6.56,347.32
1470,25.131056,1783330753.384,42.1435101,-1.5880924,302.61,46.23,0.66,-6.62,347.33
1471,25.148152,1783330753.401,42.1435088,-1.5880919,303.12,46.74,0.68,-6.68,347.34
1472,25.165248,1783330753.418,42.1435098,-1.5880921,303.17,46.79,0.68,-6.67,347.35
1473,25.182344,1783330753.435,42.1435107,-1.5880924,303.22,46.84,0.68,-6.66,347.35
1474,25.199440,1783330753.452,42.1435117,-1.5880927,303.27,46.89,0.68,-6.65,347.36
1475,25.216536,1783330753.470,42.1435127,-1.5880930,303.33,46.95,0.68,-6.64,347.36
1476,25.233632,1783330753.487,42.1435136,-1.5880933,303.38,47.00,0.68,-6.63,347.37
1477,25.250728,1783330753.504,42.1435146,-1.5880936,303.43,47.05,0.68,-6.62,347.37
1478,25.267824,1783330753.521,42.1435156,-1.5880939,303.48,47.10,0.69,-6.64,347.34
1479,25.284920,1783330753.538,42.1435165,-1.5880941,303.54,47.16,0.69,-6.65,347.32
1480,25.302016,1783330753.555,42.1435175,-1.5880944,303.59,47.21,0.70,-6.66,347.30
1481,25.319112,1783330753.572,42.1435174,-1.5880946,302.91,46.53,0.70,-6.68,347.28
1482,25.336208,1783330753.589,42.1435214,-1.5880959,303.08,46.70,0.71,-6.69,347.26
1483,25.353304,1783330753.606,42.1435224,-1.5880961,303.14,46.76,0.71,-6.70,347.25
1484,25.370400,1783330753.623,42.1435234,-1.5880964,303.19,46.81,0.73,-6.72,347.26
1485,25.387496,1783330753.640,42.1435243,-1.5880967,303.24,46.86,0.74,-6.74,347.28
1486,25.404592,1783330753.658,42.1435253,-1.5880969,303.29,46.91,0.76,-6.75,347.30
1487,25.421688,1783330753.675,42.1435263,-1.5880972,303.35,46.97,0.77,-6.77,347.31
1488,25.438784,1783330753.692,42.1435272,-1.5880975,303.40,47.02,0.78,-6.78,347.33
1489,25.455880,1783330753.709,42.1435282,-1.5880977,303.45,47.07,0.78,-6.77,347.34
1490,25.472976,1783330753.726,42.1435292,-1.5880980,303.51,47.13,0.76,-6.73,347.33
1491,25.490072,1783330753.743,42.1435301,-1.5880983,303.56,47.18,0.75,-6.69,347.32
1492,25.507168,1783330753.760,42.1435311,-1.5880985,303.61,47.23,0.73,-6.65,347.31
1493,25.524263,1783330753.777,42.1435333,-1.5880996,302.79,46.41,0.71,-6.61,347.30
1494,25.541359,1783330753.794,42.1435350,-1.5880999,303.10,46.72,0.70,-6.57,347.29
1495,25.558455,1783330753.811,42.1435358,-1.5881002,303.15,46.77,0.69,-6.59,347.29
1496,25.575551,1783330753.829,42.1435367,-1.5881004,303.20,46.82,0.69,-6.63,347.29
1497,25.592647,1783330753.846,42.1435376,-1.5881007,303.25,46.87,0.69,-6.67,347.29
1498,25.609743,1783330753.863,42.1435384,-1.5881009,303.29,46.91,0.70,-6.71,347.28
1499,25.626839,1783330753.880,42.1435393,-1.5881012,303.34,46.96,0.70,-6.75,347.28
1500,25.643935,1783330753.897,42.1435402,-1.5881014,303.39,47.01,0.70,-6.79,347.28
1501,25.661031,1783330753.914,42.1435411,-1.5881017,303.43,47.05,0.70,-6.78,347.28
1502,25.678127,1783330753.931,42.1435419,-1.5881019,303.48,47.10,0.71,-6.75,347.28
1503,25.695223,1783330753.948,42.1435428,-1.5881022,303.53,47.15,0.71,-6.71,347.28
1504,25.712319,1783330753.965,42.1435437,-1.5881024,303.58,47.20,0.71,-6.68,347.29
1505,25.729415,1783330753.982,42.1435446,-1.5881027,303.62,47.24,0.72,-6.65,347.29
1506,25.746511,1783330754.000,42.1435477,-1.5881040,302.74,46.36,0.72,-6.62,347.29
1507,25.763607,1783330754.017,42.1435484,-1.5881041,303.14,46.76,0.73,-6.65,347.28
1508,25.780703,1783330754.034,42.1435495,-1.5881044,303.19,46.81,0.75,-6.68,347.26
1509,25.797799,1783330754.051,42.1435506,-1.5881047,303.25,46.87,0.76,-6.71,347.25
1510,25.814895,1783330754.068,42.1435517,-1.5881050,303.31,46.93,0.78,-6.75,347.23
1511,25.831991,1783330754.085,42.1435528,-1.5881053,303.36,46.98,0.80,-6.78,347.21
1512,25.849087,1783330754.102,42.1435539,-1.5881056,303.42,47.04,0.81,-6.81,347.20
1513,25.866183,1783330754.119,42.1435550,-1.5881060,303.48,47.10,0.82,-6.83,347.20
1514,25.883279,1783330754.136,42.1435561,-1.5881063,303.53,47.15,0.82,-6.85,347.20
1515,25.900375,1783330754.153,42.1435572,-1.5881066,303.59,47.21,0.83,-6.87,347.21
1516,25.917470,1783330754.170,42.1435565,-1.5881066,302.98,46.60,0.83,-6.89,347.21
1517,25.934566,1783330754.188,42.1435611,-1.5881080,303.11,46.73,0.84,-6.91,347.21
1518,25.951662,1783330754.205,42.1435620,-1.5881083,303.15,46.77,0.84,-6.92,347.21
1519,25.968758,1783330754.222,42.1435629,-1.5881085,303.20,46.82,0.84,-6.91,347.22
1520,25.985854,1783330754.239,42.1435638,-1.5881088,303.24,46.86,0.84,-6.90,347.23
1521,26.002950,1783330754.256,42.1435646,-1.5881090,303.29,46.91,0.84,-6.89,347.24
1522,26.020046,1783330754.273,42.1435655,-1.5881093,303.34,46.96,0.84,-6.88,347.25
1523,26.037142,1783330754.290,42.1435664,-1.5881095,303.38,47.00,0.84,-6.88,347.26
1524,26.054238,1783330754.307,42.1435673,-1.5881098,303.43,47.05,0.84,-6.88,347.26
1525,26.071334,1783330754.324,42.1435682,-1.5881100,303.48,47.10,0.84,-6.89,347.25
1526,26.088430,1783330754.341,42.1435690,-1.5881103,303.52,47.14,0.84,-6.91,347.23
1527,26.105526,1783330754.359,42.1435699,-1.5881105,303.57,47.19,0.85,-6.93,347.21
1528,26.122622,1783330754.376,42.1435708,-1.5881108,303.61,47.23,0.85,-6.94,347.20
1529,26.139718,1783330754.393,42.1435747,-1.5881123,303.12,46.74,0.85,-6.96,347.18
1530,26.156814,1783330754.410,42.1435757,-1.5881126,303.17,46.79,0.84,-6.96,347.17
1531,26.173910,1783330754.427,42.1435767,-1.5881128,303.22,46.84,0.83,-6.93,347.18
1532,26.191006,1783330754.444,42.1435777,-1.5881131,303.28,46.90,0.82,-6.90,347.18
1533,26.208102,1783330754.461,42.1435786,-1.5881134,303.33,46.95,0.81,-6.87,347.18
1534,26.225198,1783330754.478,42.1435796,-1.5881136,303.38,47.00,0.80,-6.85,347.19
1535,26.242294,1783330754.495,42.1435806,-1.5881139,303.43,47.05,0.78,-6.82,347.19
1536,26.259390,1783330754.512,42.1435816,-1.5881142,303.48,47.10,0.79,-6.82,347.19
1537,26.276486,1783330754.529,42.1435825,-1.5881144,303.53,47.15,0.81,-6.84,347.18
1538,26.293582,1783330754.547,42.1435835,-1.5881147,303.58,47.20,0.83,-6.85,347.18
1539,26.310677,1783330754.564,42.1435845,-1.5881150,303.63,47.25,0.85,-6.87,347.17
1540,26.327773,1783330754.581,42.1435881,-1.5881166,302.71,46.33,0.87,-6.88,347.17
1541,26.344869,1783330754.598,42.1435882,-1.5881165,303.14,46.76,0.89,-6.90,347.16
1542,26.361965,1783330754.615,42.1435892,-1.5881168,303.19,46.81,0.91,-6.90,347.15
1543,26.379061,1783330754.632,42.1435902,-1.5881171,303.24,46.86,0.93,-6.90,347.13
1544,26.396157,1783330754.649,42.1435912,-1.5881173,303.29,46.91,0.95,-6.90,347.12
1545,26.413253,1783330754.666,42.1435922,-1.5881176,303.34,46.96,0.97,-6.91,347.10
1546,26.430349,1783330754.683,42.1435932,-1.5881179,303.39,47.01,0.99,-6.91,347.09
1547,26.447445,1783330754.700,42.1435941,-1.5881182,303.44,47.06,1.01,-6.91,347.07
1548,26.464541,1783330754.718,42.1435951,-1.5881184,303.49,47.11,1.03,-6.90,347.07
1549,26.481637,1783330754.735,42.1435961,-1.5881187,303.54,47.16,1.04,-6.88,347.07
1550,26.498733,1783330754.752,42.1435971,-1.5881190,303.59,47.21,1.06,-6.87,347.08
1551,26.515829,1783330754.769,42.1435956,-1.5881188,303.01,46.63,1.07,-6.86,347.08
1552,26.532925,1783330754.786,42.1436009,-1.5881205,303.08,46.70,1.09,-6.84,347.08
1553,26.550021,1783330754.803,42.1436018,-1.5881208,303.13,46.75,1.10,-6.83,347.08
1554,26.567117,1783330754.820,42.1436027,-1.5881210,303.18,46.80,1.10,-6.83,347.06
1555,26.584213,1783330754.837,42.1436035,-1.5881213,303.22,46.84,1.10,-6.83,347.05
1556,26.601309,1783330754.854,42.1436044,-1.5881215,303.27,46.89,1.11,-6.83,347.04
1557,26.618405,1783330754.871,42.1436053,-1.5881217,303.32,46.94,1.11,-6.83,347.02
1558,26.635501,1783330754.889,42.1436062,-1.5881220,303.36,46.98,1.11,-6.83,347.01
1559,26.652597,1783330754.906,42.1436070,-1.5881222,303.41,47.03,1.11,-6.83,347.00
1560,26.669693,1783330754.923,42.1436079,-1.5881225,303.46,47.08,1.10,-6.82,346.98
1561,26.686789,1783330754.940,42.1436088,-1.5881227,303.50,47.12,1.09,-6.81,346.96
1562,26.703884,1783330754.957,42.1436096,-1.5881230,303.55,47.17,1.09,-6.80,346.95
1563,26.720980,1783330754.974,42.1436105,-1.5881232,303.60,47.22,1.08,-6.79,346.93
1564,26.738076,1783330754.991,42.1436099,-1.5881234,302.94,46.56,1.07,-6.78,346.92
1565,26.755172,1783330755.008,42.1436143,-1.5881247,303.09,46.71,1.08,-6.76,346.90
1566,26.772268,1783330755.025,42.1436154,-1.5881251,303.15,46.77,1.12,-6.74,346.89
1567,26.789364,1783330755.042,42.1436165,-1.5881254,303.21,46.83,1.15,-6.72,346.88
1568,26.806460,1783330755.059,42.1436176,-1.5881257,303.27,46.89,1.18,-6.69,346.87
1569,26.823556,1783330755.077,42.1436187,-1.5881260,303.32,46.94,1.21,-6.67,346.86
1570,26.840652,1783330755.094,42.1436198,-1.5881263,303.38,47.00,1.25,-6.65,346.85
1571,26.857748,1783330755.111,42.1436209,-1.5881266,303.44,47.06,1.26,-6.66,346.84
1572,26.874844,1783330755.128,42.1436220,-1.5881269,303.50,47.12,1.27,-6.68,346.85
1573,26.891940,1783330755.145,42.1436231,-1.5881272,303.56,47.18,1.27,-6.71,346.85
1574,26.909036,1783330755.162,42.1436242,-1.5881275,303.62,47.24,1.27,-6.74,346.85
1575,26.926132,1783330755.179,42.1436271,-1.5881289,302.74,46.36,1.28,-6.77,346.86
1576,26.943228,1783330755.196,42.1436281,-1.5881291,303.10,46.72,1.28,-6.79,346.86
1577,26.960324,1783330755.213,42.1436291,-1.5881293,303.16,46.78,1.29,-6.83,346.85
1578,26.977420,1783330755.230,42.1436301,-1.5881296,303.21,46.83,1.30,-6.86,346.82
1579,26.994516,1783330755.248,42.1436310,-1.5881299,303.27,46.89,1.31,-6.90,346.80
1580,27.011612,1783330755.265,42.1436320,-1.5881301,303.32,46.94,1.32,-6.94,346.78
1581,27.028708,1783330755.282,42.1436330,-1.5881304,303.37,46.99,1.33,-6.98,346.76
1582,27.045804,1783330755.299,42.1436339,-1.5881307,303.43,47.05,1.34,-7.02,346.74
1583,27.062900,1783330755.316,42.1436349,-1.5881309,303.48,47.10,1.36,-7.04,346.76
1584,27.079996,1783330755.333,42.1436359,-1.5881312,303.54,47.16,1.39,-7.07,346.79
1585,27.097091,1783330755.350,42.1436368,-1.5881315,303.59,47.21,1.41,-7.09,346.81
1586,27.114187,1783330755.367,42.1436344,-1.5881310,303.04,46.66,1.43,-7.12,346.84
1587,27.131283,1783330755.384,42.1436428,-1.5881338,302.62,46.24,1.46,-7.15,346.87
1588,27.148379,1783330755.401,42.1436416,-1.5881333,303.13,46.75,1.48,-7.17,346.89
1589,27.165475,1783330755.418,42.1436426,-1.5881335,303.18,46.80,1.50,-7.22,346.89
1590,27.182571,1783330755.436,42.1436435,-1.5881338,303.24,46.86,1.51,-7.28,346.88
1591,27.199667,1783330755.453,42.1436445,-1.5881340,303.29,46.91,1.53,-7.33,346.88
1592,27.216763,1783330755.470,42.1436455,-1.5881343,303.35,46.97,1.54,-7.38,346.88
1593,27.233859,1783330755.487,42.1436464,-1.5881346,303.40,47.02,1.56,-7.44,346.87
1594,27.250955,1783330755.504,42.1436474,-1.5881348,303.46,47.08,1.57,-7.47,346.87
1595,27.268051,1783330755.521,42.1436484,-1.5881351,303.51,47.13,1.58,-7.42,346.90
1596,27.285147,1783330755.538,42.1436493,-1.5881354,303.56,47.18,1.59,-7.37,346.92
1597,27.302243,1783330755.555,42.1436503,-1.5881356,303.62,47.24,1.60,-7.32,346.94
1598,27.319339,1783330755.572,42.1436502,-1.5881359,302.92,46.54,1.61,-7.27,346.96
1599,27.336435,1783330755.589,42.1436541,-1.5881372,303.10,46.72,1.61,-7.22,346.99
1600,27.353531,1783330755.607,42.1436551,-1.5881374,303.16,46.78,1.61,-7.20,346.99
1601,27.370627,1783330755.624,42.1436561,-1.5881377,303.21,46.83,1.60,-7.22,346.97
1602,27.387723,1783330755.641,42.1436571,-1.5881380,303.27,46.89,1.58,-7.24,346.95
1603,27.404819,1783330755.658,42.1436580,-1.5881383,303.32,46.94,1.57,-7.26,346.93
1604,27.421915,1783330755.675,42.1436590,-1.5881385,303.38,47.00,1.55,-7.28,346.91
1605,27.439011,1783330755.692,42.1436600,-1.5881388,303.43,47.05,1.54,-7.30,346.89
1606,27.456107,1783330755.709,42.1436610,-1.5881391,303.49,47.11,1.51,-7.34,346.89
1607,27.473203,1783330755.726,42.1436619,-1.5881394,303.54,47.16,1.47,-7.40,346.91
1608,27.490299,1783330755.743,42.1436629,-1.5881396,303.60,47.22,1.42,-7.47,346.93
1609,27.507394,1783330755.760,42.1436639,-1.5881399,303.65,47.27,1.38,-7.53,346.95
1610,27.524490,1783330755.777,42.1436660,-1.5881409,302.81,46.43,1.34,-7.59,346.96
1611,27.541586,1783330755.795,42.1436677,-1.5881413,303.14,46.76,1.30,-7.66,346.98
1612,27.558682,1783330755.812,42.1436686,-1.5881416,303.19,46.81,1.25,-7.71,346.99
1613,27.575778,1783330755.829,42.1436694,-1.5881418,303.24,46.86,1.20,-7.77,347.00
1614,27.592874,1783330755.846,42.1436703,-1.5881421,303.28,46.90,1.15,-7.82,347.00
1615,27.609970,1783330755.863,42.1436712,-1.5881423,303.33,46.95,1.10,-7.88,347.01
1616,27.627066,1783330755.880,42.1436721,-1.5881426,303.38,47.00,1.05,-7.93,347.01
1617,27.644162,1783330755.897,42.1436730,-1.5881428,303.42,47.04,1.00,-7.99,347.02
1618,27.661258,1783330755.914,42.1436738,-1.5881431,303.47,47.09,1.00,-7.97,347.00
1619,27.678354,1783330755.931,42.1436747,-1.5881433,303.51,47.13,1.01,-7.93,346.98
1620,27.695450,1783330755.948,42.1436756,-1.5881436,303.56,47.18,1.01,-7.90,346.96
1621,27.712546,1783330755.966,42.1436765,-1.5881438,303.61,47.23,1.02,-7.86,346.94
1622,27.729642,1783330755.983,42.1436774,-1.5881441,303.65,47.27,1.03,-7.82,346.91
1623,27.746738,1783330756.000,42.1436803,-1.5881453,302.77,46.39,1.04,-7.78,346.89
1624,27.763834,1783330756.017,42.1436812,-1.5881455,303.15,46.77,1.03,-7.73,346.90
1625,27.780930,1783330756.034,42.1436823,-1.5881458,303.21,46.83,1.03,-7.67,346.91
1626,27.798026,1783330756.051,42.1436834,-1.5881461,303.27,46.89,1.02,-7.61,346.92
1627,27.815122,1783330756.068,42.1436845,-1.5881464,303.33,46.95,1.01,-7.55,346.93
1628,27.832218,1783330756.085,42.1436856,-1.5881467,303.39,47.01,1.01,-7.49,346.94
1629,27.849314,1783330756.102,42.1436867,-1.5881470,303.45,47.07,1.00,-7.44,346.95
1630,27.866410,1783330756.119,42.1436878,-1.5881473,303.51,47.13,0.98,-7.43,346.93
1631,27.883506,1783330756.137,42.1436889,-1.5881476,303.57,47.19,0.96,-7.42,346.91
1632,27.900601,1783330756.154,42.1436900,-1.5881479,303.63,47.25,0.94,-7.41,346.90
1633,27.917697,1783330756.171,42.1436880,-1.5881475,303.07,46.69,0.92,-7.40,346.88
1634,27.934793,1783330756.188,42.1436922,-1.5881488,302.86,46.48,0.90,-7.39,346.86
1635,27.951889,1783330756.205,42.1436963,-1.5881501,302.65,46.27,0.88,-7.38,346.85
1636,27.968985,1783330756.222,42.1436949,-1.5881496,303.18,46.80,0.91,-7.37,346.87
1637,27.986081,1783330756.239,42.1436960,-1.5881499,303.24,46.86,0.93,-7.36,346.89
1638,28.003177,1783330756.256,42.1436971,-1.5881502,303.30,46.92,0.95,-7.36,346.91
1639,28.020273,1783330756.273,42.1436982,-1.5881505,303.36,46.98,0.97,-7.35,346.92
1640,28.037369,1783330756.290,42.1436993,-1.5881508,303.42,47.04,0.99,-7.34,346.94
1641,28.054465,1783330756.307,42.1437004,-1.5881511,303.48,47.10,1.01,-7.35,346.95
1642,28.071561,1783330756.325,42.1437015,-1.5881515,303.54,47.16,1.04,-7.36,346.95
1643,28.088657,1783330756.342,42.1437026,-1.5881518,303.60,47.22,1.07,-7.38,346.95
1644,28.105753,1783330756.359,42.1437038,-1.5881521,303.66,47.28,1.09,-7.40,346.96
1645,28.122849,1783330756.376,42.1437052,-1.5881528,302.86,46.48,1.12,-7.42,346.96
1646,28.139945,1783330756.393,42.1437076,-1.5881534,303.15,46.77,1.15,-7.43,346.96
1647,28.157041,1783330756.410,42.1437086,-1.5881537,303.21,46.83,1.17,-7.42,346.95
1648,28.174137,1783330756.427,42.1437096,-1.5881540,303.26,46.88,1.19,-7.37,346.94
1649,28.191233,1783330756.444,42.1437106,-1.5881543,303.31,46.93,1.21,-7.33,346.93
1650,28.208329,1783330756.461,42.1437116,-1.5881546,303.36,46.98,1.23,-7.29,346.92
1651,28.225425,1783330756.478,42.1437126,-1.5881549,303.41,47.03,1.25,-7.25,346.91
1652,28.242521,1783330756.496,42.1437136,-1.5881552,303.47,47.09,1.26,-7.20,346.90
1653,28.259617,1783330756.513,42.1437145,-1.5881555,303.52,47.14,1.28,-7.20,346.90
1654,28.276713,1783330756.530,42.1437155,-1.5881558,303.57,47.19,1.30,-7.20,346.89
1655,28.293808,1783330756.547,42.1437165,-1.5881561,303.62,47.24,1.32,-7.21,346.89
1656,28.310904,1783330756.564,42.1437175,-1.5881564,303.67,47.29,1.33,-7.22,346.89
1657,28.328000,1783330756.581,42.1437211,-1.5881578,302.74,46.36,1.35,-7.23,346.88
1658,28.345096,1783330756.598,42.1437212,-1.5881577,303.17,46.79,1.37,-7.24,346.88
1659,28.362192,1783330756.615,42.1437222,-1.5881580,303.22,46.84,1.36,-7.23,346.90
1660,28.379288,1783330756.632,42.1437232,-1.5881583,303.28,46.90,1.34,-7.22,346.91
1661,28.396384,1783330756.649,42.1437242,-1.5881586,303.33,46.95,1.33,-7.21,346.93
1662,28.413480,1783330756.666,42.1437252,-1.5881589,303.38,47.00,1.31,-7.20,346.95
1663,28.430576,1783330756.684,42.1437262,-1.5881592,303.44,47.06,1.30,-7.19,346.97
1664,28.447672,1783330756.701,42.1437272,-1.5881595,303.49,47.11,1.28,-7.18,346.99
1665,28.464768,1783330756.718,42.1437282,-1.5881598,303.54,47.16,1.31,-7.16,346.99
1666,28.481864,1783330756.735,42.1437292,-1.5881601,303.59,47.21,1.35,-7.14,346.98
1667,28.498960,1783330756.752,42.1437302,-1.5881604,303.65,47.27,1.38,-7.12,346.98
1668,28.516056,1783330756.769,42.1437286,-1.5881600,303.05,46.67,1.42,-7.10,346.98
1669,28.533152,1783330756.786,42.1437340,-1.5881617,303.13,46.75,1.45,-7.09,346.97
1670,28.550248,1783330756.803,42.1437349,-1.5881620,303.18,46.80,1.48,-7.07,346.97
1671,28.567344,1783330756.820,42.1437358,-1.5881622,303.23,46.85,1.51,-7.09,346.95
1672,28.584440,1783330756.837,42.1437367,-1.5881625,303.28,46.90,1.54,-7.11,346.93
1673,28.601536,1783330756.855,42.1437376,-1.5881628,303.33,46.95,1.57,-7.12,346.91
1674,28.618632,1783330756.872,42.1437385,-1.5881630,303.38,47.00,1.59,-7.14,346.89
1675,28.635728,1783330756.889,42.1437394,-1.5881633,303.42,47.04,1.62,-7.16,346.87
1676,28.652824,1783330756.906,42.1437403,-1.5881636,303.47,47.09,1.65,-7.15,346.86
1677,28.669920,1783330756.923,42.1437412,-1.5881638,303.52,47.14,1.70,-7.10,346.87
1678,28.687015,1783330756.940,42.1437420,-1.5881641,303.57,47.19,1.75,-7.04,346.88
1679,28.704111,1783330756.957,42.1437429,-1.5881644,303.62,47.24,1.79,-6.99,346.89
1680,28.721207,1783330756.974,42.1437438,-1.5881646,303.67,47.29,1.84,-6.94,346.90
1681,28.738303,1783330756.991,42.1437432,-1.5881646,302.98,46.60,1.88,-6.88,346.91
1682,28.755399,1783330757.008,42.1437475,-1.5881660,303.15,46.77,1.92,-6.85,346.91
1683,28.772495,1783330757.025,42.1437486,-1.5881663,303.21,46.83,1.93,-6.85,346.91
1684,28.789591,1783330757.043,42.1437497,-1.5881666,303.27,46.89,1.95,-6.85,346.90
1685,28.806687,1783330757.060,42.1437509,-1.5881669,303.33,46.95,1.97,-6.85,346.90
1686,28.823783,1783330757.077,42.1437520,-1.5881673,303.39,47.01,1.99,-6.85,346.89
1687,28.840879,1783330757.094,42.1437531,-1.5881676,303.45,47.07,2.00,-6.85,346.89
1688,28.857975,1783330757.111,42.1437542,-1.5881679,303.52,47.14,2.02,-6.83,346.89
1689,28.875071,1783330757.128,42.1437553,-1.5881683,303.58,47.20,2.02,-6.80,346.88
1690,28.892167,1783330757.145,42.1437565,-1.5881686,303.64,47.26,2.03,-6.77,346.88
1691,28.909263,1783330757.162,42.1437576,-1.5881689,303.70,47.32,2.04,-6.73,346.88
1692,28.926359,1783330757.179,42.1437605,-1.5881701,302.79,46.41,2.05,-6.70,346.87
1693,28.943455,1783330757.196,42.1437614,-1.5881703,303.18,46.80,2.06,-6.67,346.87
1694,28.960551,1783330757.214,42.1437624,-1.5881706,303.24,46.86,2.06,-6.66,346.87
1695,28.977647,1783330757.231,42.1437634,-1.5881709,303.29,46.91,2.07,-6.65,346.88
1696,28.994743,1783330757.248,42.1437644,-1.5881711,303.34,46.96,2.07,-6.65,346.88
1697,29.011839,1783330757.265,42.1437654,-1.5881714,303.39,47.01,2.08,-6.65,346.88
1698,29.028935,1783330757.282,42.1437664,-1.5881717,303.44,47.06,2.08,-6.64,346.89
1699,29.046031,1783330757.299,42.1437674,-1.5881720,303.50,47.12,2.09,-6.64,346.89
1700,29.063127,1783330757.316,42.1437684,-1.5881723,303.55,47.17,2.07,-6.65,346.90
1701,29.080222,1783330757.333,42.1437694,-1.5881726,303.60,47.22,2.04,-6.66,346.90
1702,29.097318,1783330757.350,42.1437704,-1.5881728,303.65,47.27,2.02,-6.67,346.91
1703,29.114414,1783330757.367,42.1437681,-1.5881723,303.10,46.72,2.00,-6.68,346.92
1704,29.131510,1783330757.385,42.1437764,-1.5881751,302.66,46.28,1.97,-6.69,346.92
1705,29.148606,1783330757.402,42.1437751,-1.5881745,303.21,46.83,1.95,-6.70,346.93
1706,29.165702,1783330757.419,42.1437761,-1.5881748,303.26,46.88,1.93,-6.74,346.93
1707,29.182798,1783330757.436,42.1437771,-1.5881750,303.31,46.93,1.90,-6.78,346.92
1708,29.199894,1783330757.453,42.1437781,-1.5881753,303.37,46.99,1.88,-6.82,346.92
1709,29.216990,1783330757.470,42.1437791,-1.5881756,303.42,47.04,1.86,-6.86,346.92
1710,29.234086,1783330757.487,42.1437801,-1.5881759,303.47,47.09,1.84,-6.90,346.91
1711,29.251182,1783330757.504,42.1437811,-1.5881762,303.52,47.14,1.82,-6.94,346.91
1712,29.268278,1783330757.521,42.1437821,-1.5881765,303.57,47.19,1.81,-6.98,346.91
1713,29.285374,1783330757.538,42.1437831,-1.5881767,303.63,47.25,1.80,-7.02,346.92
1714,29.302470,1783330757.555,42.1437841,-1.5881770,303.68,47.30,1.79,-7.07,346.92
1715,29.319566,1783330757.573,42.1437841,-1.5881772,302.99,46.61,1.78,-7.11,346.92
1716,29.336662,1783330757.590,42.1437877,-1.5881783,303.20,46.82,1.78,-7.15,346.93
1717,29.353758,1783330757.607,42.1437887,-1.5881786,303.25,46.87,1.76,-7.17,346.93
1718,29.370854,1783330757.624,42.1437897,-1.5881789,303.30,46.92,1.75,-7.14,346.93
1719,29.387950,1783330757.641,42.1437907,-1.5881792,303.35,46.97,1.73,-7.11,346.93
1720,29.405046,1783330757.658,42.1437917,-1.5881795,303.40,47.02,1.71,-7.08,346.94
1721,29.422142,1783330757.675,42.1437927,-1.5881797,303.45,47.07,1.70,-7.05,346.94
1722,29.439238,1783330757.692,42.1437937,-1.5881800,303.50,47.12,1.68,-7.02,346.94
1723,29.456334,1783330757.709,42.1437948,-1.5881803,303.55,47.17,1.66,-6.96,346.94
1724,29.473429,1783330757.726,42.1437958,-1.5881806,303.60,47.22,1.63,-6.87,346.94
1725,29.490525,1783330757.744,42.1437968,-1.5881809,303.65,47.27,1.60,-6.78,346.94
1726,29.507621,1783330757.761,42.1437978,-1.5881812,303.70,47.32,1.57,-6.69,346.95
1727,29.524717,1783330757.778,42.1437999,-1.5881822,302.86,46.48,1.54,-6.60,346.95
1728,29.541813,1783330757.795,42.1438012,-1.5881824,303.21,46.83,1.51,-6.51,346.95
1729,29.558909,1783330757.812,42.1438022,-1.5881827,303.26,46.88,1.48,-6.45,346.95
1730,29.576005,1783330757.829,42.1438031,-1.5881830,303.30,46.92,1.45,-6.40,346.96
1731,29.593101,1783330757.846,42.1438040,-1.5881832,303.35,46.97,1.41,-6.36,346.97
1732,29.610197,1783330757.863,42.1438049,-1.5881835,303.39,47.01,1.38,-6.31,346.97
1733,29.627293,1783330757.880,42.1438059,-1.5881838,303.43,47.05,1.35,-6.27,346.98
1734,29.644389,1783330757.897,42.1438068,-1.5881840,303.48,47.10,1.32,-6.22,346.99
1735,29.661485,1783330757.914,42.1438077,-1.5881843,303.52,47.14,1.31,-6.18,346.97
1736,29.678581,1783330757.932,42.1438087,-1.5881846,303.56,47.18,1.31,-6.15,346.95
1737,29.695677,1783330757.949,42.1438096,-1.5881848,303.61,47.23,1.31,-6.11,346.93
1738,29.712773,1783330757.966,42.1438105,-1.5881851,303.65,47.27,1.31,-6.08,346.91
1739,29.729869,1783330757.983,42.1438115,-1.5881854,303.69,47.31,1.31,-6.05,346.89
1740,29.746965,1783330758.000,42.1438144,-1.5881866,302.80,46.42,1.31,-6.01,346.87
1741,29.764061,1783330758.017,42.1438151,-1.5881867,303.21,46.83,1.30,-6.01,346.88
1742,29.781157,1783330758.034,42.1438162,-1.5881870,303.27,46.89,1.28,-6.01,346.89
1743,29.798253,1783330758.051,42.1438174,-1.5881873,303.32,46.94,1.27,-6.02,346.90
1744,29.815349,1783330758.068,42.1438185,-1.5881876,303.38,47.00,1.26,-6.02,346.90
1745,29.832445,1783330758.085,42.1438197,-1.5881879,303.44,47.06,1.24,-6.02,346.91
1746,29.849541,1783330758.103,42.1438208,-1.5881883,303.50,47.12,1.23,-6.02,346.92
1747,29.866636,1783330758.120,42.1438220,-1.5881886,303.55,47.17,1.24,-6.05,346.93
1748,29.883732,1783330758.137,42.1438232,-1.5881889,303.61,47.23,1.25,-6.07,346.94
1749,29.900828,1783330758.154,42.1438243,-1.5881892,303.67,47.29,1.26,-6.10,346.95
1750,29.917924,1783330758.171,42.1438234,-1.5881891,303.04,46.66,1.27,-6.13,346.96
1751,29.935020,1783330758.188,42.1438280,-1.5881905,303.18,46.80,1.27,-6.15,346.97
1752,29.952116,1783330758.205,42.1438289,-1.5881908,303.22,46.84,1.28,-6.18,346.98
1753,29.969212,1783330758.222,42.1438299,-1.5881910,303.27,46.89,1.28,-6.21,346.97
1754,29.986308,1783330758.239,42.1438308,-1.5881913,303.32,46.94,1.29,-6.24,346.97
1755,30.003404,1783330758.256,42.1438317,-1.5881915,303.36,46.98,1.29,-6.27,346.96
1756,30.020500,1783330758.274,42.1438326,-1.5881918,303.41,47.03,1.29,-6.30,346.96
1757,30.037596,1783330758.291,42.1438335,-1.5881920,303.45,47.07,1.30,-6.33,346.95
1758,30.054692,1783330758.308,42.1438344,-1.5881923,303.50,47.12,1.30,-6.36,346.95
1759,30.071788,1783330758.325,42.1438353,-1.5881925,303.55,47.17,1.30,-6.38,346.96
1760,30.088884,1783330758.342,42.1438362,-1.5881928,303.59,47.21,1.30,-6.40,346.97
1761,30.105980,1783330758.359,42.1438371,-1.5881930,303.64,47.26,1.30,-6.41,346.98
1762,30.123076,1783330758.376,42.1438380,-1.5881933,303.69,47.31,1.30,-6.43,346.99
1763,30.140172,1783330758.393,42.1438416,-1.5881946,303.20,46.82,1.30,-6.45,347.00
1764,30.157268,1783330758.410,42.1438425,-1.5881949,303.24,46.86,1.30,-6.46,347.00
1765,30.174364,1783330758.427,42.1438435,-1.5881951,303.29,46.91,1.31,-6.46,347.00
1766,30.191460,1783330758.444,42.1438444,-1.5881954,303.33,46.95,1.32,-6.46,347.00
1767,30.208556,1783330758.462,42.1438453,-1.5881956,303.38,47.00,1.33,-6.45,347.00
1768,30.225652,1783330758.479,42.1438462,-1.5881959,303.42,47.04,1.34,-6.45,347.00
1769,30.242748,1783330758.496,42.1438471,-1.5881962,303.47,47.09,1.35,-6.45,347.00
1770,30.259843,1783330758.513,42.1438480,-1.5881964,303.51,47.13,1.36,-6.44,347.00
1771,30.276939,1783330758.530,42.1438489,-1.5881967,303.56,47.18,1.38,-6.42,346.99
1772,30.294035,1783330758.547,42.1438499,-1.5881969,303.60,47.22,1.41,-6.40,346.99
1773,30.311131,1783330758.564,42.1438508,-1.5881972,303.65,47.27,1.43,-6.39,346.98
1774,30.328227,1783330758.581,42.1438517,-1.5881974,303.69,47.31,1.45,-6.37,346.98
1775,30.345323,1783330758.598,42.1438553,-1.5881988,303.19,46.81,1.47,-6.35,346.97
1776,30.362419,1783330758.615,42.1438562,-1.5881991,303.24,46.86,1.47,-6.31,346.98
1777,30.379515,1783330758.633,42.1438571,-1.5881993,303.29,46.91,1.48,-6.27,346.99
1778,30.396611,1783330758.650,42.1438580,-1.5881996,303.33,46.95,1.48,-6.23,347.00
1779,30.413707,1783330758.667,42.1438589,-1.5881998,303.38,47.00,1.49,-6.19,347.02
1780,30.430803,1783330758.684,42.1438598,-1.5882001,303.42,47.04,1.49,-6.14,347.03
1781,30.447899,1783330758.701,42.1438607,-1.5882003,303.47,47.09,1.50,-6.10,347.04
1782,30.464995,1783330758.718,42.1438616,-1.5882006,303.51,47.13,1.54,-6.05,347.03
1783,30.482091,1783330758.735,42.1438625,-1.5882008,303.56,47.18,1.59,-6.00,347.02
1784,30.499187,1783330758.752,42.1438634,-1.5882011,303.60,47.22,1.63,-5.95,347.01
1785,30.516283,1783330758.769,42.1438644,-1.5882014,303.65,47.27,1.67,-5.90,347.00
1786,30.533379,1783330758.786,42.1438681,-1.5882028,303.15,46.77,1.71,-5.85,346.99
1787,30.550475,1783330758.803,42.1438690,-1.5882031,303.20,46.82,1.75,-5.81,346.98
1788,30.567571,1783330758.821,42.1438699,-1.5882033,303.25,46.87,1.75,-5.82,347.00
1789,30.584667,1783330758.838,42.1438707,-1.5882036,303.29,46.91,1.76,-5.83,347.01
1790,30.601763,1783330758.855,42.1438716,-1.5882038,303.34,46.96,1.76,-5.84,347.02
1791,30.618859,1783330758.872,42.1438725,-1.5882041,303.39,47.01,1.76,-5.85,347.04
1792,30.635955,1783330758.889,42.1438734,-1.5882043,303.44,47.06,1.77,-5.85,347.05
1793,30.653051,1783330758.906,42.1438743,-1.5882046,303.48,47.10,1.77,-5.85,347.06
1794,30.670146,1783330758.923,42.1438752,-1.5882048,303.53,47.15,1.76,-5.84,347.05
1795,30.687242,1783330758.940,42.1438761,-1.5882050,303.58,47.20,1.75,-5.82,347.05
1796,30.704338,1783330758.957,42.1438770,-1.5882053,303.62,47.24,1.74,-5.80,347.04
1797,30.721434,1783330758.974,42.1438779,-1.5882055,303.67,47.29,1.73,-5.78,347.04
1798,30.738530,1783330758.992,42.1438772,-1.5882056,303.01,46.63,1.72,-5.76,347.03
1799,30.755626,1783330759.009,42.1438816,-1.5882069,303.16,46.78,1.70,-5.76,347.03
1800,30.772722,1783330759.026,42.1438826,-1.5882072,303.21,46.83,1.68,-5.77,347.03
1801,30.789818,1783330759.043,42.1438836,-1.5882075,303.27,46.89,1.66,-5.79,347.03
1802,30.806914,1783330759.060,42.1438845,-1.5882078,303.32,46.94,1.64,-5.81,347.04
1803,30.824010,1783330759.077,42.1438855,-1.5882081,303.37,46.99,1.63,-5.83,347.04
1804,30.841106,1783330759.094,42.1438865,-1.5882083,303.43,47.05,1.61,-5.84,347.04
1805,30.858202,1783330759.111,42.1438875,-1.5882086,303.48,47.10,1.59,-5.88,347.05
1806,30.875298,1783330759.128,42.1438885,-1.5882089,303.53,47.15,1.57,-5.92,347.08
1807,30.892394,1783330759.145,42.1438895,-1.5882092,303.59,47.21,1.55,-5.97,347.10
1808,30.909490,1783330759.162,42.1438905,-1.5882094,303.64,47.26,1.53,-6.01,347.13
1809,30.926586,1783330759.180,42.1438915,-1.5882097,303.69,47.31,1.51,-6.05,347.15
1810,30.943682,1783330759.197,42.1438953,-1.5882111,303.20,46.82,1.49,-6.10,347.17
1811,30.960778,1783330759.214,42.1438963,-1.5882114,303.26,46.88,1.49,-6.12,347.17
1812,30.977874,1783330759.231,42.1438973,-1.5882117,303.31,46.93,1.49,-6.12,347.17
1813,30.994970,1783330759.248,42.1438983,-1.5882119,303.36,46.98,1.49,-6.13,347.16
1814,31.012066,1783330759.265,42.1438993,-1.5882122,303.41,47.03,1.48,-6.14,347.15
1815,31.029162,1783330759.282,42.1439003,-1.5882125,303.47,47.09,1.48,-6.15,347.14
1816,31.046258,1783330759.299,42.1439013,-1.5882128,303.52,47.14,1.48,-6.16,347.13
1817,31.063353,1783330759.316,42.1439023,-1.5882131,303.57,47.19,1.48,-6.19,347.12
1818,31.080449,1783330759.333,42.1439033,-1.5882134,303.62,47.24,1.47,-6.22,347.12
1819,31.097545,1783330759.351,42.1439043,-1.5882136,303.67,47.29,1.47,-6.25,347.11
1820,31.114641,1783330759.368,42.1439019,-1.5882131,303.12,46.74,1.47,-6.29,347.10
1821,31.131737,1783330759.385,42.1439102,-1.5882158,302.69,46.31,1.46,-6.32,347.10
1822,31.148833,1783330759.402,42.1439090,-1.5882153,303.22,46.84,1.46,-6.35,347.09
1823,31.165929,1783330759.419,42.1439099,-1.5882155,303.27,46.89,1.47,-6.32,347.10
1824,31.183025,1783330759.436,42.1439109,-1.5882158,303.32,46.94,1.48,-6.30,347.10
1825,31.200121,1783330759.453,42.1439119,-1.5882161,303.38,47.00,1.50,-6.28,347.11
1826,31.217217,1783330759.470,42.1439129,-1.5882164,303.43,47.05,1.51,-6.25,347.11
1827,31.234313,1783330759.487,42.1439139,-1.5882166,303.48,47.10,1.52,-6.23,347.12
1828,31.251409,1783330759.504,42.1439149,-1.5882169,303.53,47.15,1.53,-6.21,347.12
1829,31.268505,1783330759.522,42.1439159,-1.5882172,303.59,47.21,1.52,-6.20,347.13
1830,31.285601,1783330759.539,42.1439168,-1.5882175,303.64,47.26,1.50,-6.18,347.14
1831,31.302697,1783330759.556,42.1439178,-1.5882177,303.69,47.31,1.49,-6.17,347.14
1832,31.319793,1783330759.573,42.1439176,-1.5882180,303.00,46.62,1.48,-6.16,347.15
1833,31.336889,1783330759.590,42.1439210,-1.5882189,303.28,46.90,1.47,-6.15,347.16
1834,31.353985,1783330759.607,42.1439219,-1.5882191,303.32,46.94,1.46,-6.15,347.15
1835,31.371081,1783330759.624,42.1439228,-1.5882194,303.36,46.98,1.45,-6.18,347.14
1836,31.388177,1783330759.641,42.1439238,-1.5882197,303.40,47.02,1.45,-6.22,347.12
1837,31.405273,1783330759.658,42.1439247,-1.5882200,303.43,47.05,1.44,-6.25,347.11
1838,31.422369,1783330759.675,42.1439257,-1.5882202,303.47,47.09,1.44,-6.28,347.09
1839,31.439465,1783330759.692,42.1439266,-1.5882205,303.51,47.13,1.43,-6.31,347.08
1840,31.456560,1783330759.710,42.1439275,-1.5882208,303.55,47.17,1.44,-6.35,347.06
1841,31.473656,1783330759.727,42.1439285,-1.5882211,303.59,47.21,1.46,-6.39,347.04
1842,31.490752,1783330759.744,42.1439294,-1.5882213,303.63,47.25,1.49,-6.43,347.02
1843,31.507848,1783330759.761,42.1439304,-1.5882216,303.67,47.29,1.51,-6.47,347.00
1844,31.524944,1783330759.778,42.1439313,-1.5882219,303.70,47.32,1.53,-6.52,346.99
1845,31.542040,1783330759.795,42.1439345,-1.5882230,303.29,46.91,1.55,-6.56,346.97
1846,31.559136,1783330759.812,42.1439353,-1.5882233,303.33,46.95,1.57,-6.56,346.96
1847,31.576232,1783330759.829,42.1439362,-1.5882235,303.36,46.98,1.60,-6.55,346.96
1848,31.593328,1783330759.846,42.1439370,-1.5882238,303.40,47.02,1.62,-6.54,346.96
1849,31.610424,1783330759.863,42.1439379,-1.5882240,303.43,47.05,1.64,-6.53,346.96
1850,31.627520,1783330759.881,42.1439387,-1.5882242,303.47,47.09,1.66,-6.51,346.96
1851,31.644616,1783330759.898,42.1439396,-1.5882245,303.50,47.12,1.69,-6.50,346.96
1852,31.661712,1783330759.915,42.1439404,-1.5882247,303.54,47.16,1.70,-6.54,346.95
1853,31.678808,1783330759.932,42.1439413,-1.5882250,303.58,47.20,1.72,-6.58,346.94
1854,31.695904,1783330759.949,42.1439421,-1.5882252,303.61,47.23,1.73,-6.63,346.94
1855,31.713000,1783330759.966,42.1439429,-1.5882254,303.65,47.27,1.75,-6.67,346.93
1856,31.730096,1783330759.983,42.1439438,-1.5882257,303.68,47.30,1.76,-6.71,346.92
1857,31.747192,1783330760.000,42.1439446,-1.5882259,303.72,47.34,1.78,-6.76,346.91
1858,31.764288,1783330760.017,42.1439483,-1.5882274,303.24,46.86,1.77,-6.73,346.91
1859,31.781384,1783330760.034,42.1439493,-1.5882276,303.29,46.91,1.77,-6.71,346.92
1860,31.798480,1783330760.051,42.1439503,-1.5882279,303.34,46.96,1.76,-6.68,346.92
1861,31.815576,1783330760.069,42.1439513,-1.5882282,303.39,47.01,1.75,-6.65,346.92
1862,31.832672,1783330760.086,42.1439523,-1.5882284,303.44,47.06,1.75,-6.62,346.93
1863,31.849767,1783330760.103,42.1439533,-1.5882287,303.49,47.11,1.74,-6.60,346.93
1864,31.866863,1783330760.120,42.1439543,-1.5882290,303.54,47.16,1.71,-6.62,346.93
1865,31.883959,1783330760.137,42.1439554,-1.5882292,303.59,47.21,1.69,-6.63,346.94
1866,31.901055,1783330760.154,42.1439564,-1.5882295,303.65,47.27,1.67,-6.65,346.94
1867,31.918151,1783330760.171,42.1439574,-1.5882298,303.70,47.32,1.64,-6.66,346.94
1868,31.935247,1783330760.188,42.1439609,-1.5882310,303.24,46.86,1.62,-6.68,346.95
1869,31.952343,1783330760.205,42.1439618,-1.5882313,303.28,46.90,1.59,-6.69,346.95
1870,31.969439,1783330760.222,42.1439627,-1.5882316,303.32,46.94,1.55,-6.68,346.96
1871,31.986535,1783330760.240,42.1439637,-1.5882318,303.37,46.99,1.51,-6.68,346.97
1872,32.003631,1783330760.257,42.1439646,-1.5882321,303.41,47.03,1.48,-6.67,346.98
1873,32.020727,1783330760.274,42.1439655,-1.5882323,303.45,47.07,1.44,-6.67,346.99
1874,32.037823,1783330760.291,42.1439665,-1.5882326,303.49,47.11,1.40,-6.66,347.00
1875,32.054919,1783330760.308,42.1439674,-1.5882328,303.54,47.16,1.38,-6.62,347.01
1876,32.072015,1783330760.325,42.1439683,-1.5882331,303.58,47.20,1.37,-6.54,347.02
1877,32.089111,1783330760.342,42.1439692,-1.5882334,303.62,47.24,1.36,-6.45,347.03
1878,32.106207,1783330760.359,42.1439702,-1.5882336,303.66,47.28,1.36,-6.36,347.05
1879,32.123303,1783330760.376,42.1439711,-1.5882339,303.71,47.33,1.35,-6.27,347.06
1880,32.140399,1783330760.393,42.1439747,-1.5882353,303.21,46.83,1.34,-6.19,347.07
1881,32.157495,1783330760.410,42.1439756,-1.5882356,303.26,46.88,1.34,-6.17,347.08
1882,32.174591,1783330760.428,42.1439765,-1.5882358,303.31,46.93,1.33,-6.21,347.08
1883,32.191687,1783330760.445,42.1439774,-1.5882360,303.35,46.97,1.32,-6.26,347.08
1884,32.208783,1783330760.462,42.1439784,-1.5882363,303.40,47.02,1.31,-6.30,347.08
1885,32.225879,1783330760.479,42.1439793,-1.5882365,303.45,47.07,1.30,-6.34,347.08
1886,32.242974,1783330760.496,42.1439802,-1.5882367,303.49,47.11,1.29,-6.38,347.08
1887,32.260070,1783330760.513,42.1439811,-1.5882370,303.54,47.16,1.27,-6.32,347.08
1888,32.277166,1783330760.530,42.1439820,-1.5882372,303.59,47.21,1.24,-6.22,347.08
1889,32.294262,1783330760.547,42.1439829,-1.5882375,303.64,47.26,1.22,-6.12,347.08
1890,32.311358,1783330760.564,42.1439838,-1.5882377,303.68,47.30,1.19,-6.02,347.07
1891,32.328454,1783330760.581,42.1439847,-1.5882379,303.73,47.35,1.16,-5.91,347.07
1892,32.345550,1783330760.599,42.1439881,-1.5882392,303.29,46.91,1.13,-5.81,347.07
1893,32.362646,1783330760.616,42.1439891,-1.5882395,303.33,46.95,1.11,-5.80,347.07
1894,32.379742,1783330760.633,42.1439902,-1.5882398,303.38,47.00,1.09,-5.80,347.08
1895,32.396838,1783330760.650,42.1439912,-1.5882401,303.42,47.04,1.07,-5.80,347.08
1896,32.413934,1783330760.667,42.1439922,-1.5882404,303.47,47.09,1.04,-5.79,347.09
1897,32.431030,1783330760.684,42.1439933,-1.5882406,303.51,47.13,1.02,-5.79,347.09
1898,32.448126,1783330760.701,42.1439943,-1.5882409,303.56,47.18,1.00,-5.79,347.10
1899,32.465222,1783330760.718,42.1439953,-1.5882412,303.60,47.22,0.97,-5.77,347.11
1900,32.482318,1783330760.735,42.1439964,-1.5882415,303.65,47.27,0.94,-5.75,347.13
1901,32.499414,1783330760.752,42.1439974,-1.5882418,303.69,47.31,0.92,-5.73,347.14
1902,32.516510,1783330760.770,42.1439962,-1.5882418,303.15,46.77,0.89,-5.71,347.15
1903,32.533606,1783330760.787,42.1440007,-1.5882430,303.25,46.87,0.86,-5.69,347.17
1904,32.550702,1783330760.804,42.1440016,-1.5882433,303.29,46.91,0.84,-5.66,347.18
1905,32.567798,1783330760.821,42.1440025,-1.5882435,303.34,46.96,0.81,-5.61,347.18
1906,32.584894,1783330760.838,42.1440035,-1.5882438,303.38,47.00,0.79,-5.55,347.18
1907,32.601990,1783330760.855,42.1440044,-1.5882440,303.42,47.04,0.77,-5.50,347.19
1908,32.619086,1783330760.872,42.1440053,-1.5882443,303.46,47.08,0.75,-5.44,347.19
1909,32.636181,1783330760.889,42.1440063,-1.5882445,303.50,47.12,0.73,-5.39,347.19
1910,32.653277,1783330760.906,42.1440072,-1.5882448,303.54,47.16,0.71,-5.36,347.20
1911,32.670373,1783330760.923,42.1440081,-1.5882450,303.58,47.20,0.72,-5.40,347.21
1912,32.687469,1783330760.940,42.1440091,-1.5882453,303.62,47.24,0.72,-5.43,347.23
1913,32.704565,1783330760.958,42.1440100,-1.5882455,303.66,47.28,0.73,-5.46,347.25
1914,32.721661,1783330760.975,42.1440109,-1.5882457,303.70,47.32,0.73,-5.50,347.26
1915,32.738757,1783330760.992,42.1440105,-1.5882461,303.08,46.70,0.74,-5.53,347.28
1916,32.755853,1783330761.009,42.1440141,-1.5882470,303.25,46.87,0.72,-5.54,347.29
1917,32.772949,1783330761.026,42.1440153,-1.5882473,303.30,46.92,0.69,-5.52,347.29
1918,32.790045,1783330761.043,42.1440164,-1.5882476,303.35,46.97,0.65,-5.50,347.29
1919,32.807141,1783330761.060,42.1440176,-1.5882479,303.40,47.02,0.62,-5.48,347.30
1920,32.824237,1783330761.077,42.1440187,-1.5882482,303.45,47.07,0.58,-5.46,347.30
1921,32.841333,1783330761.094,42.1440199,-1.5882485,303.51,47.13,0.54,-5.44,347.30
1922,32.858429,1783330761.111,42.1440210,-1.5882488,303.56,47.18,0.52,-5.48,347.30
1923,32.875525,1783330761.129,42.1440222,-1.5882491,303.61,47.23,0.49,-5.55,347.31
1924,32.892621,1783330761.146,42.1440234,-1.5882494,303.66,47.28,0.47,-5.63,347.31
1925,32.909717,1783330761.163,42.1440245,-1.5882497,303.71,47.33,0.45,-5.70,347.32
1926,32.926813,1783330761.180,42.1440273,-1.5882512,302.86,46.48,0.43,-5.78,347.32
1927,32.943909,1783330761.197,42.1440278,-1.5882510,303.27,46.89,0.41,-5.85,347.33
1928,32.961005,1783330761.214,42.1440288,-1.5882513,303.32,46.94,0.38,-5.86,347.34
1929,32.978101,1783330761.231,42.1440299,-1.5882516,303.36,46.98,0.35,-5.85,347.36
1930,32.995197,1783330761.248,42.1440309,-1.5882518,303.41,47.03,0.33,-5.85,347.38
1931,33.012293,1783330761.265,42.1440319,-1.5882521,303.45,47.07,0.30,-5.84,347.40
1932,33.029388,1783330761.282,42.1440330,-1.5882524,303.50,47.12,0.28,-5.83,347.42
1933,33.046484,1783330761.299,42.1440340,-1.5882527,303.54,47.16,0.25,-5.82,347.44
1934,33.063580,1783330761.317,42.1440350,-1.5882530,303.59,47.21,0.24,-5.91,347.44
1935,33.080676,1783330761.334,42.1440361,-1.5882533,303.63,47.25,0.24,-6.02,347.44
1936,33.097772,1783330761.351,42.1440371,-1.5882536,303.68,47.30,0.23,-6.12,347.44
1937,33.114868,1783330761.368,42.1440351,-1.5882533,303.18,46.80,0.22,-6.22,347.45
1938,33.131964,1783330761.385,42.1440431,-1.5882559,302.75,46.37,0.22,-6.32,347.45
1939,33.149060,1783330761.402,42.1440414,-1.5882550,303.30,46.92,0.21,-6.42,347.45
1940,33.166156,1783330761.419,42.1440424,-1.5882553,303.34,46.96,0.20,-6.40,347.46
1941,33.183252,1783330761.436,42.1440435,-1.5882555,303.39,47.01,0.19,-6.37,347.47
1942,33.200348,1783330761.453,42.1440445,-1.5882558,303.43,47.05,0.18,-6.35,347.48
1943,33.217444,1783330761.470,42.1440455,-1.5882561,303.47,47.09,0.18,-6.33,347.48
1944,33.234540,1783330761.488,42.1440466,-1.5882564,303.52,47.14,0.17,-6.31,347.49
1945,33.251636,1783330761.505,42.1440476,-1.5882567,303.56,47.18,0.15,-6.30,347.50
1946,33.268732,1783330761.522,42.1440486,-1.5882570,303.60,47.22,0.08,-6.35,347.52
1947,33.285828,1783330761.539,42.1440497,-1.5882573,303.64,47.26,0.02,-6.40,347.54
1948,33.302924,1783330761.556,42.1440507,-1.5882575,303.69,47.31,-0.04,-6.44,347.56
1949,33.320020,1783330761.573,42.1440509,-1.5882580,303.05,46.67,-0.10,-6.49,347.58
1950,33.337116,1783330761.590,42.1440541,-1.5882588,303.24,46.86,-0.16,-6.54,347.60
1951,33.354212,1783330761.607,42.1440551,-1.5882591,303.29,46.91,-0.21,-6.58,347.61
1952,33.371308,1783330761.624,42.1440562,-1.5882593,303.33,46.95,-0.22,-6.61,347.61
1953,33.388404,1783330761.641,42.1440572,-1.5882596,303.38,47.00,-0.24,-6.65,347.61
1954,33.405500,1783330761.658,42.1440582,-1.5882599,303.42,47.04,-0.26,-6.68,347.62
1955,33.422596,1783330761.676,42.1440593,-1.5882602,303.47,47.09,-0.27,-6.71,347.62
1956,33.439691,1783330761.693,42.1440603,-1.5882605,303.52,47.14,-0.29,-6.74,347.62
1957,33.456787,1783330761.710,42.1440613,-1.5882608,303.56,47.18,-0.29,-6.75,347.61
1958,33.473883,1783330761.727,42.1440624,-1.5882611,303.61,47.23,-0.26,-6.72,347.60
1959,33.490979,1783330761.744,42.1440634,-1.5882613,303.65,47.27,-0.24,-6.70,347.58
1960,33.508075,1783330761.761,42.1440644,-1.5882616,303.70,47.32,-0.22,-6.68,347.57
1961,33.525171,1783330761.778,42.1440666,-1.5882628,302.91,46.53,-0.19,-6.65,347.55
1962,33.542267,1783330761.795,42.1440677,-1.5882629,303.24,46.86,-0.17,-6.63,347.53
1963,33.559363,1783330761.812,42.1440687,-1.5882631,303.29,46.91,-0.14,-6.63,347.54
1964,33.576459,1783330761.829,42.1440696,-1.5882634,303.33,46.95,-0.12,-6.65,347.56
1965,33.593555,1783330761.847,42.1440705,-1.5882636,303.37,46.99,-0.10,-6.67,347.58
1966,33.610651,1783330761.864,42.1440714,-1.5882639,303.41,47.03,-0.07,-6.69,347.59
1967,33.627747,1783330761.881,42.1440724,-1.5882642,303.45,47.07,-0.05,-6.71,347.61
1968,33.644843,1783330761.898,42.1440733,-1.5882644,303.50,47.12,-0.02,-6.73,347.63
1969,33.661939,1783330761.915,42.1440742,-1.5882647,303.54,47.16,0.01,-6.76,347.61
1970,33.679035,1783330761.932,42.1440751,-1.5882650,303.58,47.20,0.05,-6.79,347.59
1971,33.696131,1783330761.949,42.1440760,-1.5882652,303.62,47.24,0.08,-6.83,347.56
1972,33.713227,1783330761.966,42.1440770,-1.5882655,303.66,47.28,0.12,-6.86,347.54
1973,33.730323,1783330761.983,42.1440779,-1.5882658,303.71,47.33,0.15,-6.90,347.51
1974,33.747419,1783330762.000,42.1440810,-1.5882672,302.84,46.46,0.19,-6.93,347.49
1975,33.764515,1783330762.018,42.1440813,-1.5882670,303.27,46.89,0.20,-6.90,347.50
1976,33.781611,1783330762.035,42.1440825,-1.5882674,303.32,46.94,0.21,-6.86,347.52
1977,33.798707,1783330762.052,42.1440836,-1.5882677,303.37,46.99,0.23,-6.83,347.53
1978,33.815803,1783330762.069,42.1440848,-1.5882680,303.42,47.04,0.24,-6.79,347.54
1979,33.832898,1783330762.086,42.1440859,-1.5882684,303.47,47.09,0.25,-6.76,347.56
1980,33.849994,1783330762.103,42.1440871,-1.5882687,303.52,47.14,0.26,-6.73,347.57
1981,33.867090,1783330762.120,42.1440882,-1.5882690,303.57,47.19,0.27,-6.75,347.55
1982,33.884186,1783330762.137,42.1440894,-1.5882694,303.62,47.24,0.27,-6.76,347.53
1983,33.901282,1783330762.154,42.1440905,-1.5882697,303.68,47.30,0.28,-6.77,347.51
1984,33.918378,1783330762.171,42.1440902,-1.5882699,303.07,46.69,0.29,-6.79,347.49
1985,33.935474,1783330762.188,42.1440941,-1.5882709,303.22,46.84,0.30,-6.80,347.46
1986,33.952570,1783330762.206,42.1440950,-1.5882712,303.26,46.88,0.29,-6.80,347.45
1987,33.969666,1783330762.223,42.1440959,-1.5882715,303.30,46.92,0.27,-6.78,347.46
1988,33.986762,1783330762.240,42.1440968,-1.5882717,303.34,46.96,0.25,-6.76,347.46
1989,34.003858,1783330762.257,42.1440977,-1.5882720,303.38,47.00,0.23,-6.74,347.47
1990,34.020954,1783330762.274,42.1440986,-1.5882723,303.42,47.04,0.21,-6.72,347.47
1991,34.038050,1783330762.291,42.1440996,-1.5882725,303.46,47.08,0.19,-6.70,347.48
1992,34.055146,1783330762.308,42.1441005,-1.5882728,303.50,47.12,0.19,-6.70,347.47
1993,34.072242,1783330762.325,42.1441014,-1.5882731,303.55,47.17,0.20,-6.72,347.45
1994,34.089338,1783330762.342,42.1441023,-1.5882733,303.59,47.21,0.21,-6.74,347.43
1995,34.106434,1783330762.359,42.1441032,-1.5882736,303.63,47.25,0.23,-6.77,347.40
1996,34.123530,1783330762.377,42.1441041,-1.5882739,303.67,47.29,0.24,-6.79,347.38
1997,34.140626,1783330762.394,42.1441077,-1.5882752,303.22,46.84,0.25,-6.81,347.36
1998,34.157722,1783330762.411,42.1441087,-1.5882755,303.27,46.89,0.27,-6.80,347.35
1999,34.174818,1783330762.428,42.1441097,-1.5882758,303.31,46.93,0.30,-6.77,347.35
2000,34.191914,1783330762.445,42.1441108,-1.5882761,303.36,46.98,0.32,-6.75,347.35
2001,34.209010,1783330762.462,42.1441118,-1.5882764,303.40,47.02,0.35,-6.72,347.36
2002,34.226105,1783330762.479,42.1441128,-1.5882767,303.45,47.07,0.37,-6.69,347.36
2003,34.243201,1783330762.496,42.1441138,-1.5882769,303.50,47.12,0.39,-6.66,347.36
2004,34.260297,1783330762.513,42.1441149,-1.5882772,303.54,47.16,0.39,-6.67,347.35
2005,34.277393,1783330762.530,42.1441159,-1.5882775,303.59,47.21,0.38,-6.70,347.34
2006,34.294489,1783330762.547,42.1441169,-1.5882778,303.63,47.25,0.36,-6.73,347.33
2007,34.311585,1783330762.565,42.1441179,-1.5882781,303.68,47.30,0.35,-6.76,347.32
2008,34.328681,1783330762.582,42.1441215,-1.5882799,302.77,46.39,0.34,-6.79,347.30
2009,34.345777,1783330762.599,42.1441214,-1.5882796,303.20,46.82,0.32,-6.82,347.29
2010,34.362873,1783330762.616,42.1441223,-1.5882798,303.25,46.87,0.32,-6.80,347.30
2011,34.379969,1783330762.633,42.1441233,-1.5882801,303.29,46.91,0.33,-6.77,347.31
2012,34.397065,1783330762.650,42.1441242,-1.5882803,303.33,46.95,0.33,-6.75,347.32
2013,34.414161,1783330762.667,42.1441251,-1.5882806,303.37,46.99,0.34,-6.73,347.33
2014,34.431257,1783330762.684,42.1441260,-1.5882808,303.42,47.04,0.35,-6.70,347.34
2015,34.448353,1783330762.701,42.1441269,-1.5882811,303.46,47.08,0.35,-6.68,347.35
2016,34.465449,1783330762.718,42.1441278,-1.5882813,303.50,47.12,0.34,-6.71,347.34
2017,34.482545,1783330762.736,42.1441287,-1.5882816,303.55,47.17,0.33,-6.73,347.32
2018,34.499641,1783330762.753,42.1441297,-1.5882818,303.59,47.21,0.31,-6.76,347.31
2019,34.516737,1783330762.770,42.1441306,-1.5882821,303.63,47.25,0.30,-6.78,347.29
2020,34.533833,1783330762.787,42.1441340,-1.5882834,303.19,46.81,0.29,-6.81,347.28
2021,34.550929,1783330762.804,42.1441349,-1.5882837,303.23,46.85,0.28,-6.83,347.27
2022,34.568025,1783330762.821,42.1441358,-1.5882840,303.28,46.90,0.30,-6.83,347.27
2023,34.585121,1783330762.838,42.1441368,-1.5882842,303.32,46.94,0.32,-6.84,347.26
2024,34.602217,1783330762.855,42.1441377,-1.5882845,303.36,46.98,0.33,-6.84,347.26
2025,34.619312,1783330762.872,42.1441386,-1.5882848,303.40,47.02,0.35,-6.84,347.26
2026,34.636408,1783330762.889,42.1441396,-1.5882851,303.44,47.06,0.37,-6.85,347.25
2027,34.653504,1783330762.907,42.1441405,-1.5882853,303.48,47.10,0.39,-6.82,347.25
2028,34.670600,1783330762.924,42.1441414,-1.5882856,303.52,47.14,0.40,-6.73,347.25
2029,34.687696,1783330762.941,42.1441424,-1.5882859,303.56,47.18,0.42,-6.64,347.25
2030,34.704792,1783330762.958,42.1441433,-1.5882862,303.60,47.22,0.43,-6.55,347.26
2031,34.721888,1783330762.975,42.1441442,-1.5882864,303.65,47.27,0.45,-6.46,347.26
2032,34.738984,1783330762.992,42.1441477,-1.5882877,303.21,46.83,0.46,-6.37,347.26
2033,34.756080,1783330763.009,42.1441487,-1.5882880,303.25,46.87,0.49,-6.32,347.26
2034,34.773176,1783330763.026,42.1441498,-1.5882883,303.30,46.92,0.52,-6.31,347.25
2035,34.790272,1783330763.043,42.1441508,-1.5882886,303.34,46.96,0.55,-6.31,347.25
2036,34.807368,1783330763.060,42.1441518,-1.5882889,303.39,47.01,0.58,-6.31,347.24
2037,34.824464,1783330763.077,42.1441529,-1.5882892,303.44,47.06,0.62,-6.30,347.24
2038,34.841560,1783330763.095,42.1441539,-1.5882895,303.48,47.10,0.65,-6.30,347.23
2039,34.858656,1783330763.112,42.1441549,-1.5882898,303.53,47.15,0.66,-6.27,347.24
2040,34.875752,1783330763.129,42.1441560,-1.5882901,303.57,47.19,0.67,-6.21,347.25
2041,34.892848,1783330763.146,42.1441570,-1.5882904,303.62,47.24,0.67,-6.16,347.26
2042,34.909944,1783330763.163,42.1441580,-1.5882908,303.66,47.28,0.68,-6.11,347.27
2043,34.927040,1783330763.180,42.1441611,-1.5882922,302.80,46.42,0.68,-6.05,347.28
2044,34.944136,1783330763.197,42.1441615,-1.5882922,303.19,46.81,0.69,-6.00,347.29
2045,34.961232,1783330763.214,42.1441625,-1.5882924,303.23,46.85,0.70,-6.00,347.28
2046,34.978328,1783330763.231,42.1441634,-1.5882927,303.27,46.89,0.71,-6.02,347.26
2047,34.995424,1783330763.248,42.1441643,-1.5882930,303.32,46.94,0.73,-6.04,347.24
2048,35.012519,1783330763.266,42.1441652,-1.5882932,303.36,46.98,0.74,-6.06,347.22
2049,35.029615,1783330763.283,42.1441662,-1.5882935,303.40,47.02,0.76,-6.08,347.20
2050,35.046711,1783330763.300,42.1441671,-1.5882938,303.45,47.07,0.77,-6.10,347.18
2051,35.063807,1783330763.317,42.1441680,-1.5882940,303.49,47.11,0.78,-6.03,347.19
2052,35.080903,1783330763.334,42.1441689,-1.5882943,303.53,47.15,0.79,-5.95,347.20
2053,35.097999,1783330763.351,42.1441698,-1.5882946,303.57,47.19,0.80,-5.87,347.22
2054,35.115095,1783330763.368,42.1441708,-1.5882948,303.62,47.24,0.80,-5.80,347.23
2055,35.132191,1783330763.385,42.1441717,-1.5882951,303.66,47.28,0.81,-5.72,347.24
2056,35.149287,1783330763.402,42.1441755,-1.5882966,303.17,46.79,0.82,-5.65,347.25
2057,35.166383,1783330763.419,42.1441764,-1.5882968,303.22,46.84,0.82,-5.68,347.25
2058,35.183479,1783330763.436,42.1441773,-1.5882971,303.27,46.89,0.82,-5.71,347.25
2059,35.200575,1783330763.454,42.1441781,-1.5882974,303.31,46.93,0.83,-5.74,347.26
2060,35.217671,1783330763.471,42.1441790,-1.5882976,303.36,46.98,0.83,-5.77,347.26
2061,35.234767,1783330763.488,42.1441799,-1.5882979,303.40,47.02,0.83,-5.80,347.26
2062,35.251863,1783330763.505,42.1441808,-1.5882982,303.45,47.07,0.84,-5.80,347.26
2063,35.268959,1783330763.522,42.1441817,-1.5882984,303.49,47.11,0.88,-5.73,347.28
2064,35.286055,1783330763.539,42.1441826,-1.5882987,303.54,47.16,0.93,-5.66,347.29
2065,35.303151,1783330763.556,42.1441835,-1.5882989,303.58,47.20,0.97,-5.59,347.30
2066,35.320247,1783330763.573,42.1441844,-1.5882992,303.63,47.25,1.02,-5.52,347.32
2067,35.337343,1783330763.590,42.1441882,-1.5883007,303.14,46.76,1.06,-5.44,347.33
2068,35.354439,1783330763.607,42.1441891,-1.5883009,303.19,46.81,1.09,-5.41,347.34
2069,35.371535,1783330763.625,42.1441900,-1.5883012,303.23,46.85,1.08,-5.42,347.33
2070,35.388631,1783330763.642,42.1441909,-1.5883014,303.28,46.90,1.07,-5.44,347.32
2071,35.405726,1783330763.659,42.1441918,-1.5883017,303.32,46.94,1.06,-5.46,347.32
2072,35.422822,1783330763.676,42.1441927,-1.5883020,303.37,46.99,1.05,-5.47,347.31
2073,35.439918,1783330763.693,42.1441935,-1.5883022,303.41,47.03,1.04,-5.49,347.30
2074,35.457014,1783330763.710,42.1441944,-1.5883025,303.45,47.07,1.04,-5.53,347.30
2075,35.474110,1783330763.727,42.1441953,-1.5883027,303.50,47.12,1.03,-5.58,347.31
2076,35.491206,1783330763.744,42.1441962,-1.5883030,303.54,47.16,1.03,-5.63,347.32
2077,35.508302,1783330763.761,42.1441971,-1.5883032,303.59,47.21,1.02,-5.69,347.32
2078,35.525398,1783330763.778,42.1441980,-1.5883035,303.63,47.25,1.02,-5.74,347.33
2079,35.542494,1783330763.795,42.1442016,-1.5883049,303.17,46.79,1.01,-5.79,347.34
2080,35.559590,1783330763.813,42.1442024,-1.5883052,303.21,46.83,1.01,-5.77,347.34
2081,35.576686,1783330763.830,42.1442032,-1.5883054,303.25,46.87,1.00,-5.72,347.33
2082,35.593782,1783330763.847,42.1442041,-1.5883056,303.29,46.91,1.00,-5.67,347.33
2083,35.610878,1783330763.864,42.1442049,-1.5883059,303.33,46.95,0.99,-5.62,347.33
2084,35.627974,1783330763.881,42.1442057,-1.5883061,303.37,46.99,0.99,-5.57,347.32
2085,35.645070,1783330763.898,42.1442065,-1.5883063,303.41,47.03,0.98,-5.52,347.32
2086,35.662166,1783330763.915,42.1442074,-1.5883066,303.44,47.06,0.98,-5.55,347.33
2087,35.679262,1783330763.932,42.1442082,-1.5883068,303.48,47.10,0.97,-5.60,347.35
2088,35.696358,1783330763.949,42.1442090,-1.5883070,303.52,47.14,0.97,-5.66,347.36
2089,35.713454,1783330763.966,42.1442098,-1.5883073,303.56,47.18,0.97,-5.71,347.37
2090,35.730550,1783330763.984,42.1442106,-1.5883075,303.60,47.22,0.96,-5.76,347.39
2091,35.747646,1783330764.001,42.1442115,-1.5883077,303.64,47.26,0.96,-5.81,347.40
2092,35.764742,1783330764.018,42.1442150,-1.5883091,303.19,46.81,0.94,-5.79,347.40
2093,35.781838,1783330764.035,42.1442160,-1.5883094,303.24,46.86,0.92,-5.77,347.41
2094,35.798933,1783330764.052,42.1442170,-1.5883097,303.29,46.91,0.89,-5.74,347.41
2095,35.816029,1783330764.069,42.1442180,-1.5883100,303.33,46.95,0.87,-5.72,347.41
2096,35.833125,1783330764.086,42.1442191,-1.5883102,303.38,47.00,0.85,-5.70,347.42
2097,35.850221,1783330764.103,42.1442201,-1.5883105,303.43,47.05,0.82,-5.69,347.42
2098,35.867317,1783330764.120,42.1442211,-1.5883108,303.47,47.09,0.79,-5.74,347.39
2099,35.884413,1783330764.137,42.1442221,-1.5883111,303.52,47.14,0.75,-5.79,347.37
2100,35.901509,1783330764.155,42.1442231,-1.5883114,303.57,47.19,0.71,-5.85,347.35
2101,35.918605,1783330764.172,42.1442241,-1.5883117,303.61,47.23,0.67,-5.90,347.33
2102,35.935701,1783330764.189,42.1442278,-1.5883130,303.17,46.79,0.63,-5.95,347.31
2103,35.952797,1783330764.206,42.1442287,-1.5883133,303.21,46.83,0.60,-5.99,347.29
2104,35.969893,1783330764.223,42.1442296,-1.5883135,303.25,46.87,0.58,-6.00,347.31
2105,35.986989,1783330764.240,42.1442305,-1.5883138,303.30,46.92,0.56,-6.00,347.33
2106,36.004085,1783330764.257,42.1442314,-1.5883140,303.34,46.96,0.55,-6.01,347.34
2107,36.021181,1783330764.274,42.1442323,-1.5883143,303.38,47.00,0.53,-6.01,347.36
2108,36.038277,1783330764.291,42.1442332,-1.5883145,303.42,47.04,0.52,-6.02,347.37
2109,36.055373,1783330764.308,42.1442341,-1.5883148,303.47,47.09,0.49,-5.98,347.38
2110,36.072469,1783330764.325,42.1442350,-1.5883150,303.51,47.13,0.46,-5.90,347.38
2111,36.089565,1783330764.343,42.1442359,-1.5883153,303.55,47.17,0.43,-5.82,347.37
2112,36.106661,1783330764.360,42.1442368,-1.5883155,303.60,47.22,0.39,-5.73,347.37
2113,36.123757,1783330764.377,42.1442377,-1.5883158,303.64,47.26,0.36,-5.65,347.36
2114,36.140853,1783330764.394,42.1442413,-1.5883171,303.18,46.80,0.32,-5.56,347.36
2115,36.157949,1783330764.411,42.1442422,-1.5883174,303.23,46.85,0.29,-5.61,347.36
2116,36.175045,1783330764.428,42.1442431,-1.5883176,303.27,46.89,0.26,-5.73,347.36
2117,36.192141,1783330764.445,42.1442440,-1.5883179,303.31,46.93,0.23,-5.86,347.36
2118,36.209236,1783330764.462,42.1442449,-1.5883181,303.36,46.98,0.20,-5.99,347.37
2119,36.226332,1783330764.479,42.1442458,-1.5883184,303.40,47.02,0.17,-6.12,347.37
2120,36.243428,1783330764.496,42.1442467,-1.5883186,303.44,47.06,0.14,-6.25,347.37
2121,36.260524,1783330764.514,42.1442476,-1.5883189,303.49,47.11,0.12,-6.22,347.36
2122,36.277620,1783330764.531,42.1442485,-1.5883191,303.53,47.15,0.11,-6.15,347.34
2123,36.294716,1783330764.548,42.1442494,-1.5883194,303.57,47.19,0.10,-6.07,347.33
2124,36.311812,1783330764.565,42.1442503,-1.5883196,303.62,47.24,0.09,-5.99,347.31
2125,36.328908,1783330764.582,42.1442512,-1.5883199,303.66,47.28,0.08,-5.92,347.30
2126,36.346004,1783330764.599,42.1442547,-1.5883211,303.23,46.85,0.07,-5.84,347.28
2127,36.363100,1783330764.616,42.1442557,-1.5883214,303.28,46.90,0.07,-5.87,347.29
2128,36.380196,1783330764.633,42.1442567,-1.5883217,303.32,46.94,0.06,-5.90,347.30
2129,36.397292,1783330764.650,42.1442578,-1.5883220,303.37,46.99,0.06,-5.94,347.30
2130,36.414388,1783330764.667,42.1442588,-1.5883223,303.41,47.03,0.05,-5.98,347.31
2131,36.431484,1783330764.684,42.1442598,-1.5883226,303.45,47.07,0.04,-6.02,347.32
2132,36.448580,1783330764.702,42.1442608,-1.5883228,303.50,47.12,0.04,-6.06,347.33
2133,36.465676,1783330764.719,42.1442618,-1.5883231,303.54,47.16,0.02,-5.96,347.33
2134,36.482772,1783330764.736,42.1442628,-1.5883234,303.58,47.20,0.01,-5.87,347.33
2135,36.499868,1783330764.753,42.1442639,-1.5883237,303.63,47.25,-0.01,-5.78,347.32
2136,36.516964,1783330764.770,42.1442626,-1.5883236,303.08,46.70,-0.02,-5.69,347.32
2137,36.534060,1783330764.787,42.1442673,-1.5883250,303.18,46.80,-0.04,-5.59,347.32
2138,36.551156,1783330764.804,42.1442682,-1.5883253,303.23,46.85,-0.05,-5.46,347.32
2139,36.568252,1783330764.821,42.1442691,-1.5883255,303.27,46.89,-0.06,-5.16,347.32
2140,36.585348,1783330764.838,42.1442700,-1.5883257,303.31,46.93,-0.06,-4.87,347.32
2141,36.602443,1783330764.855,42.1442708,-1.5883260,303.35,46.97,-0.07,-4.57,347.32
2142,36.619539,1783330764.873,42.1442717,-1.5883262,303.39,47.01,-0.07,-4.27,347.32
2143,36.636635,1783330764.890,42.1442726,-1.5883265,303.43,47.05,-0.08,-3.98,347.32
2144,36.653731,1783330764.907,42.1442735,-1.5883267,303.47,47.09,-0.08,-3.78,347.32
2145,36.670827,1783330764.924,42.1442744,-1.5883269,303.51,47.13,-0.06,-3.77,347.34
2146,36.687923,1783330764.941,42.1442753,-1.5883272,303.55,47.17,-0.05,-3.76,347.35
2147,36.705019,1783330764.958,42.1442762,-1.5883274,303.59,47.21,-0.03,-3.75,347.36
2148,36.722115,1783330764.975,42.1442771,-1.5883277,303.64,47.26,-0.02,-3.74,347.37
2149,36.739211,1783330764.992,42.1442767,-1.5883279,303.02,46.64,-0.01,-3.73,347.38
2150,36.756307,1783330765.009,42.1442802,-1.5883289,303.23,46.85,0.01,-3.61,347.38
2151,36.773403,1783330765.026,42.1442814,-1.5883292,303.28,46.90,0.03,-3.38,347.37
2152,36.790499,1783330765.043,42.1442825,-1.5883295,303.32,46.94,0.05,-3.16,347.35
2153,36.807595,1783330765.061,42.1442836,-1.5883298,303.37,46.99,0.07,-2.94,347.34
2154,36.824691,1783330765.078,42.1442848,-1.5883302,303.42,47.04,0.09,-2.71,347.32
2155,36.841787,1783330765.095,42.1442859,-1.5883305,303.47,47.09,0.11,-2.49,347.31
2156,36.858883,1783330765.112,42.1442870,-1.5883308,303.51,47.13,0.12,-2.38,347.30
2157,36.875979,1783330765.129,42.1442882,-1.5883311,303.56,47.18,0.12,-2.33,347.30
2158,36.893075,1783330765.146,42.1442893,-1.5883314,303.61,47.23,0.12,-2.28,347.30
2159,36.910171,1783330765.163,42.1442904,-1.5883318,303.65,47.27,0.11,-2.24,347.29
2160,36.927267,1783330765.180,42.1442934,-1.5883332,302.86,46.48,0.11,-2.19,347.29
2161,36.944363,1783330765.197,42.1442936,-1.5883330,303.26,46.88,0.11,-2.14,347.29
2162,36.961459,1783330765.214,42.1442946,-1.5883333,303.31,46.93,0.12,-2.10,347.29
2163,36.978555,1783330765.232,42.1442956,-1.5883336,303.35,46.97,0.14,-2.07,347.30
2164,36.995650,1783330765.249,42.1442966,-1.5883339,303.40,47.02,0.15,-2.03,347.30
2165,37.012746,1783330765.266,42.1442976,-1.5883341,303.44,47.06,0.17,-1.99,347.30
2166,37.029842,1783330765.283,42.1442986,-1.5883344,303.49,47.11,0.18,-1.96,347.31
2167,37.046938,1783330765.300,42.1442996,-1.5883347,303.54,47.16,0.20,-1.92,347.31
2168,37.064034,1783330765.317,42.1443006,-1.5883350,303.58,47.20,0.20,-1.81,347.32
2169,37.081130,1783330765.334,42.1443016,-1.5883353,303.63,47.25,0.20,-1.70,347.34
2170,37.098226,1783330765.351,42.1443026,-1.5883356,303.67,47.29,0.20,-1.59,347.35
2171,37.115322,1783330765.368,42.1443004,-1.5883352,303.12,46.74,0.20,-1.48,347.36
2172,37.132418,1783330765.385,42.1443060,-1.5883369,303.22,46.84,0.20,-1.37,347.38
2173,37.149514,1783330765.403,42.1443069,-1.5883372,303.27,46.89,0.20,-1.27,347.39
2174,37.166610,1783330765.420,42.1443079,-1.5883374,303.32,46.94,0.20,-1.28,347.38
2175,37.183706,1783330765.437,42.1443088,-1.5883377,303.38,47.00,0.20,-1.28,347.38
2176,37.200802,1783330765.454,42.1443098,-1.5883380,303.43,47.05,0.19,-1.29,347.37
2177,37.217898,1783330765.471,42.1443107,-1.5883382,303.48,47.10,0.19,-1.29,347.37
2178,37.234994,1783330765.488,42.1443116,-1.5883385,303.53,47.15,0.19,-1.30,347.36
2179,37.252090,1783330765.505,42.1443126,-1.5883388,303.59,47.21,0.19,-1.28,347.36
2180,37.269186,1783330765.522,42.1443135,-1.5883390,303.64,47.26,0.20,-1.20,347.35
2181,37.286282,1783330765.539,42.1443145,-1.5883393,303.69,47.31,0.21,-1.12,347.34
2182,37.303378,1783330765.556,42.1443154,-1.5883396,303.74,47.36,0.22,-1.03,347.34
2183,37.320474,1783330765.573,42.1443157,-1.5883401,303.11,46.73,0.23,-0.95,347.33
2184,37.337570,1783330765.591,42.1443186,-1.5883408,303.34,46.96,0.23,-0.87,347.32
2185,37.354666,1783330765.608,42.1443195,-1.5883411,303.38,47.00,0.25,-0.81,347.32
2186,37.371762,1783330765.625,42.1443204,-1.5883413,303.43,47.05,0.27,-0.77,347.31
2187,37.388857,1783330765.642,42.1443213,-1.5883416,303.48,47.10,0.30,-0.74,347.30
2188,37.405953,1783330765.659,42.1443223,-1.5883419,303.53,47.15,0.32,-0.70,347.29
2189,37.423049,1783330765.676,42.1443232,-1.5883422,303.58,47.20,0.35,-0.67,347.28
2190,37.440145,1783330765.693,42.1443241,-1.5883424,303.63,47.25,0.37,-0.64,347.27
2191,37.457241,1783330765.710,42.1443250,-1.5883427,303.68,47.30,0.38,-0.60,347.28
2192,37.474337,1783330765.727,42.1443259,-1.5883430,303.73,47.35,0.38,-0.57,347.29
2193,37.491433,1783330765.744,42.1443269,-1.5883433,303.78,47.40,0.38,-0.54,347.31
2194,37.508529,1783330765.762,42.1443278,-1.5883435,303.83,47.45,0.39,-0.51,347.32
2195,37.525625,1783330765.779,42.1443302,-1.5883448,303.08,46.70,0.39,-0.48,347.34
2196,37.542721,1783330765.796,42.1443309,-1.5883447,303.43,47.05,0.39,-0.45,347.36
2197,37.559817,1783330765.813,42.1443317,-1.5883450,303.47,47.09,0.39,-0.40,347.35
2198,37.576913,1783330765.830,42.1443325,-1.5883452,303.52,47.14,0.39,-0.35,347.33
2199,37.594009,1783330765.847,42.1443333,-1.5883454,303.57,47.19,0.39,-0.29,347.32
2200,37.611105,1783330765.864,42.1443341,-1.5883457,303.61,47.23,0.40,-0.24,347.30
2201,37.628201,1783330765.881,42.1443349,-1.5883459,303.66,47.28,0.40,-0.18,347.29
2202,37.645297,1783330765.898,42.1443357,-1.5883461,303.71,47.33,0.40,-0.13,347.27
2203,37.662393,1783330765.915,42.1443365,-1.5883464,303.75,47.37,0.40,-0.09,347.27
2204,37.679489,1783330765.932,42.1443373,-1.5883466,303.80,47.42,0.41,-0.06,347.27
2205,37.696585,1783330765.950,42.1443381,-1.5883468,303.84,47.46,0.41,-0.03,347.27
2206,37.713681,1783330765.967,42.1443389,-1.5883470,303.89,47.51,0.41,0.01,347.26
2207,37.730777,1783330765.984,42.1443397,-1.5883473,303.94,47.56,0.42,0.04,347.26
2208,37.747873,1783330766.001,42.1443428,-1.5883488,303.11,46.73,0.42,0.07,347.26
2209,37.764969,1783330766.018,42.1443432,-1.5883487,303.49,47.11,0.42,0.13,347.26
2210,37.782064,1783330766.035,42.1443441,-1.5883489,303.56,47.18,0.42,0.19,347.25
2211,37.799160,1783330766.052,42.1443451,-1.5883492,303.63,47.25,0.43,0.24,347.25
2212,37.816256,1783330766.069,42.1443460,-1.5883494,303.69,47.31,0.43,0.30,347.25
2213,37.833352,1783330766.086,42.1443470,-1.5883497,303.76,47.38,0.43,0.36,347.24
2214,37.850448,1783330766.103,42.1443479,-1.5883499,303.83,47.45,0.43,0.41,347.24
2215,37.867544,1783330766.121,42.1443489,-1.5883502,303.90,47.52,0.44,0.40,347.24
2216,37.884640,1783330766.138,42.1443498,-1.5883504,303.97,47.59,0.44,0.38,347.25
2217,37.901736,1783330766.155,42.1443508,-1.5883506,304.04,47.66,0.45,0.37,347.25
2218,37.918832,1783330766.172,42.1443505,-1.5883509,303.40,47.02,0.46,0.36,347.25
2219,37.935928,1783330766.189,42.1443543,-1.5883521,303.56,47.18,0.47,0.35,347.26
2220,37.953024,1783330766.206,42.1443551,-1.5883524,303.63,47.25,0.47,0.36,347.26
2221,37.970120,1783330766.223,42.1443559,-1.5883526,303.69,47.31,0.46,0.43,347.26
2222,37.987216,1783330766.240,42.1443567,-1.5883528,303.75,47.37,0.46,0.49,347.26
2223,38.004312,1783330766.257,42.1443575,-1.5883530,303.81,47.43,0.45,0.56,347.27
2224,38.021408,1783330766.274,42.1443583,-1.5883532,303.88,47.50,0.45,0.63,347.27
2225,38.038504,1783330766.292,42.1443590,-1.5883534,303.94,47.56,0.44,0.69,347.27
2226,38.055600,1783330766.309,42.1443598,-1.5883536,304.00,47.62,0.44,0.73,347.27
2227,38.072696,1783330766.326,42.1443606,-1.5883538,304.06,47.68,0.45,0.72,347.28
2228,38.089792,1783330766.343,42.1443614,-1.5883540,304.13,47.75,0.46,0.72,347.29
2229,38.106888,1783330766.360,42.1443622,-1.5883542,304.19,47.81,0.46,0.71,347.29
2230,38.123984,1783330766.377,42.1443636,-1.5883553,303.41,47.03,0.47,0.71,347.30
2231,38.141080,1783330766.394,42.1443655,-1.5883557,303.71,47.33,0.48,0.70,347.31
2232,38.158176,1783330766.411,42.1443663,-1.5883559,303.78,47.40,0.48,0.73,347.31
2233,38.175271,1783330766.428,42.1443670,-1.5883561,303.84,47.46,0.48,0.77,347.30
2234,38.192367,1783330766.445,42.1443678,-1.5883563,303.91,47.53,0.48,0.82,347.29
2235,38.209463,1783330766.462,42.1443686,-1.5883565,303.97,47.59,0.47,0.87,347.29
2236,38.226559,1783330766.480,42.1443693,-1.5883567,304.04,47.66,0.47,0.91,347.28
2237,38.243655,1783330766.497,42.1443701,-1.5883569,304.10,47.72,0.47,0.96,347.27
2238,38.260751,1783330766.514,42.1443709,-1.5883571,304.16,47.78,0.45,0.98,347.26
2239,38.277847,1783330766.531,42.1443716,-1.5883573,304.23,47.85,0.43,1.00,347.25
2240,38.294943,1783330766.548,42.1443724,-1.5883575,304.29,47.91,0.41,1.02,347.24
2241,38.312039,1783330766.565,42.1443732,-1.5883577,304.36,47.98,0.39,1.04,347.23
2242,38.329135,1783330766.582,42.1443765,-1.5883595,303.46,47.08,0.37,1.06,347.22
2243,38.346231,1783330766.599,42.1443763,-1.5883591,303.89,47.51,0.35,1.08,347.21
2244,38.363327,1783330766.616,42.1443770,-1.5883593,303.96,47.58,0.36,1.07,347.21
2245,38.380423,1783330766.633,42.1443778,-1.5883595,304.03,47.65,0.37,1.06,347.20
2246,38.397519,1783330766.651,42.1443785,-1.5883597,304.09,47.71,0.37,1.06,347.20
2247,38.414615,1783330766.668,42.1443793,-1.5883598,304.16,47.78,0.38,1.05,347.19
2248,38.431711,1783330766.685,42.1443800,-1.5883600,304.23,47.85,0.39,1.04,347.18
2249,38.448807,1783330766.702,42.1443807,-1.5883602,304.29,47.91,0.40,1.03,347.18
2250,38.465903,1783330766.719,42.1443815,-1.5883603,304.36,47.98,0.40,1.09,347.17
2251,38.482999,1783330766.736,42.1443822,-1.5883605,304.43,48.05,0.41,1.14,347.17
2252,38.500095,1783330766.753,42.1443830,-1.5883607,304.49,48.11,0.41,1.19,347.16
2253,38.517191,1783330766.770,42.1443822,-1.5883610,303.86,47.48,0.41,1.24,347.15
2254,38.534287,1783330766.787,42.1443861,-1.5883622,304.03,47.65,0.42,1.30,347.15
2255,38.551383,1783330766.804,42.1443867,-1.5883624,304.09,47.71,0.42,1.34,347.14
2256,38.568478,1783330766.821,42.1443873,-1.5883625,304.15,47.77,0.44,1.32,347.16
2257,38.585574,1783330766.839,42.1443879,-1.5883627,304.21,47.83,0.47,1.30,347.17
2258,38.602670,1783330766.856,42.1443886,-1.5883628,304.27,47.89,0.49,1.29,347.19
2259,38.619766,1783330766.873,42.1443892,-1.5883630,304.33,47.95,0.51,1.27,347.20
2260,38.636862,1783330766.890,42.1443898,-1.5883631,304.39,48.01,0.53,1.25,347.22
2261,38.653958,1783330766.907,42.1443904,-1.5883633,304.45,48.07,0.54,1.25,347.22
2262,38.671054,1783330766.924,42.1443911,-1.5883634,304.51,48.13,0.53,1.27,347.20
2263,38.688150,1783330766.941,42.1443917,-1.5883636,304.57,48.19,0.52,1.29,347.17
2264,38.705246,1783330766.958,42.1443923,-1.5883638,304.63,48.25,0.51,1.31,347.15
2265,38.722342,1783330766.975,42.1443929,-1.5883639,304.69,48.31,0.50,1.34,347.13
2266,38.739438,1783330766.992,42.1443931,-1.5883646,303.98,47.60,0.49,1.36,347.10
2267,38.756534,1783330767.010,42.1443961,-1.5883654,304.19,47.81,0.48,1.37,347.08
2268,38.773630,1783330767.027,42.1443968,-1.5883656,304.26,47.88,0.49,1.38,347.07
2269,38.790726,1783330767.044,42.1443975,-1.5883658,304.34,47.96,0.49,1.38,347.06
2270,38.807822,1783330767.061,42.1443983,-1.5883660,304.41,48.03,0.50,1.39,347.04
2271,38.824918,1783330767.078,42.1443990,-1.5883662,304.49,48.11,0.50,1.39,347.03
2272,38.842014,1783330767.095,42.1443998,-1.5883664,304.56,48.18,0.51,1.40,347.01
2273,38.859110,1783330767.112,42.1444005,-1.5883665,304.64,48.26,0.51,1.42,347.01
2274,38.876206,1783330767.129,42.1444012,-1.5883667,304.71,48.33,0.52,1.44,347.00
2275,38.893302,1783330767.146,42.1444020,-1.5883669,304.79,48.41,0.52,1.47,347.00
2276,38.910398,1783330767.163,42.1444027,-1.5883671,304.86,48.48,0.53,1.49,346.99
2277,38.927494,1783330767.180,42.1444055,-1.5883688,304.02,47.64,0.53,1.52,346.99
2278,38.944590,1783330767.198,42.1444054,-1.5883683,304.46,48.08,0.54,1.54,346.98
2279,38.961686,1783330767.215,42.1444060,-1.5883685,304.52,48.14,0.54,1.59,346.97
2280,38.978781,1783330767.232,42.1444067,-1.5883687,304.58,48.20,0.55,1.64,346.95
2281,38.995877,1783330767.249,42.1444073,-1.5883689,304.64,48.26,0.55,1.68,346.93
2282,39.012973,1783330767.266,42.1444080,-1.5883690,304.70,48.32,0.56,1.73,346.91
2283,39.030069,1783330767.283,42.1444086,-1.5883692,304.76,48.38,0.56,1.78,346.90
2284,39.047165,1783330767.300,42.1444093,-1.5883694,304.82,48.44,0.57,1.83,346.88
2285,39.064261,1783330767.317,42.1444099,-1.5883696,304.88,48.50,0.58,1.83,346.86
2286,39.081357,1783330767.334,42.1444106,-1.5883698,304.94,48.56,0.59,1.83,346.85
2287,39.098453,1783330767.351,42.1444113,-1.5883700,305.00,48.62,0.61,1.84,346.83
2288,39.115549,1783330767.369,42.1444106,-1.5883703,304.45,48.07,0.62,1.84,346.81
2289,39.132645,1783330767.386,42.1444139,-1.5883712,304.59,48.21,0.63,1.84,346.80
2290,39.149741,1783330767.403,42.1444145,-1.5883714,304.65,48.27,0.64,1.85,346.78
2291,39.166837,1783330767.420,42.1444152,-1.5883715,304.71,48.33,0.62,1.95,346.76
2292,39.183933,1783330767.437,42.1444158,-1.5883717,304.78,48.40,0.60,2.05,346.74
2293,39.201029,1783330767.454,42.1444164,-1.5883718,304.84,48.46,0.58,2.14,346.73
2294,39.218125,1783330767.471,42.1444170,-1.5883720,304.90,48.52,0.56,2.24,346.71
2295,39.235221,1783330767.488,42.1444177,-1.5883722,304.96,48.58,0.54,2.34,346.69
2296,39.252317,1783330767.505,42.1444183,-1.5883723,305.02,48.64,0.51,2.42,346.68
2297,39.269413,1783330767.522,42.1444189,-1.5883725,305.08,48.70,0.48,2.44,346.67
2298,39.286509,1783330767.540,42.1444195,-1.5883727,305.15,48.77,0.45,2.47,346.66
2299,39.303605,1783330767.557,42.1444202,-1.5883728,305.21,48.83,0.41,2.49,346.65
2300,39.320701,1783330767.574,42.1444211,-1.5883738,304.52,48.14,0.38,2.52,346.64
2301,39.337797,1783330767.591,42.1444228,-1.5883740,304.79,48.41,0.35,2.54,346.63
2302,39.354893,1783330767.608,42.1444234,-1.5883742,304.85,48.47,0.31,2.61,346.62
2303,39.371988,1783330767.625,42.1444240,-1.5883743,304.91,48.53,0.25,2.71,346.61
2304,39.389084,1783330767.642,42.1444246,-1.5883745,304.97,48.59,0.20,2.82,346.60
2305,39.406180,1783330767.659,42.1444251,-1.5883746,305.02,48.64,0.14,2.93,346.59
2306,39.423276,1783330767.676,42.1444257,-1.5883748,305.08,48.70,0.09,3.04,346.58
2307,39.440372,1783330767.693,42.1444263,-1.5883749,305.14,48.76,0.03,3.15,346.57
2308,39.457468,1783330767.710,42.1444269,-1.5883750,305.20,48.82,-0.02,3.25,346.56
2309,39.474564,1783330767.728,42.1444275,-1.5883752,305.26,48.88,-0.06,3.33,346.53
2310,39.491660,1783330767.745,42.1444281,-1.5883753,305.32,48.94,-0.11,3.41,346.51
2311,39.508756,1783330767.762,42.1444287,-1.5883755,305.38,49.00,-0.16,3.49,346.48
2312,39.525852,1783330767.779,42.1444311,-1.5883770,304.56,48.18,-0.21,3.57,346.46
2313,39.542948,1783330767.796,42.1444315,-1.5883769,304.91,48.53,-0.26,3.66,346.44
2314,39.560044,1783330767.813,42.1444319,-1.5883770,304.97,48.59,-0.32,3.76,346.42
2315,39.577140,1783330767.830,42.1444324,-1.5883771,305.03,48.65,-0.40,3.87,346.41
2316,39.594236,1783330767.847,42.1444329,-1.5883772,305.08,48.70,-0.47,3.98,346.40
2317,39.611332,1783330767.864,42.1444333,-1.5883773,305.14,48.76,-0.55,4.09,346.39
2318,39.628428,1783330767.881,42.1444338,-1.5883774,305.19,48.81,-0.62,4.20,346.38
2319,39.645524,1783330767.899,42.1444343,-1.5883775,305.25,48.87,-0.70,4.32,346.37
2320,39.662620,1783330767.916,42.1444347,-1.5883776,305.30,48.92,-0.79,4.43,346.36
2321,39.679716,1783330767.933,42.1444352,-1.5883778,305.36,48.98,-0.88,4.55,346.36
2322,39.696812,1783330767.950,42.1444356,-1.5883779,305.41,49.03,-0.96,4.66,346.35
2323,39.713908,1783330767.967,42.1444361,-1.5883780,305.47,49.09,-1.05,4.78,346.34
2324,39.731004,1783330767.984,42.1444366,-1.5883781,305.53,49.15,-1.14,4.90,346.34
2325,39.748100,1783330768.001,42.1444396,-1.5883799,304.66,48.28,-1.23,5.01,346.33
2326,39.765195,1783330768.018,42.1444393,-1.5883795,305.09,48.71,-1.29,5.14,346.32
2327,39.782291,1783330768.035,42.1444397,-1.5883796,305.15,48.77,-1.35,5.26,346.30
2328,39.799387,1783330768.052,42.1444402,-1.5883797,305.21,48.83,-1.41,5.39,346.29
2329,39.816483,1783330768.069,42.1444407,-1.5883798,305.27,48.89,-1.46,5.51,346.28
2330,39.833579,1783330768.087,42.1444412,-1.5883799,305.33,48.95,-1.52,5.64,346.26
2331,39.850675,1783330768.104,42.1444416,-1.5883801,305.38,49.00,-1.59,5.76,346.25
2332,39.867771,1783330768.121,42.1444421,-1.5883802,305.44,49.06,-1.68,5.91,346.24
2333,39.884867,1783330768.138,42.1444426,-1.5883803,305.50,49.12,-1.77,6.05,346.24
2334,39.901963,1783330768.155,42.1444431,-1.5883804,305.56,49.18,-1.87,6.19,346.23
2335,39.919059,1783330768.172,42.1444435,-1.5883805,305.62,49.24,-1.96,6.34,346.23
2336,39.936155,1783330768.189,42.1444461,-1.5883817,305.22,48.84,-2.06,6.48,346.22
2337,39.953251,1783330768.206,42.1444465,-1.5883819,305.27,48.89,-2.15,6.60,346.21
2338,39.970347,1783330768.223,42.1444470,-1.5883820,305.33,48.95,-2.26,6.68,346.20
2339,39.987443,1783330768.240,42.1444474,-1.5883822,305.38,49.00,-2.37,6.75,346.18
2340,40.004539,1783330768.258,42.1444478,-1.5883823,305.43,49.05,-2.48,6.82,346.16
2341,40.021635,1783330768.275,42.1444483,-1.5883824,305.48,49.10,-2.59,6.90,346.15
2342,40.038731,1783330768.292,42.1444487,-1.5883826,305.53,49.15,-2.69,6.97,346.13
2343,40.055827,1783330768.309,42.1444492,-1.5883827,305.59,49.21,-2.78,7.09,346.07
2344,40.072923,1783330768.326,42.1444496,-1.5883829,305.64,49.26,-2.86,7.27,345.97
2345,40.090019,1783330768.343,42.1444500,-1.5883830,305.69,49.31,-2.93,7.44,345.87
2346,40.107115,1783330768.360,42.1444505,-1.5883832,305.74,49.36,-3.01,7.61,345.77
2347,40.124211,1783330768.377,42.1444527,-1.5883846,305.01,48.63,-3.08,7.79,345.67
2348,40.141307,1783330768.394,42.1444529,-1.5883844,305.34,48.96,-3.15,7.96,345.57
2349,40.158402,1783330768.411,42.1444533,-1.5883845,305.39,49.01,-3.25,8.10,345.35
2350,40.175498,1783330768.428,42.1444537,-1.5883846,305.43,49.05,-3.35,8.21,345.07
2351,40.192594,1783330768.446,42.1444541,-1.5883848,305.48,49.10,-3.46,8.32,344.78
2352,40.209690,1783330768.463,42.1444545,-1.5883849,305.53,49.15,-3.56,8.43,344.50
2353,40.226786,1783330768.480,42.1444548,-1.5883850,305.58,49.20,-3.67,8.54,344.21
2354,40.243882,1783330768.497,42.1444552,-1.5883852,305.63,49.25,-3.78,8.65,343.93
2355,40.260978,1783330768.514,42.1444556,-1.5883853,305.68,49.30,-3.90,8.67,343.49
2356,40.278074,1783330768.531,42.1444560,-1.5883854,305.73,49.35,-4.02,8.67,343.01
2357,40.295170,1783330768.548,42.1444564,-1.5883856,305.78,49.40,-4.15,8.66,342.52
2358,40.312266,1783330768.565,42.1444568,-1.5883857,305.83,49.45,-4.27,8.65,342.04
2359,40.329362,1783330768.582,42.1444604,-1.5883878,304.95,48.57,-4.40,8.65,341.56
2360,40.346458,1783330768.599,42.1444592,-1.5883870,305.41,49.03,-4.52,8.64,341.08
2361,40.363554,1783330768.617,42.1444595,-1.5883871,305.46,49.08,-4.64,8.65,340.46
2362,40.380650,1783330768.634,42.1444598,-1.5883872,305.50,49.12,-4.75,8.66,339.84
2363,40.397746,1783330768.651,42.1444601,-1.5883874,305.55,49.17,-4.87,8.67,339.21
2364,40.414842,1783330768.668,42.1444604,-1.5883875,305.60,49.22,-4.99,8.68,338.59
2365,40.431938,1783330768.685,42.1444607,-1.5883876,305.65,49.27,-5.10,8.69,337.96
2366,40.449034,1783330768.702,42.1444610,-1.5883877,305.69,49.31,-5.22,8.70,337.33
2367,40.466130,1783330768.719,42.1444613,-1.5883879,305.74,49.36,-5.37,8.63,336.56
2368,40.483226,1783330768.736,42.1444617,-1.5883880,305.79,49.41,-5.52,8.57,335.79
2369,40.500322,1783330768.753,42.1444620,-1.5883881,305.84,49.46,-5.67,8.51,335.02
2370,40.517418,1783330768.770,42.1444630,-1.5883888,305.28,48.90,-5.82,8.44,334.25
2371,40.534514,1783330768.788,42.1444645,-1.5883896,305.40,49.02,-5.97,8.38,333.48
2372,40.551609,1783330768.805,42.1444647,-1.5883897,305.44,49.06,-6.12,8.31,332.72
2373,40.568705,1783330768.822,42.1444649,-1.5883898,305.48,49.10,-6.27,8.23,331.98
2374,40.585801,1783330768.839,42.1444651,-1.5883899,305.52,49.14,-6.41,8.14,331.25
2375,40.602897,1783330768.856,42.1444653,-1.5883900,305.56,49.18,-6.56,8.06,330.51
2376,40.619993,1783330768.873,42.1444656,-1.5883901,305.60,49.22,-6.70,7.98,329.78
2377,40.637089,1783330768.890,42.1444658,-1.5883902,305.64,49.26,-6.85,7.89,329.04
2378,40.654185,1783330768.907,42.1444660,-1.5883903,305.68,49.30,-6.99,7.81,328.30
2379,40.671281,1783330768.924,42.1444662,-1.5883904,305.72,49.34,-7.11,7.73,327.56
2380,40.688377,1783330768.941,42.1444664,-1.5883905,305.76,49.38,-7.24,7.65,326.81
2381,40.705473,1783330768.958,42.1444666,-1.5883906,305.81,49.43,-7.37,7.57,326.07
2382,40.722569,1783330768.976,42.1444668,-1.5883907,305.85,49.47,-7.49,7.50,325.32
2383,40.739665,1783330768.993,42.1444685,-1.5883917,305.22,48.84,-7.62,7.42,324.57
2384,40.756761,1783330769.010,42.1444692,-1.5883920,305.43,49.05,-7.74,7.32,323.82
2385,40.773857,1783330769.027,42.1444694,-1.5883922,305.48,49.10,-7.85,7.22,323.07
2386,40.790953,1783330769.044,42.1444696,-1.5883923,305.53,49.15,-7.96,7.11,322.32
2387,40.808049,1783330769.061,42.1444698,-1.5883925,305.57,49.19,-8.07,7.00,321.57
2388,40.825145,1783330769.078,42.1444700,-1.5883926,305.62,49.24,-8.18,6.89,320.81
2389,40.842241,1783330769.095,42.1444702,-1.5883928,305.67,49.29,-8.29,6.79,320.06
2390,40.859337,1783330769.112,42.1444703,-1.5883929,305.71,49.33,-8.41,6.68,319.30
2391,40.876433,1783330769.129,42.1444705,-1.5883931,305.76,49.38,-8.52,6.58,318.55
2392,40.893529,1783330769.147,42.1444707,-1.5883932,305.81,49.43,-8.64,6.48,317.79
2393,40.910625,1783330769.164,42.1444709,-1.5883934,305.85,49.47,-8.76,6.37,317.03
2394,40.927721,1783330769.181,42.1444747,-1.5883956,305.05,48.67,-8.87,6.27,316.27
2395,40.944816,1783330769.198,42.1444732,-1.5883948,305.46,49.08,-8.99,6.17,315.52
2396,40.961912,1783330769.215,42.1444732,-1.5883949,305.49,49.11,-9.07,6.05,314.79
2397,40.979008,1783330769.232,42.1444733,-1.5883950,305.53,49.15,-9.15,5.93,314.07
2398,40.996104,1783330769.249,42.1444734,-1.5883951,305.56,49.18,-9.23,5.81,313.35
2399,41.013200,1783330769.266,42.1444735,-1.5883953,305.60,49.22,-9.30,5.69,312.63
2400,41.030296,1783330769.283,42.1444735,-1.5883954,305.64,49.26,-9.38,5.57,311.91
2401,41.047392,1783330769.300,42.1444736,-1.5883955,305.67,49.29,-9.46,5.45,311.20
2402,41.064488,1783330769.317,42.1444737,-1.5883956,305.71,49.33,-9.51,5.34,310.46
2403,41.081584,1783330769.335,42.1444738,-1.5883957,305.74,49.36,-9.55,5.22,309.73
2404,41.098680,1783330769.352,42.1444738,-1.5883959,305.78,49.40,-9.60,5.11,308.99
2405,41.115776,1783330769.369,42.1444739,-1.5883960,305.82,49.44,-9.65,4.99,308.26
2406,41.132872,1783330769.386,42.1444764,-1.5883975,305.40,49.02,-9.70,4.88,307.52
2407,41.149968,1783330769.403,42.1444764,-1.5883976,305.44,49.06,-9.74,4.77,306.79
2408,41.167064,1783330769.420,42.1444764,-1.5883978,305.48,49.10,-9.78,4.65,306.08
2409,41.184160,1783330769.437,42.1444764,-1.5883979,305.52,49.14,-9.81,4.53,305.36
2410,41.201256,1783330769.454,42.1444764,-1.5883980,305.56,49.18,-9.85,4.41,304.65
2411,41.218352,1783330769.471,42.1444764,-1.5883982,305.60,49.22,-9.88,4.29,303.93
2412,41.235448,1783330769.488,42.1444764,-1.5883983,305.64,49.26,-9.92,4.18,303.22
2413,41.252544,1783330769.506,42.1444764,-1.5883984,305.68,49.30,-9.95,4.06,302.51
2414,41.269640,1783330769.523,42.1444764,-1.5883986,305.72,49.34,-9.96,3.94,301.80
2415,41.286736,1783330769.540,42.1444764,-1.5883987,305.76,49.38,-9.98,3.82,301.09
2416,41.303832,1783330769.557,42.1444764,-1.5883988,305.80,49.42,-10.00,3.70,300.39
2417,41.320928,1783330769.574,42.1444793,-1.5884004,305.19,48.81,-10.02,3.59,299.68
2418,41.338023,1783330769.591,42.1444789,-1.5884005,305.39,49.01,-10.04,3.47,298.98
2419,41.355119,1783330769.608,42.1444788,-1.5884007,305.43,49.05,-10.06,3.35,298.27
2420,41.372215,1783330769.625,42.1444787,-1.5884008,305.48,49.10,-10.08,3.24,297.55
2421,41.389311,1783330769.642,42.1444786,-1.5884009,305.52,49.14,-10.11,3.13,296.84
2422,41.406407,1783330769.659,42.1444785,-1.5884010,305.56,49.18,-10.13,3.03,296.12
2423,41.423503,1783330769.677,42.1444784,-1.5884012,305.60,49.22,-10.16,2.92,295.41
2424,41.440599,1783330769.694,42.1444784,-1.5884013,305.64,49.26,-10.18,2.81,294.69
2425,41.457695,1783330769.711,42.1444783,-1.5884014,305.68,49.30,-10.20,2.69,293.98
2426,41.474791,1783330769.728,42.1444782,-1.5884015,305.72,49.34,-10.22,2.57,293.28
2427,41.491887,1783330769.745,42.1444781,-1.5884017,305.76,49.38,-10.24,2.45,292.57
2428,41.508983,1783330769.762,42.1444780,-1.5884018,305.80,49.42,-10.26,2.33,291.87
2429,41.526079,1783330769.779,42.1444821,-1.5884044,305.04,48.66,-10.28,2.20,291.16
2430,41.543175,1783330769.796,42.1444804,-1.5884037,305.38,49.00,-10.29,2.08,290.46
2431,41.560271,1783330769.813,42.1444803,-1.5884038,305.42,49.04,-10.30,1.97,289.76
2432,41.577367,1783330769.830,42.1444801,-1.5884039,305.46,49.08,-10.29,1.85,289.06
2433,41.594463,1783330769.847,42.1444800,-1.5884040,305.50,49.12,-10.28,1.73,288.36
2434,41.611559,1783330769.865,42.1444799,-1.5884041,305.54,49.16,-10.27,1.62,287.66
2435,41.628655,1783330769.882,42.1444797,-1.5884042,305.58,49.20,-10.27,1.50,286.97
2436,41.645751,1783330769.899,42.1444796,-1.5884043,305.62,49.24,-10.26,1.38,286.27
2437,41.662847,1783330769.916,42.1444795,-1.5884044,305.65,49.27,-10.26,1.26,285.58
2438,41.679943,1783330769.933,42.1444793,-1.5884045,305.69,49.31,-10.26,1.13,284.89
2439,41.697039,1783330769.950,42.1444792,-1.5884046,305.73,49.35,-10.26,1.00,284.20
2440,41.714135,1783330769.967,42.1444790,-1.5884047,305.77,49.39,-10.27,0.87,283.52
2441,41.731230,1783330769.984,42.1444789,-1.5884048,305.81,49.43,-10.27,0.74,282.83
2442,41.748326,1783330770.001,42.1444834,-1.5884080,305.00,48.62,-10.27,0.61,282.14
2443,41.765422,1783330770.018,42.1444810,-1.5884066,305.44,49.06,-10.28,0.50,281.46
2444,41.782518,1783330770.036,42.1444808,-1.5884068,305.49,49.11,-10.29,0.39,280.79
2445,41.799614,1783330770.053,42.1444806,-1.5884069,305.53,49.15,-10.30,0.28,280.11
2446,41.816710,1783330770.070,42.1444803,-1.5884071,305.57,49.19,-10.31,0.17,279.43
2447,41.833806,1783330770.087,42.1444801,-1.5884072,305.62,49.24,-10.32,0.06,278.75
2448,41.850902,1783330770.104,42.1444798,-1.5884074,305.66,49.28,-10.33,-0.06,278.07
2449,41.867998,1783330770.121,42.1444796,-1.5884075,305.71,49.33,-10.32,-0.20,277.39
2450,41.885094,1783330770.138,42.1444794,-1.5884077,305.75,49.37,-10.32,-0.34,276.71
2451,41.902190,1783330770.155,42.1444791,-1.5884078,305.79,49.41,-10.31,-0.48,276.03
2452,41.919286,1783330770.172,42.1444823,-1.5884096,305.24,48.86,-10.31,-0.62,275.34
2453,41.936382,1783330770.189,42.1444811,-1.5884097,305.44,49.06,-10.30,-0.76,274.66
2454,41.953478,1783330770.206,42.1444809,-1.5884099,305.48,49.10,-10.30,-0.91,273.98
2455,41.970574,1783330770.224,42.1444806,-1.5884100,305.51,49.13,-10.29,-1.05,273.31
2456,41.987670,1783330770.241,42.1444803,-1.5884101,305.55,49.17,-10.28,-1.20,272.64
2457,42.004766,1783330770.258,42.1444800,-1.5884102,305.59,49.21,-10.28,-1.34,271.97
2458,42.021862,1783330770.275,42.1444798,-1.5884103,305.63,49.25,-10.27,-1.49,271.31
2459,42.038958,1783330770.292,42.1444795,-1.5884105,305.67,49.29,-10.26,-1.63,270.64
2460,42.056054,1783330770.309,42.1444792,-1.5884106,305.70,49.32,-10.25,-1.78,269.97
2461,42.073150,1783330770.326,42.1444789,-1.5884107,305.74,49.36,-10.22,-1.92,269.30
2462,42.090246,1783330770.343,42.1444787,-1.5884108,305.78,49.40,-10.20,-2.06,268.64
2463,42.107342,1783330770.360,42.1444784,-1.5884110,305.82,49.44,-10.18,-2.20,267.97
2464,42.124438,1783330770.377,42.1444825,-1.5884139,305.11,48.73,-10.15,-2.34,267.30
2465,42.141533,1783330770.395,42.1444801,-1.5884128,305.49,49.11,-10.13,-2.48,266.64
2466,42.158629,1783330770.412,42.1444798,-1.5884129,305.52,49.14,-10.10,-2.62,265.97
2467,42.175725,1783330770.429,42.1444795,-1.5884130,305.56,49.18,-10.06,-2.77,265.29
2468,42.192821,1783330770.446,42.1444792,-1.5884131,305.59,49.21,-10.02,-2.92,264.62
2469,42.209917,1783330770.463,42.1444789,-1.5884133,305.62,49.24,-9.98,-3.07,263.95
2470,42.227013,1783330770.480,42.1444786,-1.5884134,305.66,49.28,-9.94,-3.22,263.28
2471,42.244109,1783330770.497,42.1444783,-1.5884135,305.69,49.31,-9.90,-3.37,262.61
2472,42.261205,1783330770.514,42.1444779,-1.5884136,305.73,49.35,-9.87,-3.51,261.94
2473,42.278301,1783330770.531,42.1444776,-1.5884138,305.76,49.38,-9.84,-3.65,261.27
2474,42.295397,1783330770.548,42.1444773,-1.5884139,305.80,49.42,-9.80,-3.79,260.61
2475,42.312493,1783330770.565,42.1444770,-1.5884140,305.83,49.45,-9.77,-3.92,259.94
2476,42.329589,1783330770.583,42.1444819,-1.5884183,304.99,48.61,-9.74,-4.06,259.28
2477,42.346685,1783330770.600,42.1444788,-1.5884160,305.49,49.11,-9.71,-4.20,258.61
2478,42.363781,1783330770.617,42.1444784,-1.5884161,305.53,49.15,-9.65,-4.35,257.94
2479,42.380877,1783330770.634,42.1444780,-1.5884162,305.56,49.18,-9.59,-4.51,257.26
2480,42.397973,1783330770.651,42.1444776,-1.5884164,305.60,49.22,-9.53,-4.66,256.58
2481,42.415069,1783330770.668,42.1444772,-1.5884165,305.63,49.25,-9.47,-4.82,255.90
2482,42.432165,1783330770.685,42.1444768,-1.5884166,305.67,49.29,-9.41,-4.97,255.22
2483,42.449261,1783330770.702,42.1444764,-1.5884167,305.71,49.33,-9.35,-5.12,254.54
2484,42.466357,1783330770.719,42.1444761,-1.5884169,305.74,49.36,-9.28,-5.25,253.87
2485,42.483453,1783330770.736,42.1444757,-1.5884170,305.78,49.40,-9.20,-5.38,253.20
2486,42.500549,1783330770.754,42.1444753,-1.5884171,305.81,49.43,-9.12,-5.51,252.53
2487,42.517645,1783330770.771,42.1444786,-1.5884190,305.32,48.94,-9.05,-5.64,251.86
2488,42.534740,1783330770.788,42.1444770,-1.5884192,305.47,49.09,-8.97,-5.77,251.19
2489,42.551836,1783330770.805,42.1444766,-1.5884193,305.51,49.13,-8.89,-5.90,250.52
2490,42.568932,1783330770.822,42.1444762,-1.5884194,305.54,49.16,-8.79,-6.03,249.85
2491,42.586028,1783330770.839,42.1444758,-1.5884195,305.57,49.19,-8.70,-6.15,249.19
2492,42.603124,1783330770.856,42.1444754,-1.5884196,305.60,49.22,-8.61,-6.28,248.53
2493,42.620220,1783330770.873,42.1444750,-1.5884197,305.63,49.25,-8.51,-6.41,247.86
2494,42.637316,1783330770.890,42.1444746,-1.5884198,305.66,49.28,-8.42,-6.53,247.20
2495,42.654412,1783330770.907,42.1444742,-1.5884199,305.70,49.32,-8.31,-6.66,246.53
2496,42.671508,1783330770.925,42.1444738,-1.5884200,305.73,49.35,-8.18,-6.80,245.85
2497,42.688604,1783330770.942,42.1444733,-1.5884201,305.76,49.38,-8.06,-6.94,245.18
2498,42.705700,1783330770.959,42.1444729,-1.5884202,305.79,49.41,-7.93,-7.07,244.50
2499,42.722796,1783330770.976,42.1444725,-1.5884203,305.82,49.44,-7.81,-7.21,243.83
2500,42.739892,1783330770.993,42.1444743,-1.5884226,305.46,49.08,-7.68,-7.35,243.15
2501,42.756988,1783330771.010,42.1444737,-1.5884227,305.50,49.12,-7.55,-7.47,242.48
2502,42.774084,1783330771.027,42.1444732,-1.5884228,305.53,49.15,-7.41,-7.57,241.80
2503,42.791180,1783330771.044,42.1444727,-1.5884229,305.57,49.19,-7.27,-7.68,241.11
2504,42.808276,1783330771.061,42.1444722,-1.5884230,305.61,49.23,-7.14,-7.78,240.43
2505,42.825372,1783330771.078,42.1444717,-1.5884231,305.65,49.27,-7.00,-7.89,239.75
2506,42.842468,1783330771.095,42.1444711,-1.5884232,305.69,49.31,-6.86,-8.00,239.07
2507,42.859564,1783330771.113,42.1444706,-1.5884233,305.73,49.35,-6.72,-8.09,238.39
2508,42.876660,1783330771.130,42.1444701,-1.5884234,305.77,49.39,-6.56,-8.19,237.71
2509,42.893756,1783330771.147,42.1444696,-1.5884235,305.81,49.43,-6.41,-8.28,237.03
2510,42.910852,1783330771.164,42.1444691,-1.5884236,305.85,49.47,-6.26,-8.37,236.35
2511,42.927947,1783330771.181,42.1444737,-1.5884282,305.03,48.65,-6.11,-8.46,235.67
2512,42.945043,1783330771.198,42.1444708,-1.5884262,305.46,49.08,-5.96,-8.55,234.99
2513,42.962139,1783330771.215,42.1444702,-1.5884262,305.50,49.12,-5.79,-8.64,234.30
2514,42.979235,1783330771.232,42.1444696,-1.5884263,305.54,49.16,-5.62,-8.71,233.62
2515,42.996331,1783330771.249,42.1444690,-1.5884264,305.58,49.20,-5.46,-8.79,232.93
2516,43.013427,1783330771.266,42.1444684,-1.5884265,305.62,49.24,-5.29,-8.87,232.25
2517,43.030523,1783330771.284,42.1444678,-1.5884266,305.66,49.28,-5.12,-8.95,231.56
2518,43.047619,1783330771.301,42.1444672,-1.5884267,305.70,49.32,-4.95,-9.03,230.88
2519,43.064715,1783330771.318,42.1444666,-1.5884268,305.74,49.36,-4.78,-9.07,230.20
2520,43.081811,1783330771.335,42.1444661,-1.5884268,305.78,49.40,-4.61,-9.11,229.52
2521,43.098907,1783330771.352,42.1444655,-1.5884269,305.82,49.44,-4.44,-9.15,228.84
2522,43.116003,1783330771.369,42.1444692,-1.5884288,305.33,48.95,-4.28,-9.19,228.16
2523,43.133099,1783330771.386,42.1444672,-1.5884296,305.41,49.03,-4.11,-9.23,227.48
2524,43.150195,1783330771.403,42.1444665,-1.5884297,305.45,49.07,-3.94,-9.27,226.79
2525,43.167291,1783330771.420,42.1444659,-1.5884298,305.50,49.12,-3.78,-9.32,226.10
2526,43.184387,1783330771.437,42.1444653,-1.5884298,305.54,49.16,-3.63,-9.38,225.41
2527,43.201483,1783330771.454,42.1444646,-1.5884299,305.58,49.20,-3.47,-9.44,224.72
2528,43.218579,1783330771.472,42.1444640,-1.5884300,305.62,49.24,-3.32,-9.49,224.03
2529,43.235675,1783330771.489,42.1444634,-1.5884301,305.66,49.28,-3.16,-9.55,223.33
2530,43.252771,1783330771.506,42.1444627,-1.5884301,305.70,49.32,-3.01,-9.60,222.64
2531,43.269867,1783330771.523,42.1444621,-1.5884302,305.75,49.37,-2.86,-9.65,221.94
2532,43.286963,1783330771.540,42.1444615,-1.5884303,305.79,49.41,-2.71,-9.70,221.24
2533,43.304059,1783330771.557,42.1444608,-1.5884304,305.83,49.45,-2.56,-9.75,220.53
2534,43.321154,1783330771.574,42.1444651,-1.5884336,305.17,48.79,-2.40,-9.80,219.83
2535,43.338250,1783330771.591,42.1444626,-1.5884332,305.40,49.02,-2.25,-9.85,219.13
2536,43.355346,1783330771.608,42.1444619,-1.5884333,305.44,49.06,-2.10,-9.90,218.44
2537,43.372442,1783330771.625,42.1444612,-1.5884334,305.48,49.10,-1.94,-9.94,217.75
2538,43.389538,1783330771.643,42.1444605,-1.5884334,305.53,49.15,-1.79,-9.98,217.06
2539,43.406634,1783330771.660,42.1444598,-1.5884335,305.57,49.19,-1.63,-10.02,216.38
2540,43.423730,1783330771.677,42.1444591,-1.5884336,305.61,49.23,-1.47,-10.05,215.69
2541,43.440826,1783330771.694,42.1444584,-1.5884336,305.66,49.28,-1.31,-10.09,215.00
2542,43.457922,1783330771.711,42.1444577,-1.5884337,305.70,49.32,-1.16,-10.12,214.32
2543,43.475018,1783330771.728,42.1444570,-1.5884338,305.74,49.36,-1.01,-10.14,213.64
2544,43.492114,1783330771.745,42.1444563,-1.5884338,305.79,49.41,-0.85,-10.16,212.95
2545,43.509210,1783330771.762,42.1444556,-1.5884339,305.83,49.45,-0.70,-10.18,212.27
2546,43.526306,1783330771.779,42.1444601,-1.5884386,305.04,48.66,-0.54,-10.20,211.59
2547,43.543402,1783330771.796,42.1444574,-1.5884371,305.38,49.00,-0.39,-10.22,210.91
2548,43.560498,1783330771.813,42.1444568,-1.5884372,305.42,49.04,-0.25,-10.22,210.31
2549,43.577594,1783330771.831,42.1444562,-1.5884372,305.46,49.08,-0.12,-10.23,209.74
2550,43.594690,1783330771.848,42.1444556,-1.5884372,305.50,49.12,0.01,-10.23,209.17
2551,43.611786,1783330771.865,42.1444550,-1.5884373,305.54,49.16,0.14,-10.24,208.61
2552,43.628882,1783330771.882,42.1444544,-1.5884373,305.57,49.19,0.27,-10.24,208.04
2553,43.645978,1783330771.899,42.1444538,-1.5884374,305.61,49.23,0.40,-10.25,207.47
2554,43.663074,1783330771.916,42.1444532,-1.5884374,305.65,49.27,0.51,-10.25,207.07
2555,43.680170,1783330771.933,42.1444526,-1.5884374,305.69,49.31,0.62,-10.26,206.68
2556,43.697266,1783330771.950,42.1444520,-1.5884375,305.73,49.35,0.73,-10.26,206.30
2557,43.714361,1783330771.967,42.1444514,-1.5884375,305.77,49.39,0.84,-10.27,205.91
2558,43.731457,1783330771.984,42.1444507,-1.5884376,305.80,49.42,0.95,-10.28,205.53
2559,43.748553,1783330772.002,42.1444501,-1.5884376,305.84,49.46,1.05,-10.28,205.15
2560,43.765649,1783330772.019,42.1444513,-1.5884407,305.43,49.05,1.14,-10.26,204.89
2561,43.782745,1783330772.036,42.1444505,-1.5884408,305.48,49.10,1.22,-10.23,204.64
2562,43.799841,1783330772.053,42.1444496,-1.5884409,305.53,49.15,1.30,-10.21,204.38
2563,43.816937,1783330772.070,42.1444488,-1.5884410,305.58,49.20,1.38,-10.19,204.13
2564,43.834033,1783330772.087,42.1444479,-1.5884411,305.62,49.24,1.46,-10.17,203.88
2565,43.851129,1783330772.104,42.1444471,-1.5884412,305.67,49.29,1.54,-10.15,203.64
2566,43.868225,1783330772.121,42.1444462,-1.5884413,305.72,49.34,1.60,-10.16,203.47
2567,43.885321,1783330772.138,42.1444454,-1.5884413,305.77,49.39,1.66,-10.16,203.30
2568,43.902417,1783330772.155,42.1444445,-1.5884414,305.82,49.44,1.73,-10.17,203.13
2569,43.919513,1783330772.173,42.1444487,-1.5884444,305.22,48.84,1.79,-10.18,202.96
2570,43.936609,1783330772.190,42.1444458,-1.5884445,305.40,49.02,1.85,-10.19,202.79
2571,43.953705,1783330772.207,42.1444450,-1.5884446,305.44,49.06,1.91,-10.19,202.64
2572,43.970801,1783330772.224,42.1444442,-1.5884447,305.49,49.11,1.96,-10.21,202.54
2573,43.987897,1783330772.241,42.1444434,-1.5884448,305.53,49.15,2.02,-10.22,202.44
2574,44.004993,1783330772.258,42.1444426,-1.5884449,305.57,49.19,2.07,-10.24,202.33
2575,44.022089,1783330772.275,42.1444418,-1.5884450,305.61,49.23,2.13,-10.25,202.23
2576,44.039185,1783330772.292,42.1444410,-1.5884452,305.66,49.28,2.18,-10.26,202.12
2577,44.056281,1783330772.309,42.1444402,-1.5884453,305.70,49.32,2.23,-10.28,202.05
2578,44.073377,1783330772.326,42.1444393,-1.5884454,305.74,49.36,2.26,-10.30,202.01
2579,44.090473,1783330772.343,42.1444385,-1.5884455,305.78,49.40,2.30,-10.33,201.96
2580,44.107568,1783330772.361,42.1444377,-1.5884456,305.83,49.45,2.33,-10.35,201.92
2581,44.124664,1783330772.378,42.1444421,-1.5884499,305.08,48.70,2.36,-10.37,201.88
2582,44.141760,1783330772.395,42.1444390,-1.5884487,305.40,49.02,2.40,-10.39,201.84
2583,44.158856,1783330772.412,42.1444382,-1.5884488,305.44,49.06,2.43,-10.41,201.80
2584,44.175952,1783330772.429,42.1444374,-1.5884489,305.49,49.11,2.46,-10.43,201.78
2585,44.193048,1783330772.446,42.1444365,-1.5884490,305.53,49.15,2.50,-10.45,201.76
2586,44.210144,1783330772.463,42.1444357,-1.5884491,305.57,49.19,2.53,-10.47,201.73
2587,44.227240,1783330772.480,42.1444349,-1.5884492,305.61,49.23,2.56,-10.49,201.71
2588,44.244336,1783330772.497,42.1444340,-1.5884493,305.65,49.27,2.59,-10.51,201.68
2589,44.261432,1783330772.514,42.1444332,-1.5884495,305.70,49.32,2.62,-10.53,201.69
2590,44.278528,1783330772.532,42.1444324,-1.5884496,305.74,49.36,2.65,-10.57,201.70
2591,44.295624,1783330772.549,42.1444315,-1.5884497,305.78,49.40,2.67,-10.60,201.70
2592,44.312720,1783330772.566,42.1444360,-1.5884508,305.38,49.00,2.70,-10.63,201.71
2593,44.329816,1783330772.583,42.1444350,-1.5884554,304.93,48.55,2.72,-10.66,201.72
2594,44.346912,1783330772.600,42.1444319,-1.5884529,305.40,49.02,2.75,-10.69,201.73
2595,44.364008,1783330772.617,42.1444311,-1.5884531,305.44,49.06,2.75,-10.69,201.75
2596,44.381104,1783330772.634,42.1444302,-1.5884532,305.48,49.10,2.74,-10.70,201.78
2597,44.398200,1783330772.651,42.1444293,-1.5884533,305.52,49.14,2.73,-10.71,201.80
2598,44.415296,1783330772.668,42.1444284,-1.5884535,305.56,49.18,2.73,-10.71,201.82
2599,44.432392,1783330772.685,42.1444275,-1.5884536,305.60,49.22,2.72,-10.72,201.85
2600,44.449488,1783330772.702,42.1444267,-1.5884538,305.65,49.27,2.72,-10.72,201.87
2601,44.466584,1783330772.720,42.1444258,-1.5884539,305.69,49.31,2.72,-10.77,201.90
2602,44.483680,1783330772.737,42.1444249,-1.5884541,305.73,49.35,2.72,-10.81,201.93
2603,44.500775,1783330772.754,42.1444240,-1.5884542,305.77,49.39,2.73,-10.86,201.97
2604,44.517871,1783330772.771,42.1444285,-1.5884566,305.22,48.84,2.73,-10.90,202.00
2605,44.534967,1783330772.788,42.1444252,-1.5884573,305.36,48.98,2.73,-10.95,202.03
2606,44.552063,1783330772.805,42.1444244,-1.5884575,305.39,49.01,2.73,-10.98,202.06
2607,44.569159,1783330772.822,42.1444235,-1.5884576,305.43,49.05,2.74,-10.98,202.09
2608,44.586255,1783330772.839,42.1444227,-1.5884578,305.46,49.08,2.74,-10.98,202.13
2609,44.603351,1783330772.856,42.1444219,-1.5884579,305.50,49.12,2.75,-10.99,202.17
2610,44.620447,1783330772.873,42.1444211,-1.5884580,305.54,49.16,2.75,-10.99,202.20
2611,44.637543,1783330772.891,42.1444202,-1.5884582,305.57,49.19,2.76,-10.99,202.24
2612,44.654639,1783330772.908,42.1444194,-1.5884583,305.61,49.23,2.76,-10.99,202.27
2613,44.671735,1783330772.925,42.1444186,-1.5884585,305.64,49.26,2.76,-10.99,202.29
2614,44.688831,1783330772.942,42.1444178,-1.5884586,305.68,49.30,2.75,-10.99,202.32
2615,44.705927,1783330772.959,42.1444170,-1.5884588,305.71,49.33,2.75,-11.00,202.34
2616,44.723023,1783330772.976,42.1444161,-1.5884589,305.75,49.37,2.74,-11.00,202.37
2617,44.740119,1783330772.993,42.1444206,-1.5884619,305.14,48.76,2.74,-11.00,202.39
2618,44.757215,1783330773.010,42.1444173,-1.5884622,305.32,48.94,2.73,-11.02,202.41
2619,44.774311,1783330773.027,42.1444162,-1.5884624,305.37,48.99,2.72,-11.05,202.42
2620,44.791407,1783330773.044,42.1444152,-1.5884626,305.41,49.03,2.71,-11.09,202.43
2621,44.808503,1783330773.062,42.1444141,-1.5884628,305.46,49.08,2.70,-11.12,202.44
2622,44.825599,1783330773.079,42.1444130,-1.5884630,305.51,49.13,2.69,-11.16,202.45
2623,44.842695,1783330773.096,42.1444120,-1.5884632,305.55,49.17,2.68,-11.19,202.46
2624,44.859791,1783330773.113,42.1444109,-1.5884634,305.60,49.22,2.67,-11.20,202.48
2625,44.876887,1783330773.130,42.1444098,-1.5884637,305.64,49.26,2.66,-11.21,202.50
2626,44.893983,1783330773.147,42.1444088,-1.5884639,305.69,49.31,2.65,-11.22,202.53
2627,44.911078,1783330773.164,42.1444077,-1.5884641,305.74,49.36,2.64,-11.23,202.55
2628,44.928174,1783330773.181,42.1444121,-1.5884692,304.90,48.52,2.63,-11.23,202.58
2629,44.945270,1783330773.198,42.1444089,-1.5884673,305.32,48.94,2.62,-11.24,202.61
2630,44.962366,1783330773.215,42.1444079,-1.5884675,305.36,48.98,2.62,-11.27,202.62
2631,44.979462,1783330773.232,42.1444069,-1.5884677,305.40,49.02,2.62,-11.32,202.64
2632,44.996558,1783330773.250,42.1444059,-1.5884679,305.44,49.06,2.62,-11.36,202.66
2633,45.013654,1783330773.267,42.1444049,-1.5884681,305.47,49.09,2.61,-11.40,202.68
2634,45.030750,1783330773.284,42.1444039,-1.5884683,305.51,49.13,2.61,-11.44,202.69
2635,45.047846,1783330773.301,42.1444029,-1.5884685,305.55,49.17,2.61,-11.48,202.71
2636,45.064942,1783330773.318,42.1444019,-1.5884687,305.59,49.21,2.60,-11.49,202.73
2637,45.082038,1783330773.335,42.1444010,-1.5884689,305.63,49.25,2.59,-11.49,202.75
2638,45.099134,1783330773.352,42.1444000,-1.5884691,305.67,49.29,2.58,-11.50,202.77
2639,45.116230,1783330773.369,42.1444048,-1.5884709,305.18,48.80,2.58,-11.50,202.79
2640,45.133326,1783330773.386,42.1444010,-1.5884723,305.27,48.89,2.57,-11.51,202.81
2641,45.150422,1783330773.403,42.1444000,-1.5884726,305.31,48.93,2.56,-11.51,202.83
2642,45.167518,1783330773.421,42.1443990,-1.5884728,305.35,48.97,2.55,-11.55,202.83
2643,45.184614,1783330773.438,42.1443980,-1.5884730,305.39,49.01,2.54,-11.58,202.82
2644,45.201710,1783330773.455,42.1443970,-1.5884733,305.42,49.04,2.53,-11.61,202.82
2645,45.218806,1783330773.472,42.1443960,-1.5884735,305.46,49.08,2.52,-11.64,202.82
2646,45.235902,1783330773.489,42.1443949,-1.5884737,305.50,49.12,2.52,-11.67,202.81
2647,45.252998,1783330773.506,42.1443939,-1.5884740,305.54,49.16,2.51,-11.69,202.82
2648,45.270094,1783330773.523,42.1443929,-1.5884742,305.58,49.20,2.51,-11.71,202.84
2649,45.287190,1783330773.540,42.1443919,-1.5884744,305.61,49.23,2.51,-11.73,202.87
2650,45.304285,1783330773.557,42.1443909,-1.5884747,305.65,49.27,2.50,-11.74,202.89
2651,45.321381,1783330773.574,42.1443963,-1.5884780,304.97,48.59,2.50,-11.76,202.92
2652,45.338477,1783330773.591,42.1443924,-1.5884787,305.14,48.76,2.50,-11.77,202.95
2653,45.355573,1783330773.609,42.1443913,-1.5884789,305.19,48.81,2.49,-11.79,202.96
2654,45.372669,1783330773.626,42.1443902,-1.5884790,305.24,48.86,2.48,-11.82,202.96
2655,45.389765,1783330773.643,42.1443891,-1.5884792,305.29,48.91,2.46,-11.85,202.97
2656,45.406861,1783330773.660,42.1443880,-1.5884794,305.33,48.95,2.45,-11.88,202.97
2657,45.423957,1783330773.677,42.1443869,-1.5884796,305.38,49.00,2.43,-11.91,202.98
2658,45.441053,1783330773.694,42.1443858,-1.5884798,305.43,49.05,2.42,-11.94,202.98
2659,45.458149,1783330773.711,42.1443847,-1.5884800,305.48,49.10,2.40,-11.95,202.99
2660,45.475245,1783330773.728,42.1443836,-1.5884802,305.53,49.15,2.39,-11.94,203.00
2661,45.492341,1783330773.745,42.1443825,-1.5884804,305.58,49.20,2.37,-11.93,203.02
2662,45.509437,1783330773.762,42.1443814,-1.5884806,305.63,49.25,2.35,-11.93,203.03
2663,45.526533,1783330773.780,42.1443863,-1.5884852,304.83,48.45,2.34,-11.92,203.04
2664,45.543629,1783330773.797,42.1443828,-1.5884842,305.15,48.77,2.32,-11.91,203.06
2665,45.560725,1783330773.814,42.1443818,-1.5884845,305.19,48.81,2.31,-11.91,203.08
2666,45.577821,1783330773.831,42.1443808,-1.5884847,305.23,48.85,2.30,-11.90,203.10
2667,45.594917,1783330773.848,42.1443798,-1.5884849,305.27,48.89,2.29,-11.90,203.12
2668,45.612013,1783330773.865,42.1443788,-1.5884851,305.31,48.93,2.28,-11.89,203.14
2669,45.629109,1783330773.882,42.1443778,-1.5884853,305.35,48.97,2.26,-11.89,203.17
2670,45.646205,1783330773.899,42.1443768,-1.5884855,305.39,49.01,2.25,-11.88,203.19
2671,45.663301,1783330773.916,42.1443758,-1.5884857,305.43,49.05,2.23,-11.90,203.19
2672,45.680397,1783330773.933,42.1443748,-1.5884860,305.48,49.10,2.20,-11.92,203.19
2673,45.697492,1783330773.950,42.1443738,-1.5884862,305.52,49.14,2.17,-11.94,203.19
2674,45.714588,1783330773.968,42.1443727,-1.5884864,305.56,49.18,2.14,-11.97,203.18
2675,45.731684,1783330773.985,42.1443717,-1.5884866,305.60,49.22,2.12,-11.99,203.18
2676,45.748780,1783330774.002,42.1443763,-1.5884918,304.76,48.38,2.09,-12.01,203.18
2677,45.765876,1783330774.019,42.1443730,-1.5884903,305.12,48.74,2.07,-12.04,203.19
2678,45.782972,1783330774.036,42.1443719,-1.5884906,305.17,48.79,2.05,-12.07,203.19
2679,45.800068,1783330774.053,42.1443707,-1.5884908,305.21,48.83,2.04,-12.09,203.20
2680,45.817164,1783330774.070,42.1443695,-1.5884911,305.26,48.88,2.02,-12.12,203.20
2681,45.834260,1783330774.087,42.1443684,-1.5884913,305.30,48.92,2.00,-12.15,203.21
2682,45.851356,1783330774.104,42.1443672,-1.5884916,305.35,48.97,1.99,-12.17,203.21
2683,45.868452,1783330774.121,42.1443661,-1.5884918,305.39,49.01,1.97,-12.19,203.19
2684,45.885548,1783330774.139,42.1443649,-1.5884921,305.44,49.06,1.95,-12.21,203.18
2685,45.902644,1783330774.156,42.1443638,-1.5884924,305.48,49.10,1.93,-12.22,203.17
2686,45.919740,1783330774.173,42.1443626,-1.5884926,305.53,49.15,1.91,-12.24,203.15
2687,45.936836,1783330774.190,42.1443634,-1.5884960,305.13,48.75,1.89,-12.26,203.14
2688,45.953932,1783330774.207,42.1443624,-1.5884963,305.16,48.78,1.87,-12.27,203.13
2689,45.971028,1783330774.224,42.1443613,-1.5884965,305.20,48.82,1.83,-12.28,203.13
2690,45.988124,1783330774.241,42.1443603,-1.5884968,305.23,48.85,1.80,-12.29,203.12
2691,46.005220,1783330774.258,42.1443593,-1.5884971,305.27,48.89,1.77,-12.29,203.12
2692,46.022316,1783330774.275,42.1443582,-1.5884974,305.30,48.92,1.73,-12.30,203.12
2693,46.039412,1783330774.292,42.1443572,-1.5884977,305.33,48.95,1.70,-12.31,203.11
2694,46.056508,1783330774.310,42.1443561,-1.5884979,305.37,48.99,1.68,-12.31,203.11
2695,46.073604,1783330774.327,42.1443551,-1.5884982,305.40,49.02,1.69,-12.31,203.11
2696,46.090699,1783330774.344,42.1443540,-1.5884985,305.44,49.06,1.69,-12.31,203.11
2697,46.107795,1783330774.361,42.1443530,-1.5884988,305.47,49.09,1.69,-12.30,203.12
2698,46.124891,1783330774.378,42.1443520,-1.5884991,305.51,49.13,1.70,-12.30,203.12
2699,46.141987,1783330774.395,42.1443528,-1.5885025,305.11,48.73,1.70,-12.30,203.12
2700,46.159083,1783330774.412,42.1443517,-1.5885028,305.14,48.76,1.71,-12.30,203.12
2701,46.176179,1783330774.429,42.1443507,-1.5885031,305.18,48.80,1.73,-12.31,203.12
2702,46.193275,1783330774.446,42.1443496,-1.5885034,305.21,48.83,1.74,-12.31,203.12
2703,46.210371,1783330774.463,42.1443485,-1.5885037,305.25,48.87,1.76,-12.31,203.13
2704,46.227467,1783330774.480,42.1443475,-1.5885040,305.28,48.90,1.77,-12.32,203.13
2705,46.244563,1783330774.498,42.1443464,-1.5885043,305.31,48.93,1.79,-12.32,203.13
2706,46.261659,1783330774.515,42.1443453,-1.5885046,305.35,48.97,1.80,-12.31,203.13
2707,46.278755,1783330774.532,42.1443442,-1.5885049,305.38,49.00,1.81,-12.30,203.13
2708,46.295851,1783330774.549,42.1443432,-1.5885052,305.42,49.04,1.82,-12.29,203.13
2709,46.312947,1783330774.566,42.1443421,-1.5885055,305.45,49.07,1.83,-12.28,203.12
2710,46.330043,1783330774.583,42.1443410,-1.5885058,305.49,49.11,1.84,-12.27,203.12
2711,46.347139,1783330774.600,42.1443418,-1.5885091,305.10,48.72,1.85,-12.26,203.12
2712,46.364235,1783330774.617,42.1443407,-1.5885094,305.13,48.75,1.86,-12.26,203.12
2713,46.381331,1783330774.634,42.1443396,-1.5885097,305.17,48.79,1.87,-12.26,203.12
2714,46.398427,1783330774.651,42.1443385,-1.5885101,305.20,48.82,1.88,-12.27,203.11
2715,46.415523,1783330774.669,42.1443374,-1.5885104,305.23,48.85,1.88,-12.27,203.11
2716,46.432619,1783330774.686,42.1443363,-1.5885107,305.27,48.89,1.89,-12.27,203.11
2717,46.449715,1783330774.703,42.1443352,-1.5885110,305.30,48.92,1.90,-12.27,203.11
2718,46.466811,1783330774.720,42.1443341,-1.5885114,305.33,48.95,1.92,-12.24,203.12
2719,46.483906,1783330774.737,42.1443330,-1.5885117,305.37,48.99,1.93,-12.22,203.12
2720,46.501002,1783330774.754,42.1443319,-1.5885120,305.40,49.02,1.95,-12.19,203.13
2721,46.518098,1783330774.771,42.1443308,-1.5885123,305.43,49.05,1.96,-12.16,203.14
2722,46.535194,1783330774.788,42.1443315,-1.5885157,305.04,48.66,1.98,-12.14,203.14
2723,46.552290,1783330774.805,42.1443305,-1.5885160,305.07,48.69,1.99,-12.11,203.15
2724,46.569386,1783330774.822,42.1443295,-1.5885163,305.10,48.72,2.00,-12.08,203.17
2725,46.586482,1783330774.839,42.1443285,-1.5885166,305.13,48.75,2.01,-12.05,203.19
2726,46.603578,1783330774.857,42.1443275,-1.5885169,305.16,48.78,2.02,-12.02,203.21
2727,46.620674,1783330774.874,42.1443264,-1.5885172,305.19,48.81,2.03,-11.99,203.22
2728,46.637770,1783330774.891,42.1443254,-1.5885175,305.22,48.84,2.04,-11.96,203.24
2729,46.654866,1783330774.908,42.1443244,-1.5885178,305.25,48.87,2.05,-11.94,203.25
2730,46.671962,1783330774.925,42.1443234,-1.5885181,305.28,48.90,2.04,-11.96,203.25
2731,46.689058,1783330774.942,42.1443224,-1.5885184,305.31,48.93,2.03,-11.97,203.25
2732,46.706154,1783330774.959,42.1443214,-1.5885187,305.34,48.96,2.02,-11.98,203.24
2733,46.723250,1783330774.976,42.1443203,-1.5885190,305.37,48.99,2.01,-11.99,203.24
2734,46.740346,1783330774.993,42.1443193,-1.5885193,305.40,49.02,2.00,-12.00,203.24
2735,46.757442,1783330775.010,42.1443200,-1.5885227,304.99,48.61,2.00,-12.00,203.25
2736,46.774538,1783330775.028,42.1443187,-1.5885231,305.03,48.65,1.99,-11.99,203.28
2737,46.791634,1783330775.045,42.1443175,-1.5885235,305.07,48.69,1.98,-11.97,203.31
2738,46.808730,1783330775.062,42.1443162,-1.5885239,305.11,48.73,1.98,-11.96,203.33
2739,46.825826,1783330775.079,42.1443149,-1.5885242,305.15,48.77,1.97,-11.94,203.36
2740,46.842922,1783330775.096,42.1443136,-1.5885246,305.19,48.81,1.96,-11.92,203.38
2741,46.860018,1783330775.113,42.1443123,-1.5885250,305.23,48.85,1.97,-11.93,203.39
2742,46.877113,1783330775.130,42.1443110,-1.5885254,305.26,48.88,1.98,-11.95,203.38
2743,46.894209,1783330775.147,42.1443098,-1.5885258,305.30,48.92,2.00,-11.97,203.38
2744,46.911305,1783330775.164,42.1443085,-1.5885261,305.34,48.96,2.01,-11.98,203.38
2745,46.928401,1783330775.181,42.1443072,-1.5885265,305.38,49.00,2.02,-12.00,203.37
2746,46.945497,1783330775.198,42.1443079,-1.5885301,304.97,48.59,2.04,-12.02,203.37
2747,46.962593,1783330775.216,42.1443065,-1.5885305,305.01,48.63,2.04,-12.04,203.38
2748,46.979689,1783330775.233,42.1443052,-1.5885309,305.05,48.67,2.05,-12.07,203.40
2749,46.996785,1783330775.250,42.1443039,-1.5885312,305.09,48.71,2.05,-12.09,203.41
2750,47.013881,1783330775.267,42.1443026,-1.5885316,305.13,48.75,2.05,-12.12,203.42
2751,47.030977,1783330775.284,42.1443012,-1.5885320,305.16,48.78,2.06,-12.14,203.44
2752,47.048073,1783330775.301,42.1442999,-1.5885324,305.20,48.82,2.06,-12.17,203.45
2753,47.065169,1783330775.318,42.1442986,-1.5885327,305.24,48.86,2.03,-12.15,203.46
2754,47.082265,1783330775.335,42.1442973,-1.5885331,305.28,48.90,2.00,-12.13,203.46
2755,47.099361,1783330775.352,42.1442959,-1.5885335,305.32,48.94,1.97,-12.11,203.47
2756,47.116457,1783330775.369,42.1443017,-1.5885347,304.86,48.48,1.94,-12.09,203.47
2757,47.133553,1783330775.387,42.1442965,-1.5885368,304.94,48.56,1.91,-12.08,203.48
2758,47.150649,1783330775.404,42.1442953,-1.5885372,304.97,48.59,1.89,-12.06,203.48
2759,47.167745,1783330775.421,42.1442941,-1.5885376,305.01,48.63,1.92,-12.04,203.48
2760,47.184841,1783330775.438,42.1442930,-1.5885380,305.04,48.66,1.95,-12.02,203.48
2761,47.201937,1783330775.455,42.1442918,-1.5885383,305.07,48.69,1.99,-12.00,203.47
2762,47.219033,1783330775.472,42.1442906,-1.5885387,305.10,48.72,2.02,-11.98,203.47
2763,47.236129,1783330775.489,42.1442894,-1.5885391,305.14,48.76,2.06,-11.96,203.47
2764,47.253225,1783330775.506,42.1442882,-1.5885395,305.17,48.79,2.08,-11.93,203.48
2765,47.270320,1783330775.523,42.1442870,-1.5885398,305.20,48.82,2.08,-11.88,203.49
2766,47.287416,1783330775.540,42.1442858,-1.5885402,305.23,48.85,2.07,-11.83,203.51
2767,47.304512,1783330775.558,42.1442846,-1.5885406,305.27,48.89,2.07,-11.78,203.53
2768,47.321608,1783330775.575,42.1442834,-1.5885410,305.30,48.92,2.07,-11.73,203.54
2769,47.338704,1783330775.592,42.1442839,-1.5885441,304.95,48.57,2.06,-11.68,203.56
2770,47.355800,1783330775.609,42.1442826,-1.5885445,304.98,48.60,2.05,-11.63,203.57
2771,47.372896,1783330775.626,42.1442814,-1.5885449,305.00,48.62,2.02,-11.59,203.58
2772,47.389992,1783330775.643,42.1442802,-1.5885453,305.03,48.65,2.00,-11.56,203.58
2773,47.407088,1783330775.660,42.1442790,-1.5885457,305.06,48.68,1.98,-11.52,203.59
2774,47.424184,1783330775.677,42.1442778,-1.5885461,305.09,48.71,1.95,-11.48,203.59
2775,47.441280,1783330775.694,42.1442766,-1.5885465,305.11,48.73,1.93,-11.44,203.60
2776,47.458376,1783330775.711,42.1442754,-1.5885469,305.14,48.76,1.92,-11.38,203.60
2777,47.475472,1783330775.728,42.1442742,-1.5885473,305.17,48.79,1.93,-11.29,203.61
2778,47.492568,1783330775.746,42.1442730,-1.5885477,305.20,48.82,1.94,-11.20,203.61
2779,47.509664,1783330775.763,42.1442718,-1.5885482,305.22,48.84,1.94,-11.11,203.61
2780,47.526760,1783330775.780,42.1442706,-1.5885486,305.25,48.87,1.95,-11.02,203.62
2781,47.543856,1783330775.797,42.1442709,-1.5885517,304.91,48.53,1.96,-10.93,203.62
2782,47.560952,1783330775.814,42.1442698,-1.5885521,304.93,48.55,1.94,-10.84,203.62
2783,47.578048,1783330775.831,42.1442687,-1.5885524,304.96,48.58,1.91,-10.74,203.61
2784,47.595144,1783330775.848,42.1442676,-1.5885528,304.99,48.61,1.89,-10.64,203.61
2785,47.612240,1783330775.865,42.1442665,-1.5885532,305.01,48.63,1.86,-10.54,203.61
2786,47.629336,1783330775.882,42.1442654,-1.5885536,305.04,48.66,1.84,-10.45,203.60
2787,47.646432,1783330775.899,42.1442643,-1.5885540,305.07,48.69,1.81,-10.35,203.60
2788,47.663528,1783330775.917,42.1442632,-1.5885544,305.09,48.71,1.81,-10.24,203.60
2789,47.680623,1783330775.934,42.1442621,-1.5885548,305.12,48.74,1.81,-10.12,203.59
2790,47.697719,1783330775.951,42.1442610,-1.5885552,305.15,48.77,1.81,-10.01,203.59
2791,47.714815,1783330775.968,42.1442598,-1.5885555,305.17,48.79,1.81,-9.89,203.59
2792,47.731911,1783330775.985,42.1442587,-1.5885559,305.20,48.82,1.81,-9.78,203.58
2793,47.749007,1783330776.002,42.1442576,-1.5885563,305.22,48.84,1.81,-9.66,203.58
2794,47.766103,1783330776.019,42.1442622,-1.5885606,304.53,48.15,1.83,-9.54,203.58
2795,47.783199,1783330776.036,42.1442580,-1.5885595,304.87,48.49,1.84,-9.42,203.57
2796,47.800295,1783330776.053,42.1442565,-1.5885601,304.91,48.53,1.86,-9.30,203.57
2797,47.817391,1783330776.070,42.1442550,-1.5885606,304.94,48.56,1.87,-9.18,203.57
2798,47.834487,1783330776.087,42.1442534,-1.5885611,304.98,48.60,1.89,-9.06,203.56
2799,47.851583,1783330776.105,42.1442519,-1.5885617,305.01,48.63,1.90,-8.96,203.56
2800,47.868679,1783330776.122,42.1442503,-1.5885622,305.05,48.67,1.90,-8.92,203.56
2801,47.885775,1783330776.139,42.1442488,-1.5885627,305.08,48.70,1.89,-8.88,203.55
2802,47.902871,1783330776.156,42.1442473,-1.5885633,305.12,48.74,1.89,-8.84,203.55
2803,47.919967,1783330776.173,42.1442457,-1.5885638,305.15,48.77,1.89,-8.80,203.55
2804,47.937063,1783330776.190,42.1442459,-1.5885671,304.81,48.43,1.88,-8.76,203.54
2805,47.954159,1783330776.207,42.1442446,-1.5885675,304.84,48.46,1.88,-8.70,203.54
2806,47.971255,1783330776.224,42.1442434,-1.5885680,304.86,48.48,1.88,-8.59,203.55
2807,47.988351,1783330776.241,42.1442421,-1.5885684,304.89,48.51,1.88,-8.49,203.56
2808,48.005447,1783330776.258,42.1442409,-1.5885688,304.92,48.54,1.87,-8.38,203.56
2809,48.022543,1783330776.276,42.1442396,-1.5885693,304.95,48.57,1.87,-8.27,203.57
2810,48.039639,1783330776.293,42.1442384,-1.5885697,304.98,48.60,1.87,-8.16,203.58
2811,48.056735,1783330776.310,42.1442371,-1.5885701,305.01,48.63,1.87,-8.06,203.58
2812,48.073830,1783330776.327,42.1442359,-1.5885705,305.03,48.65,1.87,-7.97,203.57
2813,48.090926,1783330776.344,42.1442346,-1.5885710,305.06,48.68,1.87,-7.89,203.56
2814,48.108022,1783330776.361,42.1442334,-1.5885714,305.09,48.71,1.86,-7.80,203.56
2815,48.125118,1783330776.378,42.1442321,-1.5885718,305.12,48.74,1.86,-7.71,203.55
2816,48.142214,1783330776.395,42.1442325,-1.5885751,304.78,48.40,1.86,-7.62,203.54
2817,48.159310,1783330776.412,42.1442312,-1.5885755,304.80,48.42,1.84,-7.55,203.54
2818,48.176406,1783330776.429,42.1442300,-1.5885759,304.83,48.45,1.81,-7.50,203.53
2819,48.193502,1783330776.447,42.1442288,-1.5885764,304.85,48.47,1.79,-7.44,203.52
2820,48.210598,1783330776.464,42.1442275,-1.5885768,304.88,48.50,1.76,-7.38,203.51
2821,48.227694,1783330776.481,42.1442263,-1.5885772,304.91,48.53,1.73,-7.33,203.51
2822,48.244790,1783330776.498,42.1442250,-1.5885777,304.93,48.55,1.70,-7.27,203.50
2823,48.261886,1783330776.515,42.1442238,-1.5885781,304.96,48.58,1.68,-7.25,203.49
2824,48.278982,1783330776.532,42.1442226,-1.5885785,304.99,48.61,1.66,-7.23,203.48
2825,48.296078,1783330776.549,42.1442213,-1.5885790,305.01,48.63,1.64,-7.22,203.48
2826,48.313174,1783330776.566,42.1442201,-1.5885794,305.04,48.66,1.62,-7.20,203.47
2827,48.330270,1783330776.583,42.1442188,-1.5885798,305.07,48.69,1.60,-7.19,203.46
2828,48.347366,1783330776.600,42.1442195,-1.5885837,304.65,48.27,1.58,-7.17,203.45
2829,48.364462,1783330776.617,42.1442182,-1.5885841,304.68,48.30,1.57,-7.17,203.44
2830,48.381558,1783330776.635,42.1442169,-1.5885845,304.72,48.34,1.55,-7.17,203.42
2831,48.398654,1783330776.652,42.1442157,-1.5885849,304.75,48.37,1.53,-7.17,203.41
2832,48.415750,1783330776.669,42.1442144,-1.5885853,304.78,48.40,1.52,-7.17,203.40
2833,48.432846,1783330776.686,42.1442131,-1.5885857,304.82,48.44,1.50,-7.17,203.38
2834,48.449942,1783330776.703,42.1442118,-1.5885860,304.85,48.47,1.49,-7.17,203.37
2835,48.467037,1783330776.720,42.1442106,-1.5885864,304.88,48.50,1.45,-7.16,203.36
2836,48.484133,1783330776.737,42.1442093,-1.5885868,304.92,48.54,1.41,-7.15,203.36
2837,48.501229,1783330776.754,42.1442080,-1.5885872,304.95,48.57,1.37,-7.14,203.35
2838,48.518325,1783330776.771,42.1442067,-1.5885876,304.98,48.60,1.33,-7.13,203.34
2839,48.535421,1783330776.788,42.1442075,-1.5885917,304.55,48.17,1.30,-7.13,203.33
2840,48.552517,1783330776.806,42.1442062,-1.5885920,304.58,48.20,1.26,-7.13,203.33
2841,48.569613,1783330776.823,42.1442049,-1.5885924,304.62,48.24,1.23,-7.15,203.32
2842,48.586709,1783330776.840,42.1442036,-1.5885927,304.65,48.27,1.20,-7.17,203.31
2843,48.603805,1783330776.857,42.1442023,-1.5885931,304.69,48.31,1.17,-7.20,203.30
2844,48.620901,1783330776.874,42.1442011,-1.5885935,304.72,48.34,1.15,-7.22,203.29
2845,48.637997,1783330776.891,42.1441998,-1.5885938,304.76,48.38,1.12,-7.25,203.28
2846,48.655093,1783330776.908,42.1441985,-1.5885942,304.79,48.41,1.09,-7.26,203.27
2847,48.672189,1783330776.925,42.1441972,-1.5885945,304.83,48.45,1.06,-7.26,203.26
2848,48.689285,1783330776.942,42.1441959,-1.5885949,304.86,48.48,1.03,-7.27,203.26
2849,48.706381,1783330776.959,42.1441946,-1.5885953,304.90,48.52,0.99,-7.27,203.25
2850,48.723477,1783330776.976,42.1441934,-1.5885956,304.93,48.55,0.96,-7.28,203.25
2851,48.740573,1783330776.994,42.1441996,-1.5885979,304.36,47.98,0.93,-7.28,203.24
2852,48.757669,1783330777.011,42.1441942,-1.5885995,304.49,48.11,0.91,-7.27,203.25
2853,48.774765,1783330777.028,42.1441926,-1.5886000,304.54,48.16,0.88,-7.26,203.26
2854,48.791861,1783330777.045,42.1441910,-1.5886005,304.58,48.20,0.86,-7.25,203.27
2855,48.808957,1783330777.062,42.1441894,-1.5886009,304.62,48.24,0.83,-7.24,203.28
2856,48.826053,1783330777.079,42.1441878,-1.5886014,304.67,48.29,0.81,-7.23,203.29
2857,48.843149,1783330777.096,42.1441862,-1.5886018,304.71,48.33,0.79,-7.21,203.31
2858,48.860244,1783330777.113,42.1441846,-1.5886023,304.76,48.38,0.80,-7.26,203.31
2859,48.877340,1783330777.130,42.1441830,-1.5886028,304.80,48.42,0.83,-7.32,203.30
2860,48.894436,1783330777.147,42.1441814,-1.5886032,304.84,48.46,0.85,-7.39,203.29
2861,48.911532,1783330777.165,42.1441798,-1.5886037,304.89,48.51,0.88,-7.46,203.28
2862,48.928628,1783330777.182,42.1441842,-1.5886087,304.15,47.77,0.91,-7.52,203.28
2863,48.945724,1783330777.199,42.1441806,-1.5886075,304.47,48.09,0.94,-7.59,203.27
2864,48.962820,1783330777.216,42.1441793,-1.5886079,304.50,48.12,0.94,-7.60,203.26
2865,48.979916,1783330777.233,42.1441781,-1.5886082,304.54,48.16,0.93,-7.60,203.25
2866,48.997012,1783330777.250,42.1441768,-1.5886086,304.57,48.19,0.93,-7.60,203.25
2867,49.014108,1783330777.267,42.1441755,-1.5886090,304.60,48.22,0.93,-7.61,203.24
2868,49.031204,1783330777.284,42.1441743,-1.5886093,304.64,48.26,0.92,-7.61,203.23
2869,49.048300,1783330777.301,42.1441730,-1.5886097,304.67,48.29,0.92,-7.61,203.22
2870,49.065396,1783330777.318,42.1441718,-1.5886101,304.71,48.33,0.87,-7.67,203.23
2871,49.082492,1783330777.335,42.1441705,-1.5886104,304.74,48.36,0.82,-7.72,203.24
2872,49.099588,1783330777.353,42.1441692,-1.5886108,304.77,48.39,0.76,-7.78,203.25
2873,49.116684,1783330777.370,42.1441680,-1.5886112,304.81,48.43,0.71,-7.83,203.25
2874,49.133780,1783330777.387,42.1441685,-1.5886148,304.42,48.04,0.66,-7.89,203.26
2875,49.150876,1783330777.404,42.1441672,-1.5886152,304.46,48.08,0.62,-7.94,203.27
2876,49.167972,1783330777.421,42.1441659,-1.5886156,304.49,48.11,0.64,-8.00,203.26
2877,49.185068,1783330777.438,42.1441647,-1.5886160,304.52,48.14,0.65,-8.05,203.26
2878,49.202164,1783330777.455,42.1441634,-1.5886164,304.55,48.17,0.66,-8.11,203.25
2879,49.219260,1783330777.472,42.1441621,-1.5886168,304.59,48.21,0.68,-8.17,203.25
2880,49.236356,1783330777.489,42.1441608,-1.5886172,304.62,48.24,0.69,-8.22,203.24
2881,49.253451,1783330777.506,42.1441596,-1.5886176,304.65,48.27,0.70,-8.27,203.24
2882,49.270547,1783330777.524,42.1441583,-1.5886180,304.68,48.30,0.69,-8.28,203.23
2883,49.287643,1783330777.541,42.1441570,-1.5886184,304.72,48.34,0.68,-8.30,203.22
2884,49.304739,1783330777.558,42.1441558,-1.5886188,304.75,48.37,0.68,-8.32,203.21
2885,49.321835,1783330777.575,42.1441545,-1.5886192,304.78,48.40,0.67,-8.34,203.20
2886,49.338931,1783330777.592,42.1441551,-1.5886229,304.40,48.02,0.66,-8.36,203.19
2887,49.356027,1783330777.609,42.1441538,-1.5886232,304.44,48.06,0.66,-8.40,203.19
2888,49.373123,1783330777.626,42.1441526,-1.5886236,304.47,48.09,0.65,-8.45,203.20
2889,49.390219,1783330777.643,42.1441513,-1.5886240,304.51,48.13,0.64,-8.51,203.21
2890,49.407315,1783330777.660,42.1441500,-1.5886244,304.54,48.16,0.63,-8.56,203.22
2891,49.424411,1783330777.677,42.1441487,-1.5886248,304.57,48.19,0.62,-8.61,203.23
2892,49.441507,1783330777.695,42.1441475,-1.5886252,304.61,48.23,0.61,-8.67,203.24
2893,49.458603,1783330777.712,42.1441462,-1.5886256,304.64,48.26,0.62,-8.66,203.23
2894,49.475699,1783330777.729,42.1441449,-1.5886260,304.68,48.30,0.63,-8.60,203.22
2895,49.492795,1783330777.746,42.1441436,-1.5886264,304.71,48.33,0.64,-8.55,203.21
2896,49.509891,1783330777.763,42.1441424,-1.5886268,304.75,48.37,0.65,-8.50,203.20
2897,49.526987,1783330777.780,42.1441411,-1.5886272,304.78,48.40,0.67,-8.44,203.19
2898,49.544083,1783330777.797,42.1441417,-1.5886308,304.39,48.01,0.68,-8.39,203.18
2899,49.561179,1783330777.814,42.1441405,-1.5886312,304.42,48.04,0.66,-8.40,203.19
2900,49.578275,1783330777.831,42.1441394,-1.5886315,304.46,48.08,0.64,-8.43,203.20
2901,49.595371,1783330777.848,42.1441382,-1.5886319,304.49,48.11,0.61,-8.46,203.22
2902,49.612467,1783330777.865,42.1441371,-1.5886322,304.52,48.14,0.59,-8.49,203.23
2903,49.629563,1783330777.883,42.1441359,-1.5886326,304.55,48.17,0.57,-8.52,203.25
2904,49.646658,1783330777.900,42.1441348,-1.5886329,304.58,48.20,0.54,-8.55,203.26
2905,49.663754,1783330777.917,42.1441336,-1.5886333,304.61,48.23,0.53,-8.52,203.26
2906,49.680850,1783330777.934,42.1441324,-1.5886336,304.65,48.27,0.52,-8.48,203.26
2907,49.697946,1783330777.951,42.1441313,-1.5886340,304.68,48.30,0.51,-8.44,203.25
2908,49.715042,1783330777.968,42.1441301,-1.5886343,304.71,48.33,0.51,-8.40,203.25
2909,49.732138,1783330777.985,42.1441290,-1.5886347,304.74,48.36,0.50,-8.36,203.25
2910,49.749234,1783330778.002,42.1441278,-1.5886350,304.77,48.39,0.49,-8.33,203.25
2911,49.766330,1783330778.019,42.1441284,-1.5886391,304.36,47.98,0.53,-8.32,203.25
2912,49.783426,1783330778.036,42.1441270,-1.5886395,304.41,48.03,0.56,-8.32,203.25
2913,49.800522,1783330778.054,42.1441256,-1.5886399,304.45,48.07,0.60,-8.31,203.26
2914,49.817618,1783330778.071,42.1441241,-1.5886403,304.49,48.11,0.63,-8.30,203.26
2915,49.834714,1783330778.088,42.1441227,-1.5886407,304.54,48.16,0.66,-8.30,203.26
2916,49.851810,1783330778.105,42.1441213,-1.5886411,304.58,48.20,0.69,-8.29,203.26
2917,49.868906,1783330778.122,42.1441198,-1.5886415,304.62,48.24,0.70,-8.28,203.27
2918,49.886002,1783330778.139,42.1441184,-1.5886418,304.66,48.28,0.70,-8.27,203.28
2919,49.903098,1783330778.156,42.1441170,-1.5886422,304.71,48.33,0.71,-8.27,203.29
2920,49.920194,1783330778.173,42.1441155,-1.5886426,304.75,48.37,0.71,-8.26,203.30
2921,49.937290,1783330778.190,42.1441162,-1.5886468,304.32,47.94,0.72,-8.25,203.31
2922,49.954386,1783330778.207,42.1441149,-1.5886471,304.36,47.98,0.72,-8.23,203.32
2923,49.971482,1783330778.224,42.1441136,-1.5886475,304.40,48.02,0.73,-8.19,203.34
2924,49.988578,1783330778.242,42.1441123,-1.5886478,304.44,48.06,0.74,-8.15,203.35
2925,50.005674,1783330778.259,42.1441110,-1.5886482,304.48,48.10,0.75,-8.11,203.36
2926,50.022770,1783330778.276,42.1441097,-1.5886485,304.52,48.14,0.76,-8.07,203.37
2927,50.039865,1783330778.293,42.1441084,-1.5886489,304.56,48.18,0.78,-8.03,203.38
2928,50.056961,1783330778.310,42.1441071,-1.5886492,304.60,48.22,0.78,-8.01,203.40
2929,50.074057,1783330778.327,42.1441058,-1.5886495,304.64,48.26,0.78,-8.00,203.41
2930,50.091153,1783330778.344,42.1441045,-1.5886499,304.68,48.30,0.78,-8.00,203.42
2931,50.108249,1783330778.361,42.1441032,-1.5886502,304.72,48.34,0.77,-7.99,203.43
2932,50.125345,1783330778.378,42.1441019,-1.5886506,304.76,48.38,0.77,-7.99,203.44
2933,50.142441,1783330778.395,42.1441025,-1.5886544,304.37,47.99,0.77,-7.98,203.46
2934,50.159537,1783330778.413,42.1441012,-1.5886548,304.41,48.03,0.75,-7.92,203.47
2935,50.176633,1783330778.430,42.1441000,-1.5886552,304.45,48.07,0.73,-7.83,203.47
2936,50.193729,1783330778.447,42.1440987,-1.5886555,304.49,48.11,0.70,-7.75,203.48
2937,50.210825,1783330778.464,42.1440974,-1.5886559,304.52,48.14,0.68,-7.66,203.49
2938,50.227921,1783330778.481,42.1440961,-1.5886563,304.56,48.18,0.65,-7.57,203.50
2939,50.245017,1783330778.498,42.1440948,-1.5886566,304.60,48.22,0.62,-7.48,203.51
2940,50.262113,1783330778.515,42.1440935,-1.5886570,304.64,48.26,0.61,-7.48,203.50
2941,50.279209,1783330778.532,42.1440922,-1.5886574,304.67,48.29,0.60,-7.49,203.48
2942,50.296305,1783330778.549,42.1440909,-1.5886577,304.71,48.33,0.60,-7.49,203.47
2943,50.313401,1783330778.566,42.1440896,-1.5886581,304.75,48.37,0.59,-7.50,203.45
2944,50.330497,1783330778.583,42.1440883,-1.5886585,304.79,48.41,0.58,-7.51,203.44
2945,50.347593,1783330778.601,42.1440889,-1.5886622,304.40,48.02,0.57,-7.52,203.42
2946,50.364689,1783330778.618,42.1440877,-1.5886626,304.44,48.06,0.60,-7.50,203.40
2947,50.381785,1783330778.635,42.1440864,-1.5886630,304.48,48.10,0.63,-7.49,203.39
2948,50.398881,1783330778.652,42.1440851,-1.5886633,304.51,48.13,0.66,-7.47,203.37
2949,50.415977,1783330778.669,42.1440838,-1.5886637,304.55,48.17,0.69,-7.46,203.36
2950,50.433072,1783330778.686,42.1440825,-1.5886641,304.59,48.21,0.72,-7.44,203.34
2951,50.450168,1783330778.703,42.1440812,-1.5886644,304.62,48.24,0.75,-7.43,203.33
2952,50.467264,1783330778.720,42.1440799,-1.5886648,304.66,48.28,0.79,-7.40,203.31
2953,50.484360,1783330778.737,42.1440786,-1.5886652,304.70,48.32,0.83,-7.37,203.29
2954,50.501456,1783330778.754,42.1440773,-1.5886655,304.73,48.35,0.86,-7.34,203.28
2955,50.518552,1783330778.772,42.1440760,-1.5886659,304.77,48.39,0.90,-7.32,203.26
2956,50.535648,1783330778.789,42.1440766,-1.5886697,304.40,48.02,0.93,-7.29,203.24
2957,50.552744,1783330778.806,42.1440753,-1.5886700,304.43,48.05,0.97,-7.26,203.23
2958,50.569840,1783330778.823,42.1440740,-1.5886704,304.47,48.09,1.01,-7.23,203.23
2959,50.586936,1783330778.840,42.1440727,-1.5886707,304.50,48.12,1.06,-7.19,203.24
2960,50.604032,1783330778.857,42.1440714,-1.5886711,304.54,48.16,1.10,-7.16,203.24
2961,50.621128,1783330778.874,42.1440701,-1.5886715,304.58,48.20,1.14,-7.12,203.24
2962,50.638224,1783330778.891,42.1440688,-1.5886718,304.61,48.23,1.19,-7.09,203.25
2963,50.655320,1783330778.908,42.1440675,-1.5886722,304.65,48.27,1.23,-7.06,203.24
2964,50.672416,1783330778.925,42.1440662,-1.5886725,304.68,48.30,1.27,-7.03,203.23
2965,50.689512,1783330778.943,42.1440649,-1.5886729,304.72,48.34,1.31,-7.00,203.22
2966,50.706608,1783330778.960,42.1440636,-1.5886733,304.76,48.38,1.35,-6.97,203.21
2967,50.723704,1783330778.977,42.1440623,-1.5886736,304.79,48.41,1.39,-6.94,203.20
2968,50.740800,1783330778.994,42.1440627,-1.5886771,304.45,48.07,1.43,-6.91,203.18
2969,50.757896,1783330779.011,42.1440614,-1.5886775,304.48,48.10,1.45,-6.88,203.17
2970,50.774992,1783330779.028,42.1440601,-1.5886779,304.51,48.13,1.45,-6.85,203.15
2971,50.792088,1783330779.045,42.1440588,-1.5886783,304.55,48.17,1.45,-6.81,203.13
2972,50.809184,1783330779.062,42.1440576,-1.5886787,304.58,48.20,1.45,-6.78,203.11
2973,50.826280,1783330779.079,42.1440563,-1.5886791,304.61,48.23,1.45,-6.74,203.09
2974,50.843375,1783330779.096,42.1440550,-1.5886795,304.65,48.27,1.45,-6.71,203.07
2975,50.860471,1783330779.113,42.1440538,-1.5886798,304.68,48.30,1.46,-6.71,203.06
2976,50.877567,1783330779.131,42.1440525,-1.5886802,304.71,48.33,1.48,-6.73,203.06
2977,50.894663,1783330779.148,42.1440512,-1.5886806,304.75,48.37,1.50,-6.75,203.06
2978,50.911759,1783330779.165,42.1440499,-1.5886810,304.78,48.40,1.52,-6.77,203.05
2979,50.928855,1783330779.182,42.1440487,-1.5886814,304.81,48.43,1.54,-6.79,203.05
2980,50.945951,1783330779.199,42.1440489,-1.5886849,304.48,48.10,1.56,-6.81,203.05
2981,50.963047,1783330779.216,42.1440475,-1.5886854,304.52,48.14,1.56,-6.82,203.03
2982,50.980143,1783330779.233,42.1440461,-1.5886858,304.55,48.17,1.57,-6.82,203.00
2983,50.997239,1783330779.250,42.1440447,-1.5886863,304.59,48.21,1.57,-6.83,202.98
2984,51.014335,1783330779.267,42.1440433,-1.5886867,304.63,48.25,1.58,-6.84,202.96
2985,51.031431,1783330779.284,42.1440419,-1.5886871,304.66,48.28,1.59,-6.84,202.93
2986,51.048527,1783330779.302,42.1440405,-1.5886876,304.70,48.32,1.59,-6.85,202.91
2987,51.065623,1783330779.319,42.1440391,-1.5886880,304.74,48.36,1.61,-6.81,202.90
2988,51.082719,1783330779.336,42.1440377,-1.5886884,304.78,48.40,1.62,-6.78,202.89
2989,51.099815,1783330779.353,42.1440363,-1.5886889,304.81,48.43,1.64,-6.75,202.88
2990,51.116911,1783330779.370,42.1440421,-1.5886902,304.38,48.00,1.66,-6.71,202.88
2991,51.134007,1783330779.387,42.1440367,-1.5886921,304.49,48.11,1.68,-6.68,202.87
2992,51.151103,1783330779.404,42.1440353,-1.5886926,304.53,48.15,1.70,-6.66,202.86
2993,51.168199,1783330779.421,42.1440339,-1.5886931,304.56,48.18,1.75,-6.73,202.86
2994,51.185295,1783330779.438,42.1440324,-1.5886935,304.60,48.22,1.79,-6.80,202.86
2995,51.202391,1783330779.455,42.1440310,-1.5886940,304.63,48.25,1.84,-6.87,202.86
2996,51.219487,1783330779.472,42.1440296,-1.5886944,304.66,48.28,1.89,-6.94,202.86
2997,51.236582,1783330779.490,42.1440282,-1.5886949,304.70,48.32,1.94,-7.00,202.86
2998,51.253678,1783330779.507,42.1440268,-1.5886953,304.73,48.35,1.98,-7.06,202.86
2999,51.270774,1783330779.524,42.1440254,-1.5886958,304.77,48.39,2.01,-7.07,202.85
3000,51.287870,1783330779.541,42.1440240,-1.5886962,304.80,48.42,2.04,-7.09,202.84
3001,51.304966,1783330779.558,42.1440226,-1.5886967,304.83,48.45,2.07,-7.11,202.83
3002,51.322062,1783330779.575,42.1440275,-1.5886998,304.30,47.92,2.10,-7.12,202.82
3003,51.339158,1783330779.592,42.1440230,-1.5887002,304.50,48.12,2.13,-7.14,202.81
3004,51.356254,1783330779.609,42.1440216,-1.5887006,304.54,48.16,2.13,-7.17,202.81
3005,51.373350,1783330779.626,42.1440203,-1.5887010,304.57,48.19,2.12,-7.22,202.80
3006,51.390446,1783330779.643,42.1440189,-1.5887015,304.61,48.23,2.11,-7.26,202.79
3007,51.407542,1783330779.661,42.1440175,-1.5887019,304.64,48.26,2.10,-7.31,202.79
3008,51.424638,1783330779.678,42.1440161,-1.5887023,304.67,48.29,2.09,-7.36,202.78
3009,51.441734,1783330779.695,42.1440147,-1.5887027,304.71,48.33,2.08,-7.40,202.77
3010,51.458830,1783330779.712,42.1440133,-1.5887032,304.74,48.36,2.07,-7.47,202.77
3011,51.475926,1783330779.729,42.1440119,-1.5887036,304.78,48.40,2.07,-7.56,202.77
3012,51.493022,1783330779.746,42.1440105,-1.5887040,304.81,48.43,2.06,-7.65,202.77
3013,51.510118,1783330779.763,42.1440091,-1.5887044,304.85,48.47,2.05,-7.73,202.77
3014,51.527214,1783330779.780,42.1440135,-1.5887092,304.18,47.80,2.04,-7.82,202.77
3015,51.544310,1783330779.797,42.1440096,-1.5887079,304.50,48.12,2.03,-7.90,202.77
3016,51.561406,1783330779.814,42.1440084,-1.5887082,304.53,48.15,2.03,-7.92,202.77
3017,51.578502,1783330779.832,42.1440071,-1.5887086,304.56,48.18,2.02,-7.93,202.78
3018,51.595598,1783330779.849,42.1440058,-1.5887090,304.59,48.21,2.02,-7.93,202.78
3019,51.612694,1783330779.866,42.1440046,-1.5887094,304.62,48.24,2.01,-7.93,202.79
3020,51.629789,1783330779.883,42.1440033,-1.5887097,304.66,48.28,2.01,-7.94,202.79
3021,51.646885,1783330779.900,42.1440021,-1.5887101,304.69,48.31,2.00,-7.94,202.80
3022,51.663981,1783330779.917,42.1440008,-1.5887105,304.72,48.34,2.01,-8.02,202.80
3023,51.681077,1783330779.934,42.1439996,-1.5887109,304.75,48.37,2.02,-8.11,202.81
3024,51.698173,1783330779.951,42.1439983,-1.5887112,304.78,48.40,2.04,-8.20,202.82
3025,51.715269,1783330779.968,42.1439971,-1.5887116,304.81,48.43,2.05,-8.29,202.82
3026,51.732365,1783330779.985,42.1440041,-1.5887114,304.45,48.07,2.06,-8.38,202.83
3027,51.749461,1783330780.002,42.1439999,-1.5887175,304.14,47.76,2.07,-8.46,202.83
3028,51.766557,1783330780.020,42.1439961,-1.5887156,304.50,48.12,2.08,-8.46,202.82
3029,51.783653,1783330780.037,42.1439945,-1.5887161,304.54,48.16,2.08,-8.46,202.81
3030,51.800749,1783330780.054,42.1439930,-1.5887166,304.58,48.20,2.09,-8.47,202.80
3031,51.817845,1783330780.071,42.1439914,-1.5887170,304.62,48.24,2.09,-8.47,202.79
3032,51.834941,1783330780.088,42.1439898,-1.5887175,304.66,48.28,2.10,-8.47,202.79
3033,51.852037,1783330780.105,42.1439883,-1.5887180,304.69,48.31,2.10,-8.48,202.78
3034,51.869133,1783330780.122,42.1439867,-1.5887185,304.73,48.35,2.11,-8.54,202.77
3035,51.886229,1783330780.139,42.1439851,-1.5887190,304.77,48.39,2.12,-8.60,202.75
3036,51.903325,1783330780.156,42.1439836,-1.5887194,304.81,48.43,2.12,-8.66,202.74
3037,51.920421,1783330780.173,42.1439888,-1.5887220,304.32,47.94,2.13,-8.72,202.73
3038,51.937517,1783330780.191,42.1439838,-1.5887229,304.48,48.10,2.14,-8.78,202.72
3039,51.954613,1783330780.208,42.1439824,-1.5887234,304.51,48.13,2.15,-8.82,202.71
3040,51.971709,1783330780.225,42.1439810,-1.5887238,304.54,48.16,2.17,-8.84,202.73
3041,51.988805,1783330780.242,42.1439796,-1.5887242,304.58,48.20,2.19,-8.85,202.74
3042,52.005901,1783330780.259,42.1439782,-1.5887246,304.61,48.23,2.21,-8.86,202.75
3043,52.022996,1783330780.276,42.1439768,-1.5887251,304.64,48.26,2.23,-8.87,202.76
3044,52.040092,1783330780.293,42.1439754,-1.5887255,304.67,48.29,2.25,-8.88,202.77
3045,52.057188,1783330780.310,42.1439740,-1.5887259,304.71,48.33,2.26,-8.91,202.77
3046,52.074284,1783330780.327,42.1439726,-1.5887263,304.74,48.36,2.27,-8.96,202.75
3047,52.091380,1783330780.344,42.1439712,-1.5887268,304.77,48.39,2.27,-9.00,202.74
3048,52.108476,1783330780.361,42.1439698,-1.5887272,304.80,48.42,2.27,-9.04,202.72
3049,52.125572,1783330780.379,42.1439744,-1.5887316,304.21,47.83,2.28,-9.08,202.70
3050,52.142668,1783330780.396,42.1439703,-1.5887308,304.48,48.10,2.28,-9.13,202.69
3051,52.159764,1783330780.413,42.1439688,-1.5887312,304.51,48.13,2.29,-9.14,202.68
3052,52.176860,1783330780.430,42.1439674,-1.5887316,304.55,48.17,2.31,-9.13,202.68
3053,52.193956,1783330780.447,42.1439660,-1.5887320,304.58,48.20,2.34,-9.13,202.68
3054,52.211052,1783330780.464,42.1439646,-1.5887325,304.61,48.23,2.36,-9.12,202.69
3055,52.228148,1783330780.481,42.1439632,-1.5887329,304.65,48.27,2.38,-9.12,202.69
3056,52.245244,1783330780.498,42.1439618,-1.5887333,304.68,48.30,2.40,-9.11,202.69
3057,52.262340,1783330780.515,42.1439604,-1.5887337,304.71,48.33,2.42,-9.08,202.69
3058,52.279436,1783330780.532,42.1439590,-1.5887342,304.75,48.37,2.44,-9.04,202.69
3059,52.296532,1783330780.550,42.1439576,-1.5887346,304.78,48.40,2.46,-9.00,202.69
3060,52.313628,1783330780.567,42.1439641,-1.5887350,304.44,48.06,2.48,-8.96,202.68
3061,52.330724,1783330780.584,42.1439600,-1.5887411,304.12,47.74,2.50,-8.92,202.68
3062,52.347820,1783330780.601,42.1439566,-1.5887387,304.49,48.11,2.52,-8.88,202.68
3063,52.364916,1783330780.618,42.1439552,-1.5887391,304.52,48.14,2.52,-8.87,202.70
3064,52.382012,1783330780.635,42.1439538,-1.5887396,304.55,48.17,2.52,-8.86,202.71
3065,52.399108,1783330780.652,42.1439524,-1.5887400,304.59,48.21,2.51,-8.85,202.73
3066,52.416203,1783330780.669,42.1439510,-1.5887404,304.62,48.24,2.51,-8.84,202.74
3067,52.433299,1783330780.686,42.1439496,-1.5887409,304.65,48.27,2.51,-8.83,202.76
3068,52.450395,1783330780.703,42.1439481,-1.5887413,304.68,48.30,2.51,-8.82,202.77
3069,52.467491,1783330780.720,42.1439467,-1.5887417,304.71,48.33,2.48,-8.79,202.75
3070,52.484587,1783330780.738,42.1439453,-1.5887422,304.75,48.37,2.46,-8.76,202.74
3071,52.501683,1783330780.755,42.1439439,-1.5887426,304.78,48.40,2.43,-8.74,202.73
3072,52.518779,1783330780.772,42.1439497,-1.5887446,304.33,47.95,2.41,-8.71,202.71
3073,52.535875,1783330780.789,42.1439444,-1.5887464,304.44,48.06,2.39,-8.69,202.70
3074,52.552971,1783330780.806,42.1439431,-1.5887468,304.47,48.09,2.36,-8.66,202.69
3075,52.570067,1783330780.823,42.1439418,-1.5887471,304.49,48.11,2.35,-8.65,202.70
3076,52.587163,1783330780.840,42.1439406,-1.5887475,304.52,48.14,2.33,-8.63,202.71
3077,52.604259,1783330780.857,42.1439393,-1.5887479,304.55,48.17,2.31,-8.61,202.72
3078,52.621355,1783330780.874,42.1439380,-1.5887483,304.58,48.20,2.30,-8.59,202.73
3079,52.638451,1783330780.891,42.1439367,-1.5887487,304.61,48.23,2.28,-8.57,202.74
3080,52.655547,1783330780.909,42.1439354,-1.5887491,304.64,48.26,2.27,-8.55,202.74
3081,52.672643,1783330780.926,42.1439341,-1.5887495,304.67,48.29,2.26,-8.53,202.75
3082,52.689739,1783330780.943,42.1439328,-1.5887498,304.70,48.32,2.26,-8.50,202.76
3083,52.706835,1783330780.960,42.1439315,-1.5887502,304.73,48.35,2.25,-8.48,202.76
3084,52.723931,1783330780.977,42.1439302,-1.5887506,304.76,48.38,2.25,-8.45,202.77
3085,52.741027,1783330780.994,42.1439307,-1.5887544,304.44,48.06,2.24,-8.43,202.78
3086,52.758123,1783330781.011,42.1439292,-1.5887548,304.47,48.09,2.24,-8.41,202.79
3087,52.775219,1783330781.028,42.1439278,-1.5887553,304.50,48.12,2.23,-8.38,202.80
3088,52.792315,1783330781.045,42.1439263,-1.5887557,304.54,48.16,2.22,-8.36,202.82
3089,52.809410,1783330781.062,42.1439249,-1.5887561,304.57,48.19,2.22,-8.33,202.83
3090,52.826506,1783330781.080,42.1439235,-1.5887565,304.60,48.22,2.21,-8.31,202.84
3091,52.843602,1783330781.097,42.1439220,-1.5887570,304.64,48.26,2.20,-8.29,202.86
3092,52.860698,1783330781.114,42.1439206,-1.5887574,304.67,48.29,2.18,-8.25,202.86
3093,52.877794,1783330781.131,42.1439191,-1.5887578,304.70,48.32,2.16,-8.21,202.86
3094,52.894890,1783330781.148,42.1439177,-1.5887583,304.74,48.36,2.14,-8.16,202.86
3095,52.911986,1783330781.165,42.1439163,-1.5887587,304.77,48.39,2.12,-8.12,202.86
3096,52.929082,1783330781.182,42.1439205,-1.5887641,304.12,47.74,2.10,-8.08,202.86
3097,52.946178,1783330781.199,42.1439170,-1.5887628,304.39,48.01,2.08,-8.03,202.86
3098,52.963274,1783330781.216,42.1439156,-1.5887632,304.43,48.05,2.07,-8.01,202.86
3099,52.980370,1783330781.233,42.1439141,-1.5887636,304.46,48.08,2.07,-7.99,202.85
3100,52.997466,1783330781.250,42.1439127,-1.5887640,304.50,48.12,2.06,-7.97,202.85
3101,53.014562,1783330781.268,42.1439112,-1.5887644,304.54,48.16,2.05,-7.94,202.85
3102,53.031658,1783330781.285,42.1439098,-1.5887648,304.57,48.19,2.05,-7.92,202.84
3103,53.048754,1783330781.302,42.1439083,-1.5887652,304.61,48.23,2.04,-7.90,202.84
3104,53.065850,1783330781.319,42.1439069,-1.5887656,304.65,48.27,2.02,-7.85,202.87
3105,53.082946,1783330781.336,42.1439054,-1.5887660,304.69,48.31,2.00,-7.80,202.90
3106,53.100042,1783330781.353,42.1439040,-1.5887664,304.72,48.34,1.99,-7.75,202.93
3107,53.117138,1783330781.370,42.1439110,-1.5887676,304.28,47.90,1.97,-7.71,202.96
3108,53.134234,1783330781.387,42.1439045,-1.5887702,304.38,48.00,1.95,-7.66,203.00
3109,53.151330,1783330781.404,42.1439031,-1.5887707,304.42,48.04,1.94,-7.62,203.02
3110,53.168426,1783330781.421,42.1439017,-1.5887711,304.45,48.07,1.93,-7.62,203.01
3111,53.185522,1783330781.439,42.1439002,-1.5887715,304.48,48.10,1.92,-7.61,203.00
3112,53.202617,1783330781.456,42.1438988,-1.5887720,304.51,48.13,1.92,-7.61,202.99
3113,53.219713,1783330781.473,42.1438973,-1.5887724,304.54,48.16,1.91,-7.61,202.98
3114,53.236809,1783330781.490,42.1438959,-1.5887728,304.58,48.20,1.90,-7.60,202.97
3115,53.253905,1783330781.507,42.1438944,-1.5887732,304.61,48.23,1.89,-7.60,202.97
3116,53.271001,1783330781.524,42.1438930,-1.5887737,304.64,48.26,1.87,-7.59,202.98
3117,53.288097,1783330781.541,42.1438916,-1.5887741,304.67,48.29,1.86,-7.58,203.00
3118,53.305193,1783330781.558,42.1438901,-1.5887745,304.71,48.33,1.84,-7.57,203.01
3119,53.322289,1783330781.575,42.1438955,-1.5887776,304.21,47.83,1.82,-7.56,203.03
3120,53.339385,1783330781.592,42.1438907,-1.5887784,304.37,47.99,1.80,-7.55,203.04
3121,53.356481,1783330781.609,42.1438893,-1.5887788,304.41,48.03,1.77,-7.54,203.05
3122,53.373577,1783330781.627,42.1438878,-1.5887792,304.44,48.06,1.74,-7.51,203.06
3123,53.390673,1783330781.644,42.1438864,-1.5887797,304.47,48.09,1.70,-7.49,203.06
3124,53.407769,1783330781.661,42.1438850,-1.5887801,304.51,48.13,1.67,-7.47,203.07
3125,53.424865,1783330781.678,42.1438835,-1.5887805,304.54,48.16,1.64,-7.44,203.07
3126,53.441961,1783330781.695,42.1438821,-1.5887809,304.57,48.19,1.60,-7.42,203.08
3127,53.459057,1783330781.712,42.1438807,-1.5887814,304.61,48.23,1.58,-7.44,203.09
3128,53.476153,1783330781.729,42.1438793,-1.5887818,304.64,48.26,1.56,-7.49,203.10
3129,53.493249,1783330781.746,42.1438778,-1.5887822,304.67,48.29,1.54,-7.53,203.11
3130,53.510345,1783330781.763,42.1438764,-1.5887826,304.71,48.33,1.52,-7.58,203.12
3131,53.527441,1783330781.780,42.1438809,-1.5887875,304.11,47.73,1.49,-7.62,203.14
3132,53.544537,1783330781.798,42.1438771,-1.5887866,304.37,47.99,1.47,-7.67,203.15
3133,53.561633,1783330781.815,42.1438758,-1.5887870,304.40,48.02,1.44,-7.66,203.15
3134,53.578729,1783330781.832,42.1438745,-1.5887873,304.43,48.05,1.41,-7.64,203.16
3135,53.595825,1783330781.849,42.1438732,-1.5887877,304.46,48.08,1.38,-7.61,203.16
3136,53.612920,1783330781.866,42.1438719,-1.5887881,304.49,48.11,1.35,-7.59,203.17
3137,53.630016,1783330781.883,42.1438706,-1.5887885,304.52,48.14,1.31,-7.57,203.17
3138,53.647112,1783330781.900,42.1438693,-1.5887889,304.55,48.17,1.28,-7.54,203.18
3139,53.664208,1783330781.917,42.1438680,-1.5887893,304.58,48.20,1.25,-7.56,203.18
3140,53.681304,1783330781.934,42.1438667,-1.5887897,304.61,48.23,1.21,-7.58,203.17
3141,53.698400,1783330781.951,42.1438654,-1.5887900,304.64,48.26,1.18,-7.61,203.16
3142,53.715496,1783330781.968,42.1438641,-1.5887904,304.67,48.29,1.14,-7.63,203.16
3143,53.732592,1783330781.986,42.1438716,-1.5887901,304.34,47.96,1.11,-7.65,203.15
3144,53.749688,1783330782.003,42.1438669,-1.5887964,304.07,47.69,1.08,-7.66,203.15
3145,53.766784,1783330782.020,42.1438633,-1.5887947,304.37,47.99,1.08,-7.62,203.16
3146,53.783880,1783330782.037,42.1438616,-1.5887952,304.41,48.03,1.08,-7.57,203.17
3147,53.800976,1783330782.054,42.1438600,-1.5887957,304.45,48.07,1.09,-7.52,203.18
3148,53.818072,1783330782.071,42.1438584,-1.5887961,304.49,48.11,1.09,-7.47,203.19
3149,53.835168,1783330782.088,42.1438568,-1.5887966,304.53,48.15,1.09,-7.43,203.19
3150,53.852264,1783330782.105,42.1438552,-1.5887971,304.56,48.18,1.08,-7.39,203.20
3151,53.869360,1783330782.122,42.1438536,-1.5887976,304.60,48.22,1.06,-7.41,203.19
3152,53.886456,1783330782.139,42.1438520,-1.5887981,304.64,48.26,1.03,-7.42,203.18
3153,53.903552,1783330782.157,42.1438504,-1.5887985,304.68,48.30,1.01,-7.43,203.17
3154,53.920648,1783330782.174,42.1438561,-1.5888010,304.21,47.83,0.98,-7.44,203.16
3155,53.937744,1783330782.191,42.1438508,-1.5888025,304.35,47.97,0.96,-7.45,203.15
3156,53.954840,1783330782.208,42.1438494,-1.5888030,304.39,48.01,0.93,-7.46,203.14
3157,53.971936,1783330782.225,42.1438480,-1.5888034,304.42,48.04,0.91,-7.47,203.15
3158,53.989032,1783330782.242,42.1438465,-1.5888038,304.46,48.08,0.89,-7.48,203.16
3159,54.006127,1783330782.259,42.1438451,-1.5888042,304.49,48.11,0.86,-7.49,203.17
3160,54.023223,1783330782.276,42.1438436,-1.5888047,304.53,48.15,0.84,-7.50,203.19
3161,54.040319,1783330782.293,42.1438422,-1.5888051,304.56,48.18,0.82,-7.51,203.20
3162,54.057415,1783330782.310,42.1438408,-1.5888055,304.60,48.22,0.80,-7.48,203.20
3163,54.074511,1783330782.328,42.1438393,-1.5888059,304.63,48.25,0.79,-7.42,203.19
3164,54.091607,1783330782.345,42.1438379,-1.5888064,304.67,48.29,0.77,-7.37,203.19
3165,54.108703,1783330782.362,42.1438364,-1.5888068,304.70,48.32,0.76,-7.32,203.18
3166,54.125799,1783330782.379,42.1438412,-1.5888111,304.14,47.76,0.75,-7.26,203.18
3167,54.142895,1783330782.396,42.1438370,-1.5888108,304.37,47.99,0.73,-7.21,203.17
3168,54.159991,1783330782.413,42.1438356,-1.5888112,304.41,48.03,0.73,-7.21,203.17
3169,54.177087,1783330782.430,42.1438341,-1.5888116,304.44,48.06,0.73,-7.24,203.17
3170,54.194183,1783330782.447,42.1438327,-1.5888120,304.48,48.10,0.73,-7.27,203.17
3171,54.211279,1783330782.464,42.1438313,-1.5888125,304.51,48.13,0.72,-7.30,203.16
3172,54.228375,1783330782.481,42.1438299,-1.5888129,304.55,48.17,0.72,-7.33,203.16
3173,54.245471,1783330782.498,42.1438284,-1.5888133,304.58,48.20,0.72,-7.37,203.16
3174,54.262567,1783330782.516,42.1438270,-1.5888138,304.62,48.24,0.71,-7.32,203.16
3175,54.279663,1783330782.533,42.1438256,-1.5888142,304.65,48.27,0.71,-7.27,203.17
3176,54.296759,1783330782.550,42.1438241,-1.5888146,304.69,48.31,0.70,-7.22,203.17
3177,54.313855,1783330782.567,42.1438314,-1.5888146,304.33,47.95,0.69,-7.17,203.18
3178,54.330951,1783330782.584,42.1438264,-1.5888211,304.07,47.69,0.69,-7.11,203.18
3179,54.348047,1783330782.601,42.1438232,-1.5888189,304.40,48.02,0.68,-7.06,203.19
3180,54.365143,1783330782.618,42.1438218,-1.5888193,304.43,48.05,0.71,-7.03,203.21
3181,54.382239,1783330782.635,42.1438203,-1.5888197,304.47,48.09,0.74,-7.01,203.22
3182,54.399334,1783330782.652,42.1438189,-1.5888202,304.50,48.12,0.77,-6.98,203.24
3183,54.416430,1783330782.669,42.1438175,-1.5888206,304.53,48.15,0.80,-6.96,203.25
3184,54.433526,1783330782.687,42.1438160,-1.5888210,304.57,48.19,0.83,-6.93,203.27
3185,54.450622,1783330782.704,42.1438146,-1.5888215,304.60,48.22,0.85,-6.91,203.28
3186,54.467718,1783330782.721,42.1438132,-1.5888219,304.63,48.25,0.84,-6.87,203.28
3187,54.484814,1783330782.738,42.1438117,-1.5888223,304.67,48.29,0.83,-6.84,203.29
3188,54.501910,1783330782.755,42.1438103,-1.5888227,304.70,48.32,0.82,-6.81,203.29
3189,54.519006,1783330782.772,42.1438163,-1.5888246,304.27,47.89,0.81,-6.78,203.29
3190,54.536102,1783330782.789,42.1438108,-1.5888265,304.39,48.01,0.80,-6.75,203.30
3191,54.553198,1783330782.806,42.1438095,-1.5888269,304.42,48.04,0.79,-6.72,203.30
3192,54.570294,1783330782.823,42.1438083,-1.5888273,304.45,48.07,0.81,-6.68,203.29
3193,54.587390,1783330782.840,42.1438070,-1.5888276,304.48,48.10,0.82,-6.64,203.28
3194,54.604486,1783330782.857,42.1438057,-1.5888280,304.51,48.13,0.84,-6.61,203.27
3195,54.621582,1783330782.875,42.1438044,-1.5888284,304.54,48.16,0.85,-6.57,203.26
3196,54.638678,1783330782.892,42.1438031,-1.5888288,304.57,48.19,0.86,-6.53,203.25
3197,54.655774,1783330782.909,42.1438018,-1.5888292,304.60,48.22,0.87,-6.51,203.26
3198,54.672870,1783330782.926,42.1438006,-1.5888296,304.63,48.25,0.85,-6.51,203.27
3199,54.689966,1783330782.943,42.1437993,-1.5888299,304.66,48.28,0.84,-6.51,203.28
3200,54.707062,1783330782.960,42.1437980,-1.5888303,304.69,48.31,0.83,-6.51,203.30
3201,54.724158,1783330782.977,42.1437967,-1.5888307,304.72,48.34,0.82,-6.51,203.31
3202,54.741254,1783330782.994,42.1438023,-1.5888334,304.24,47.86,0.81,-6.51,203.32
3203,54.758350,1783330783.011,42.1437971,-1.5888342,304.43,48.05,0.82,-6.50,203.34
3204,54.775446,1783330783.028,42.1437955,-1.5888347,304.46,48.08,0.83,-6.49,203.35
3205,54.792541,1783330783.046,42.1437939,-1.5888352,304.50,48.12,0.85,-6.48,203.36
3206,54.809637,1783330783.063,42.1437923,-1.5888357,304.53,48.15,0.87,-6.47,203.37
3207,54.826733,1783330783.080,42.1437907,-1.5888362,304.56,48.18,0.88,-6.46,203.39
3208,54.843829,1783330783.097,42.1437892,-1.5888367,304.60,48.22,0.90,-6.45,203.40
3209,54.860925,1783330783.114,42.1437876,-1.5888372,304.63,48.25,0.90,-6.46,203.41
3210,54.878021,1783330783.131,42.1437860,-1.5888377,304.66,48.28,0.91,-6.47,203.41
3211,54.895117,1783330783.148,42.1437844,-1.5888382,304.70,48.32,0.91,-6.48,203.42
3212,54.912213,1783330783.165,42.1437828,-1.5888387,304.73,48.35,0.92,-6.49,203.43
3213,54.929309,1783330783.182,42.1437867,-1.5888442,304.13,47.75,0.92,-6.50,203.43
3214,54.946405,1783330783.199,42.1437831,-1.5888422,304.44,48.06,0.93,-6.51,203.44
3215,54.963501,1783330783.217,42.1437817,-1.5888426,304.48,48.10,0.93,-6.49,203.44
3216,54.980597,1783330783.234,42.1437803,-1.5888431,304.51,48.13,0.93,-6.48,203.45
3217,54.997693,1783330783.251,42.1437789,-1.5888435,304.54,48.16,0.93,-6.46,203.45
3218,55.014789,1783330783.268,42.1437775,-1.5888440,304.57,48.19,0.94,-6.44,203.46
3219,55.031885,1783330783.285,42.1437761,-1.5888445,304.60,48.22,0.94,-6.43,203.47
3220,55.048981,1783330783.302,42.1437747,-1.5888449,304.63,48.25,0.94,-6.41,203.47
3221,55.066077,1783330783.319,42.1437732,-1.5888454,304.66,48.28,0.95,-6.42,203.47
3222,55.083173,1783330783.336,42.1437718,-1.5888458,304.69,48.31,0.96,-6.43,203.47
3223,55.100269,1783330783.353,42.1437704,-1.5888463,304.72,48.34,0.98,-6.44,203.47
3224,55.117365,1783330783.370,42.1437761,-1.5888477,304.35,47.97,0.99,-6.45,203.47
3225,55.134461,1783330783.387,42.1437707,-1.5888498,304.43,48.05,1.00,-6.46,203.47
3226,55.151557,1783330783.405,42.1437693,-1.5888502,304.46,48.08,1.01,-6.47,203.47
3227,55.168653,1783330783.422,42.1437679,-1.5888506,304.49,48.11,1.03,-6.47,203.48
3228,55.185748,1783330783.439,42.1437665,-1.5888511,304.52,48.14,1.05,-6.47,203.48
3229,55.202844,1783330783.456,42.1437651,-1.5888515,304.55,48.17,1.07,-6.46,203.49
3230,55.219940,1783330783.473,42.1437637,-1.5888520,304.58,48.20,1.08,-6.46,203.49
3231,55.237036,1783330783.490,42.1437623,-1.5888524,304.61,48.23,1.10,-6.46,203.50
3232,55.254132,1783330783.507,42.1437609,-1.5888529,304.64,48.26,1.11,-6.45,203.50
3233,55.271228,1783330783.524,42.1437595,-1.5888533,304.67,48.29,1.10,-6.44,203.49
3234,55.288324,1783330783.541,42.1437581,-1.5888538,304.70,48.32,1.09,-6.42,203.48
3235,55.305420,1783330783.558,42.1437567,-1.5888542,304.73,48.35,1.08,-6.40,203.47
3236,55.322516,1783330783.576,42.1437616,-1.5888574,304.25,47.87,1.07,-6.39,203.46
3237,55.339612,1783330783.593,42.1437570,-1.5888578,304.43,48.05,1.06,-6.37,203.45
3238,55.356708,1783330783.610,42.1437556,-1.5888582,304.46,48.08,1.07,-6.36,203.45
3239,55.373804,1783330783.627,42.1437542,-1.5888586,304.49,48.11,1.08,-6.37,203.44
3240,55.390900,1783330783.644,42.1437528,-1.5888591,304.52,48.14,1.10,-6.37,203.43
3241,55.407996,1783330783.661,42.1437514,-1.5888595,304.55,48.17,1.11,-6.38,203.42
3242,55.425092,1783330783.678,42.1437500,-1.5888599,304.58,48.20,1.13,-6.38,203.41
3243,55.442188,1783330783.695,42.1437486,-1.5888603,304.62,48.24,1.14,-6.39,203.40
3244,55.459284,1783330783.712,42.1437472,-1.5888608,304.65,48.27,1.16,-6.38,203.41
3245,55.476380,1783330783.729,42.1437458,-1.5888612,304.68,48.30,1.18,-6.38,203.42
3246,55.493476,1783330783.746,42.1437444,-1.5888616,304.71,48.33,1.19,-6.37,203.43
3247,55.510572,1783330783.764,42.1437430,-1.5888620,304.74,48.36,1.21,-6.36,203.44
3248,55.527668,1783330783.781,42.1437472,-1.5888670,304.16,47.78,1.22,-6.35,203.45
3249,55.544764,1783330783.798,42.1437436,-1.5888658,304.42,48.04,1.24,-6.34,203.46
3250,55.561860,1783330783.815,42.1437423,-1.5888661,304.45,48.07,1.25,-6.34,203.44
3251,55.578955,1783330783.832,42.1437410,-1.5888665,304.48,48.10,1.25,-6.34,203.43
3252,55.596051,1783330783.849,42.1437398,-1.5888669,304.51,48.13,1.26,-6.34,203.41
3253,55.613147,1783330783.866,42.1437385,-1.5888672,304.53,48.15,1.27,-6.33,203.39
3254,55.630243,1783330783.883,42.1437373,-1.5888676,304.56,48.18,1.27,-6.33,203.37
3255,55.647339,1783330783.900,42.1437360,-1.5888680,304.59,48.21,1.28,-6.33,203.35
3256,55.664435,1783330783.917,42.1437347,-1.5888683,304.62,48.24,1.28,-6.35,203.36
3257,55.681531,1783330783.935,42.1437335,-1.5888687,304.65,48.27,1.28,-6.36,203.36
3258,55.698627,1783330783.952,42.1437322,-1.5888691,304.67,48.29,1.28,-6.38,203.37
3259,55.715723,1783330783.969,42.1437309,-1.5888694,304.70,48.32,1.28,-6.40,203.38
3260,55.732819,1783330783.986,42.1437380,-1.5888694,304.38,48.00,1.28,-6.41,203.38
3261,55.749915,1783330784.003,42.1437335,-1.5888755,304.12,47.74,1.28,-6.43,203.39
3262,55.767011,1783330784.020,42.1437300,-1.5888736,304.42,48.04,1.28,-6.44,203.40
3263,55.784107,1783330784.037,42.1437284,-1.5888740,304.46,48.08,1.29,-6.44,203.40
3264,55.801203,1783330784.054,42.1437268,-1.5888745,304.49,48.11,1.29,-6.45,203.41
3265,55.818299,1783330784.071,42.1437252,-1.5888750,304.53,48.15,1.29,-6.45,203.42
3266,55.835395,1783330784.088,42.1437236,-1.5888754,304.56,48.18,1.30,-6.46,203.43
3267,55.852491,1783330784.105,42.1437221,-1.5888759,304.60,48.22,1.30,-6.45,203.43
3268,55.869587,1783330784.123,42.1437205,-1.5888763,304.63,48.25,1.29,-6.43,203.41
3269,55.886683,1783330784.140,42.1437189,-1.5888768,304.67,48.29,1.28,-6.41,203.40
3270,55.903779,1783330784.157,42.1437173,-1.5888773,304.70,48.32,1.28,-6.39,203.38
3271,55.920875,1783330784.174,42.1437227,-1.5888799,304.26,47.88,1.27,-6.37,203.36
3272,55.937971,1783330784.191,42.1437177,-1.5888810,304.39,48.01,1.26,-6.35,203.35
3273,55.955067,1783330784.208,42.1437164,-1.5888814,304.42,48.04,1.26,-6.35,203.33
3274,55.972162,1783330784.225,42.1437152,-1.5888818,304.45,48.07,1.26,-6.37,203.32
3275,55.989258,1783330784.242,42.1437139,-1.5888821,304.47,48.09,1.26,-6.39,203.31
3276,56.006354,1783330784.259,42.1437127,-1.5888825,304.50,48.12,1.25,-6.41,203.30
3277,56.023450,1783330784.276,42.1437114,-1.5888829,304.53,48.15,1.25,-6.43,203.29
3278,56.040546,1783330784.294,42.1437101,-1.5888832,304.56,48.18,1.25,-6.45,203.28
3279,56.057642,1783330784.311,42.1437089,-1.5888836,304.59,48.21,1.25,-6.48,203.27
3280,56.074738,1783330784.328,42.1437076,-1.5888840,304.62,48.24,1.26,-6.51,203.26
3281,56.091834,1783330784.345,42.1437064,-1.5888843,304.64,48.26,1.26,-6.54,203.26
3282,56.108930,1783330784.362,42.1437051,-1.5888847,304.67,48.29,1.26,-6.57,203.25
3283,56.126026,1783330784.379,42.1437039,-1.5888851,304.70,48.32,1.27,-6.60,203.25
3284,56.143122,1783330784.396,42.1437041,-1.5888889,304.40,48.02,1.27,-6.63,203.24
3285,56.160218,1783330784.413,42.1437027,-1.5888892,304.43,48.05,1.27,-6.64,203.25
3286,56.177314,1783330784.430,42.1437013,-1.5888896,304.46,48.08,1.28,-6.65,203.27
3287,56.194410,1783330784.447,42.1436999,-1.5888900,304.49,48.11,1.29,-6.65,203.29
3288,56.211506,1783330784.465,42.1436985,-1.5888904,304.52,48.14,1.30,-6.65,203.30
3289,56.228602,1783330784.482,42.1436971,-1.5888908,304.56,48.18,1.30,-6.66,203.32
3290,56.245698,1783330784.499,42.1436958,-1.5888912,304.59,48.21,1.31,-6.66,203.34
3291,56.262794,1783330784.516,42.1436944,-1.5888916,304.62,48.24,1.32,-6.72,203.33
3292,56.279890,1783330784.533,42.1436930,-1.5888920,304.65,48.27,1.34,-6.80,203.32
3293,56.296986,1783330784.550,42.1436916,-1.5888924,304.68,48.30,1.36,-6.87,203.32
3294,56.314082,1783330784.567,42.1436981,-1.5888927,304.36,47.98,1.38,-6.95,203.31
3295,56.331178,1783330784.584,42.1436937,-1.5888990,304.09,47.71,1.39,-7.02,203.30
3296,56.348274,1783330784.601,42.1436906,-1.5888966,304.41,48.03,1.41,-7.09,203.29
3297,56.365370,1783330784.618,42.1436892,-1.5888970,304.44,48.06,1.43,-7.03,203.29
3298,56.382465,1783330784.635,42.1436878,-1.5888974,304.47,48.09,1.44,-6.98,203.29
3299,56.399561,1783330784.653,42.1436864,-1.5888978,304.50,48.12,1.46,-6.92,203.30
3300,56.416657,1783330784.670,42.1436850,-1.5888982,304.53,48.15,1.47,-6.87,203.30
3301,56.433753,1783330784.687,42.1436836,-1.5888986,304.56,48.18,1.49,-6.82,203.30
3302,56.450849,1783330784.704,42.1436822,-1.5888990,304.59,48.21,1.50,-6.78,203.30
3303,56.467945,1783330784.721,42.1436808,-1.5888994,304.62,48.24,1.51,-6.83,203.29
3304,56.485041,1783330784.738,42.1436795,-1.5888998,304.65,48.27,1.53,-6.87,203.27
3305,56.502137,1783330784.755,42.1436781,-1.5889002,304.68,48.30,1.54,-6.92,203.26
3306,56.519233,1783330784.772,42.1436837,-1.5889023,304.28,47.90,1.55,-6.97,203.25
3307,56.536329,1783330784.789,42.1436785,-1.5889040,304.38,48.00,1.56,-7.02,203.24
3308,56.553425,1783330784.806,42.1436773,-1.5889043,304.41,48.03,1.57,-7.04,203.23
3309,56.570521,1783330784.824,42.1436760,-1.5889047,304.43,48.05,1.59,-7.00,203.24
3310,56.587617,1783330784.841,42.1436747,-1.5889051,304.46,48.08,1.60,-6.96,203.25
3311,56.604713,1783330784.858,42.1436735,-1.5889054,304.49,48.11,1.61,-6.92,203.26
3312,56.621809,1783330784.875,42.1436722,-1.5889058,304.52,48.14,1.62,-6.88,203.27
3313,56.638905,1783330784.892,42.1436710,-1.5889061,304.55,48.17,1.63,-6.84,203.28
3314,56.656001,1783330784.909,42.1436697,-1.5889065,304.58,48.20,1.64,-6.82,203.28
3315,56.673097,1783330784.926,42.1436685,-1.5889069,304.61,48.23,1.63,-6.81,203.28
3316,56.690193,1783330784.943,42.1436672,-1.5889072,304.64,48.26,1.62,-6.80,203.28
3317,56.707289,1783330784.960,42.1436659,-1.5889076,304.67,48.29,1.61,-6.79,203.28
3318,56.724385,1783330784.977,42.1436647,-1.5889079,304.70,48.32,1.60,-6.78,203.28
3319,56.741481,1783330784.994,42.1436700,-1.5889108,304.24,47.86,1.59,-6.77,203.28
3320,56.758577,1783330785.012,42.1436651,-1.5889118,304.39,48.01,1.58,-6.79,203.27
3321,56.775672,1783330785.029,42.1436636,-1.5889122,304.43,48.05,1.56,-6.83,203.26
3322,56.792768,1783330785.046,42.1436620,-1.5889127,304.46,48.08,1.55,-6.86,203.25
3323,56.809864,1783330785.063,42.1436604,-1.5889131,304.50,48.12,1.53,-6.89,203.24
3324,56.826960,1783330785.080,42.1436589,-1.5889136,304.53,48.15,1.52,-6.93,203.23
3325,56.844056,1783330785.097,42.1436573,-1.5889140,304.57,48.19,1.50,-6.96,203.22
3326,56.861152,1783330785.114,42.1436557,-1.5889144,304.60,48.22,1.51,-6.96,203.23
3327,56.878248,1783330785.131,42.1436542,-1.5889149,304.64,48.26,1.52,-6.95,203.24
3328,56.895344,1783330785.148,42.1436526,-1.5889153,304.67,48.29,1.53,-6.93,203.25
3329,56.912440,1783330785.165,42.1436510,-1.5889158,304.71,48.33,1.54,-6.92,203.26
3330,56.929536,1783330785.183,42.1436548,-1.5889215,304.12,47.74,1.55,-6.90,203.27
3331,56.946632,1783330785.200,42.1436514,-1.5889196,304.41,48.03,1.56,-6.89,203.28
3332,56.963728,1783330785.217,42.1436500,-1.5889200,304.44,48.06,1.56,-6.94,203.27
3333,56.980824,1783330785.234,42.1436486,-1.5889205,304.47,48.09,1.57,-7.00,203.26
3334,56.997920,1783330785.251,42.1436472,-1.5889209,304.50,48.12,1.57,-7.05,203.25
3335,57.015016,1783330785.268,42.1436458,-1.5889213,304.53,48.15,1.57,-7.10,203.24
3336,57.032112,1783330785.285,42.1436444,-1.5889217,304.56,48.18,1.58,-7.16,203.23
3337,57.049208,1783330785.302,42.1436430,-1.5889221,304.59,48.21,1.58,-7.21,203.22
3338,57.066304,1783330785.319,42.1436416,-1.5889225,304.62,48.24,1.55,-7.18,203.24
3339,57.083400,1783330785.336,42.1436402,-1.5889229,304.65,48.27,1.53,-7.15,203.25
3340,57.100496,1783330785.353,42.1436388,-1.5889233,304.68,48.30,1.51,-7.13,203.27
3341,57.117592,1783330785.371,42.1436448,-1.5889248,304.30,47.92,1.48,-7.10,203.28
3342,57.134688,1783330785.388,42.1436392,-1.5889272,304.37,47.99,1.46,-7.07,203.30
3343,57.151784,1783330785.405,42.1436378,-1.5889276,304.41,48.03,1.44,-7.05,203.31
3344,57.168879,1783330785.422,42.1436364,-1.5889280,304.44,48.06,1.44,-7.06,203.31
3345,57.185975,1783330785.439,42.1436350,-1.5889283,304.47,48.09,1.44,-7.07,203.31
3346,57.203071,1783330785.456,42.1436336,-1.5889287,304.50,48.12,1.44,-7.08,203.31
3347,57.220167,1783330785.473,42.1436322,-1.5889291,304.53,48.15,1.44,-7.09,203.31
3348,57.237263,1783330785.490,42.1436308,-1.5889295,304.56,48.18,1.44,-7.10,203.31
3349,57.254359,1783330785.507,42.1436294,-1.5889299,304.59,48.21,1.44,-7.10,203.31
3350,57.271455,1783330785.524,42.1436281,-1.5889303,304.62,48.24,1.46,-7.08,203.31
3351,57.288551,1783330785.542,42.1436267,-1.5889307,304.66,48.28,1.47,-7.07,203.31
3352,57.305647,1783330785.559,42.1436253,-1.5889311,304.69,48.31,1.48,-7.05,203.30
3353,57.322743,1783330785.576,42.1436304,-1.5889344,304.23,47.85,1.49,-7.03,203.30
3354,57.339839,1783330785.593,42.1436257,-1.5889350,304.39,48.01,1.50,-7.01,203.30
3355,57.356935,1783330785.610,42.1436243,-1.5889354,304.42,48.04,1.50,-6.98,203.30
3356,57.374031,1783330785.627,42.1436229,-1.5889358,304.45,48.07,1.47,-6.93,203.31
3357,57.391127,1783330785.644,42.1436215,-1.5889362,304.48,48.10,1.44,-6.89,203.31
3358,57.408223,1783330785.661,42.1436201,-1.5889366,304.51,48.13,1.41,-6.85,203.32
3359,57.425319,1783330785.678,42.1436187,-1.5889370,304.53,48.15,1.39,-6.81,203.32
3360,57.442415,1783330785.695,42.1436173,-1.5889374,304.56,48.18,1.36,-6.76,203.33
3361,57.459511,1783330785.713,42.1436159,-1.5889378,304.59,48.21,1.34,-6.79,203.33
3362,57.476607,1783330785.730,42.1436145,-1.5889382,304.62,48.24,1.34,-6.85,203.32
3363,57.493703,1783330785.747,42.1436131,-1.5889386,304.65,48.27,1.33,-6.91,203.31
3364,57.510799,1783330785.764,42.1436117,-1.5889391,304.68,48.30,1.32,-6.96,203.30
3365,57.527895,1783330785.781,42.1436158,-1.5889441,304.16,47.78,1.31,-7.02,203.30
3366,57.544991,1783330785.798,42.1436123,-1.5889428,304.40,48.02,1.30,-7.08,203.29
3367,57.562086,1783330785.815,42.1436110,-1.5889432,304.42,48.04,1.31,-7.05,203.30
3368,57.579182,1783330785.832,42.1436098,-1.5889435,304.45,48.07,1.32,-7.01,203.31
3369,57.596278,1783330785.849,42.1436085,-1.5889439,304.47,48.09,1.33,-6.96,203.33
3370,57.613374,1783330785.866,42.1436072,-1.5889443,304.50,48.12,1.34,-6.91,203.34
3371,57.630470,1783330785.883,42.1436060,-1.5889447,304.52,48.14,1.35,-6.87,203.36
3372,57.647566,1783330785.901,42.1436047,-1.5889450,304.55,48.17,1.36,-6.82,203.37
3373,57.664662,1783330785.918,42.1436035,-1.5889454,304.57,48.19,1.36,-6.82,203.38
3374,57.681758,1783330785.935,42.1436022,-1.5889458,304.60,48.22,1.36,-6.81,203.38
3375,57.698854,1783330785.952,42.1436010,-1.5889462,304.62,48.24,1.37,-6.81,203.39
3376,57.715950,1783330785.969,42.1435997,-1.5889465,304.65,48.27,1.37,-6.81,203.40
3377,57.733046,1783330785.986,42.1436064,-1.5889465,304.37,47.99,1.37,-6.80,203.40
3378,57.750142,1783330786.003,42.1436020,-1.5889526,304.13,47.75,1.37,-6.80,203.41
3379,57.767238,1783330786.020,42.1435987,-1.5889507,304.41,48.03,1.34,-6.81,203.41
3380,57.784334,1783330786.037,42.1435971,-1.5889512,304.44,48.06,1.31,-6.83,203.41
3381,57.801430,1783330786.054,42.1435955,-1.5889516,304.47,48.09,1.28,-6.84,203.40
3382,57.818526,1783330786.072,42.1435940,-1.5889521,304.50,48.12,1.26,-6.85,203.40
3383,57.835622,1783330786.089,42.1435924,-1.5889526,304.53,48.15,1.23,-6.86,203.40
3384,57.852718,1783330786.106,42.1435909,-1.5889531,304.56,48.18,1.21,-6.87,203.40
3385,57.869814,1783330786.123,42.1435893,-1.5889535,304.59,48.21,1.20,-6.87,203.40
3386,57.886910,1783330786.140,42.1435877,-1.5889540,304.62,48.24,1.19,-6.86,203.41
3387,57.904006,1783330786.157,42.1435862,-1.5889545,304.65,48.27,1.19,-6.86,203.41
3388,57.921102,1783330786.174,42.1435912,-1.5889571,304.26,47.88,1.18,-6.86,203.41
3389,57.938198,1783330786.191,42.1435864,-1.5889582,304.38,48.00,1.17,-6.85,203.42
3390,57.955293,1783330786.208,42.1435850,-1.5889587,304.41,48.03,1.16,-6.86,203.43
3391,57.972389,1783330786.225,42.1435836,-1.5889591,304.44,48.06,1.14,-6.88,203.44
3392,57.989485,1783330786.242,42.1435822,-1.5889595,304.47,48.09,1.12,-6.91,203.46
3393,58.006581,1783330786.260,42.1435808,-1.5889599,304.49,48.11,1.11,-6.93,203.47
3394,58.023677,1783330786.277,42.1435795,-1.5889603,304.52,48.14,1.09,-6.96,203.49
3395,58.040773,1783330786.294,42.1435781,-1.5889607,304.55,48.17,1.07,-6.98,203.50
3396,58.057869,1783330786.311,42.1435767,-1.5889612,304.58,48.20,1.06,-6.96,203.52
3397,58.074965,1783330786.328,42.1435753,-1.5889616,304.61,48.23,1.06,-6.92,203.52
3398,58.092061,1783330786.345,42.1435739,-1.5889620,304.64,48.26,1.06,-6.88,203.53
3399,58.109157,1783330786.362,42.1435725,-1.5889624,304.66,48.28,1.07,-6.84,203.54
3400,58.126253,1783330786.379,42.1435768,-1.5889669,304.18,47.80,1.07,-6.79,203.55
3401,58.143349,1783330786.396,42.1435727,-1.5889661,304.41,48.03,1.07,-6.75,203.56
3402,58.160445,1783330786.413,42.1435713,-1.5889665,304.43,48.05,1.08,-6.77,203.55
3403,58.177541,1783330786.431,42.1435699,-1.5889670,304.46,48.08,1.08,-6.80,203.54
3404,58.194637,1783330786.448,42.1435686,-1.5889674,304.49,48.11,1.09,-6.83,203.52
3405,58.211733,1783330786.465,42.1435672,-1.5889678,304.51,48.13,1.10,-6.87,203.51
3406,58.228829,1783330786.482,42.1435658,-1.5889683,304.54,48.16,1.10,-6.90,203.50
3407,58.245925,1783330786.499,42.1435644,-1.5889687,304.57,48.19,1.11,-6.94,203.48
3408,58.263021,1783330786.516,42.1435630,-1.5889691,304.59,48.21,1.11,-6.93,203.48
3409,58.280117,1783330786.533,42.1435616,-1.5889696,304.62,48.24,1.11,-6.92,203.48
3410,58.297213,1783330786.550,42.1435602,-1.5889700,304.65,48.27,1.11,-6.92,203.48
3411,58.314309,1783330786.567,42.1435666,-1.5889705,304.37,47.99,1.12,-6.91,203.47
3412,58.331405,1783330786.584,42.1435622,-1.5889767,304.10,47.72,1.12,-6.90,203.47
3413,58.348500,1783330786.602,42.1435591,-1.5889740,304.41,48.03,1.12,-6.89,203.47
3414,58.365596,1783330786.619,42.1435577,-1.5889744,304.44,48.06,1.11,-6.85,203.48
3415,58.382692,1783330786.636,42.1435563,-1.5889749,304.47,48.09,1.11,-6.80,203.49
3416,58.399788,1783330786.653,42.1435550,-1.5889753,304.49,48.11,1.10,-6.76,203.51
3417,58.416884,1783330786.670,42.1435536,-1.5889758,304.52,48.14,1.10,-6.72,203.52
3418,58.433980,1783330786.687,42.1435522,-1.5889762,304.54,48.16,1.09,-6.67,203.53
3419,58.451076,1783330786.704,42.1435509,-1.5889766,304.57,48.19,1.09,-6.65,203.54
3420,58.468172,1783330786.721,42.1435495,-1.5889771,304.59,48.21,1.08,-6.69,203.55
3421,58.485268,1783330786.738,42.1435481,-1.5889775,304.62,48.24,1.08,-6.73,203.57
3422,58.502364,1783330786.755,42.1435467,-1.5889779,304.64,48.26,1.07,-6.77,203.58
3423,58.519460,1783330786.772,42.1435521,-1.5889802,304.28,47.90,1.06,-6.80,203.59
3424,58.536556,1783330786.790,42.1435470,-1.5889815,304.39,48.01,1.05,-6.84,203.60
3425,58.553652,1783330786.807,42.1435458,-1.5889819,304.41,48.03,1.05,-6.86,203.61
3426,58.570748,1783330786.824,42.1435445,-1.5889823,304.43,48.05,1.05,-6.82,203.63
3427,58.587844,1783330786.841,42.1435433,-1.5889827,304.45,48.07,1.05,-6.77,203.64
3428,58.604940,1783330786.858,42.1435420,-1.5889831,304.48,48.10,1.06,-6.73,203.66
3429,58.622036,1783330786.875,42.1435408,-1.5889835,304.50,48.12,1.06,-6.69,203.67
3430,58.639132,1783330786.892,42.1435396,-1.5889839,304.52,48.14,1.06,-6.65,203.68
3431,58.656228,1783330786.909,42.1435383,-1.5889843,304.55,48.17,1.07,-6.64,203.69
3432,58.673324,1783330786.926,42.1435371,-1.5889847,304.57,48.19,1.08,-6.67,203.70
3433,58.690420,1783330786.943,42.1435358,-1.5889851,304.59,48.21,1.09,-6.70,203.70
3434,58.707516,1783330786.961,42.1435346,-1.5889855,304.62,48.24,1.10,-6.73,203.70
3435,58.724612,1783330786.978,42.1435334,-1.5889859,304.64,48.26,1.11,-6.75,203.71
3436,58.741707,1783330786.995,42.1435334,-1.5889895,304.39,48.01,1.12,-6.78,203.71
3437,58.758803,1783330787.012,42.1435321,-1.5889900,304.42,48.04,1.13,-6.78,203.71
3438,58.775899,1783330787.029,42.1435307,-1.5889904,304.45,48.07,1.13,-6.76,203.71
3439,58.792995,1783330787.046,42.1435293,-1.5889908,304.47,48.09,1.14,-6.74,203.71
3440,58.810091,1783330787.063,42.1435279,-1.5889913,304.50,48.12,1.15,-6.72,203.72
3441,58.827187,1783330787.080,42.1435266,-1.5889917,304.52,48.14,1.16,-6.70,203.72
3442,58.844283,1783330787.097,42.1435252,-1.5889922,304.55,48.17,1.17,-6.68,203.72
3443,58.861379,1783330787.114,42.1435238,-1.5889926,304.57,48.19,1.16,-6.65,203.72
3444,58.878475,1783330787.131,42.1435224,-1.5889930,304.60,48.22,1.15,-6.61,203.73
3445,58.895571,1783330787.149,42.1435211,-1.5889935,304.62,48.24,1.14,-6.58,203.73
3446,58.912667,1783330787.166,42.1435275,-1.5889934,304.38,48.00,1.12,-6.54,203.74
3447,58.929763,1783330787.183,42.1435232,-1.5889996,304.13,47.75,1.11,-6.50,203.74
3448,58.946859,1783330787.200,42.1435199,-1.5889975,304.40,48.02,1.10,-6.46,203.75
3449,58.963955,1783330787.217,42.1435186,-1.5889979,304.43,48.05,1.10,-6.47,203.75
3450,58.981051,1783330787.234,42.1435172,-1.5889983,304.45,48.07,1.10,-6.49,203.75
3451,58.998147,1783330787.251,42.1435158,-1.5889988,304.48,48.10,1.11,-6.50,203.76
3452,59.015243,1783330787.268,42.1435144,-1.5889992,304.50,48.12,1.11,-6.51,203.76
3453,59.032339,1783330787.285,42.1435131,-1.5889997,304.53,48.15,1.11,-6.53,203.76
3454,59.049435,1783330787.302,42.1435117,-1.5890001,304.56,48.18,1.11,-6.54,203.76
3455,59.066531,1783330787.320,42.1435103,-1.5890005,304.58,48.20,1.11,-6.53,203.76
3456,59.083627,1783330787.337,42.1435089,-1.5890010,304.61,48.23,1.11,-6.53,203.76
3457,59.100723,1783330787.354,42.1435076,-1.5890014,304.63,48.25,1.12,-6.52,203.75
3458,59.117819,1783330787.371,42.1435131,-1.5890031,304.31,47.93,1.12,-6.52,203.75
3459,59.134915,1783330787.388,42.1435078,-1.5890050,304.38,48.00,1.12,-6.51,203.75
3460,59.152010,1783330787.405,42.1435064,-1.5890054,304.41,48.03,1.11,-6.51,203.75
3461,59.169106,1783330787.422,42.1435050,-1.5890059,304.44,48.06,1.08,-6.51,203.73
3462,59.186202,1783330787.439,42.1435037,-1.5890063,304.46,48.08,1.05,-6.51,203.72
3463,59.203298,1783330787.456,42.1435023,-1.5890068,304.49,48.11,1.03,-6.50,203.70
3464,59.220394,1783330787.473,42.1435009,-1.5890072,304.52,48.14,1.00,-6.50,203.68
3465,59.237490,1783330787.490,42.1434995,-1.5890076,304.54,48.16,0.97,-6.50,203.67
3466,59.254586,1783330787.508,42.1434982,-1.5890081,304.57,48.19,0.94,-6.50,203.66
3467,59.271682,1783330787.525,42.1434968,-1.5890085,304.60,48.22,0.92,-6.52,203.65
3468,59.288778,1783330787.542,42.1434954,-1.5890090,304.62,48.24,0.89,-6.53,203.65
3469,59.305874,1783330787.559,42.1434940,-1.5890094,304.65,48.27,0.87,-6.54,203.64
3470,59.322970,1783330787.576,42.1434988,-1.5890127,304.25,47.87,0.84,-6.55,203.64
3471,59.340066,1783330787.593,42.1434944,-1.5890131,304.39,48.01,0.82,-6.56,203.63
3472,59.357162,1783330787.610,42.1434930,-1.5890135,304.42,48.04,0.79,-6.56,203.63
3473,59.374258,1783330787.627,42.1434916,-1.5890139,304.45,48.07,0.75,-6.54,203.62
3474,59.391354,1783330787.644,42.1434902,-1.5890144,304.47,48.09,0.72,-6.52,203.62
3475,59.408450,1783330787.661,42.1434888,-1.5890148,304.50,48.12,0.68,-6.50,203.61
3476,59.425546,1783330787.679,42.1434874,-1.5890152,304.52,48.14,0.65,-6.48,203.61
3477,59.442642,1783330787.696,42.1434861,-1.5890157,304.55,48.17,0.61,-6.46,203.60
3478,59.459738,1783330787.713,42.1434847,-1.5890161,304.58,48.20,0.60,-6.50,203.60
3479,59.476834,1783330787.730,42.1434833,-1.5890165,304.60,48.22,0.60,-6.56,203.59
3480,59.493930,1783330787.747,42.1434819,-1.5890169,304.63,48.25,0.60,-6.63,203.58
3481,59.511026,1783330787.764,42.1434805,-1.5890174,304.66,48.28,0.61,-6.69,203.57
3482,59.528122,1783330787.781,42.1434844,-1.5890223,304.19,47.81,0.61,-6.76,203.57
3483,59.545217,1783330787.798,42.1434811,-1.5890211,304.40,48.02,0.61,-6.82,203.56
3484,59.562313,1783330787.815,42.1434798,-1.5890215,304.42,48.04,0.62,-6.84,203.56
3485,59.579409,1783330787.832,42.1434785,-1.5890218,304.45,48.07,0.64,-6.85,203.56
3486,59.596505,1783330787.850,42.1434773,-1.5890222,304.47,48.09,0.65,-6.86,203.56
3487,59.613601,1783330787.867,42.1434760,-1.5890226,304.50,48.12,0.67,-6.87,203.57
3488,59.630697,1783330787.884,42.1434748,-1.5890230,304.52,48.14,0.68,-6.88,203.57
3489,59.647793,1783330787.901,42.1434735,-1.5890233,304.55,48.17,0.70,-6.89,203.57
3490,59.664889,1783330787.918,42.1434723,-1.5890237,304.57,48.19,0.72,-6.93,203.55
3491,59.681985,1783330787.935,42.1434710,-1.5890241,304.60,48.22,0.73,-6.97,203.53
3492,59.699081,1783330787.952,42.1434697,-1.5890245,304.62,48.24,0.75,-7.00,203.51
3493,59.716177,1783330787.969,42.1434685,-1.5890248,304.65,48.27,0.77,-7.04,203.49
3494,59.733273,1783330787.986,42.1434757,-1.5890247,304.37,47.99,0.79,-7.08,203.48
3495,59.750369,1783330788.003,42.1434709,-1.5890307,304.17,47.79,0.81,-7.10,203.46
3496,59.767465,1783330788.020,42.1434675,-1.5890290,304.41,48.03,0.87,-7.06,203.47
3497,59.784561,1783330788.038,42.1434660,-1.5890295,304.44,48.06,0.92,-7.02,203.47
3498,59.801657,1783330788.055,42.1434644,-1.5890299,304.47,48.09,0.98,-6.98,203.48
3499,59.818753,1783330788.072,42.1434628,-1.5890304,304.50,48.12,1.04,-6.94,203.48
3500,59.835849,1783330788.089,42.1434613,-1.5890308,304.54,48.16,1.10,-6.90,203.49
3501,59.852945,1783330788.106,42.1434597,-1.5890313,304.57,48.19,1.14,-6.87,203.49
3502,59.870041,1783330788.123,42.1434581,-1.5890318,304.60,48.22,1.13,-6.87,203.49
3503,59.887137,1783330788.140,42.1434565,-1.5890322,304.63,48.25,1.12,-6.88,203.49
3504,59.904233,1783330788.157,42.1434550,-1.5890327,304.66,48.28,1.12,-6.88,203.48
3505,59.921329,1783330788.174,42.1434603,-1.5890352,304.29,47.91,1.11,-6.88,203.48
3506,59.938424,1783330788.191,42.1434553,-1.5890364,304.41,48.03,1.10,-6.89,203.48
3507,59.955520,1783330788.209,42.1434539,-1.5890369,304.44,48.06,1.10,-6.91,203.48
3508,59.972616,1783330788.226,42.1434525,-1.5890373,304.46,48.08,1.11,-6.96,203.47
3509,59.989712,1783330788.243,42.1434511,-1.5890377,304.49,48.11,1.12,-7.01,203.46
3510,60.006808,1783330788.260,42.1434497,-1.5890381,304.52,48.14,1.12,-7.05,203.45
3511,60.023904,1783330788.277,42.1434483,-1.5890385,304.55,48.17,1.13,-7.10,203.44
3512,60.041000,1783330788.294,42.1434469,-1.5890389,304.57,48.19,1.14,-7.15,203.43
3513,60.058096,1783330788.311,42.1434455,-1.5890393,304.60,48.22,1.15,-7.15,203.43
3514,60.075192,1783330788.328,42.1434442,-1.5890397,304.63,48.25,1.16,-7.13,203.44
3515,60.092288,1783330788.345,42.1434428,-1.5890401,304.66,48.28,1.17,-7.10,203.44
3516,60.109384,1783330788.362,42.1434414,-1.5890405,304.68,48.30,1.18,-7.07,203.45
3517,60.126480,1783330788.379,42.1434456,-1.5890448,304.23,47.85,1.20,-7.04,203.45
3518,60.143576,1783330788.397,42.1434418,-1.5890441,304.43,48.05,1.21,-7.02,203.46
3519,60.160672,1783330788.414,42.1434405,-1.5890445,304.45,48.07,1.21,-7.02,203.45
3520,60.177768,1783330788.431,42.1434393,-1.5890449,304.47,48.09,1.21,-7.02,203.44
3521,60.194864,1783330788.448,42.1434380,-1.5890453,304.50,48.12,1.21,-7.03,203.43
3522,60.211960,1783330788.465,42.1434368,-1.5890457,304.52,48.14,1.22,-7.04,203.42
3523,60.229056,1783330788.482,42.1434355,-1.5890460,304.55,48.17,1.22,-7.04,203.40
3524,60.246152,1783330788.499,42.1434343,-1.5890464,304.57,48.19,1.22,-7.05,203.39
3525,60.263248,1783330788.516,42.1434330,-1.5890468,304.59,48.21,1.24,-7.07,203.39
3526,60.280344,1783330788.533,42.1434318,-1.5890472,304.62,48.24,1.27,-7.08,203.40
3527,60.297440,1783330788.550,42.1434305,-1.5890475,304.64,48.26,1.29,-7.10,203.40
3528,60.314536,1783330788.568,42.1434293,-1.5890479,304.67,48.29,1.31,-7.12,203.40
3529,60.331631,1783330788.585,42.1434280,-1.5890483,304.69,48.31,1.34,-7.13,203.41
3530,60.348727,1783330788.602,42.1434282,-1.5890520,304.44,48.06,1.36,-7.15,203.41
3531,60.365823,1783330788.619,42.1434268,-1.5890524,304.47,48.09,1.36,-7.14,203.41
3532,60.382919,1783330788.636,42.1434254,-1.5890529,304.50,48.12,1.36,-7.14,203.41
3533,60.400015,1783330788.653,42.1434240,-1.5890533,304.52,48.14,1.37,-7.13,203.40
3534,60.417111,1783330788.670,42.1434226,-1.5890537,304.55,48.17,1.37,-7.12,203.40
3535,60.434207,1783330788.687,42.1434212,-1.5890541,304.57,48.19,1.37,-7.12,203.40
3536,60.451303,1783330788.704,42.1434198,-1.5890546,304.60,48.22,1.37,-7.10,203.40
3537,60.468399,1783330788.721,42.1434184,-1.5890550,304.62,48.24,1.39,-7.07,203.40
3538,60.485495,1783330788.738,42.1434170,-1.5890554,304.65,48.27,1.41,-7.03,203.40
3539,60.502591,1783330788.756,42.1434156,-1.5890558,304.67,48.29,1.43,-7.00,203.40
3540,60.519687,1783330788.773,42.1434212,-1.5890578,304.33,47.95,1.45,-6.97,203.40
3541,60.536783,1783330788.790,42.1434161,-1.5890595,304.42,48.04,1.47,-6.93,203.40
3542,60.553879,1783330788.807,42.1434148,-1.5890599,304.44,48.06,1.48,-6.90,203.41
3543,60.570975,1783330788.824,42.1434135,-1.5890603,304.46,48.08,1.50,-6.88,203.43
3544,60.588071,1783330788.841,42.1434123,-1.5890607,304.49,48.11,1.51,-6.86,203.46
3545,60.605167,1783330788.858,42.1434110,-1.5890610,304.51,48.13,1.52,-6.84,203.48
3546,60.622263,1783330788.875,42.1434097,-1.5890614,304.54,48.16,1.53,-6.81,203.50
3547,60.639359,1783330788.892,42.1434085,-1.5890618,304.56,48.18,1.54,-6.79,203.53
3548,60.656455,1783330788.909,42.1434072,-1.5890622,304.58,48.20,1.53,-6.77,203.55
3549,60.673551,1783330788.927,42.1434059,-1.5890626,304.61,48.23,1.50,-6.76,203.56
3550,60.690647,1783330788.944,42.1434047,-1.5890630,304.63,48.25,1.47,-6.75,203.57
3551,60.707743,1783330788.961,42.1434034,-1.5890633,304.66,48.28,1.44,-6.74,203.58
3552,60.724838,1783330788.978,42.1434021,-1.5890637,304.68,48.30,1.40,-6.73,203.59
3553,60.741934,1783330788.995,42.1434024,-1.5890674,304.42,48.04,1.37,-6.72,203.60
3554,60.759030,1783330789.012,42.1434010,-1.5890679,304.45,48.07,1.36,-6.70,203.60
3555,60.776126,1783330789.029,42.1433996,-1.5890683,304.48,48.10,1.36,-6.66,203.59
3556,60.793222,1783330789.046,42.1433982,-1.5890687,304.50,48.12,1.36,-6.62,203.59
3557,60.810318,1783330789.063,42.1433968,-1.5890691,304.53,48.15,1.36,-6.58,203.58
3558,60.827414,1783330789.080,42.1433954,-1.5890695,304.56,48.18,1.36,-6.54,203.58
3559,60.844510,1783330789.098,42.1433940,-1.5890699,304.58,48.20,1.36,-6.51,203.57
3560,60.861606,1783330789.115,42.1433926,-1.5890704,304.61,48.23,1.36,-6.49,203.57
3561,60.878702,1783330789.132,42.1433912,-1.5890708,304.64,48.26,1.37,-6.47,203.56
3562,60.895798,1783330789.149,42.1433898,-1.5890712,304.66,48.28,1.37,-6.45,203.56
3563,60.912894,1783330789.166,42.1433967,-1.5890709,304.41,48.03,1.38,-6.44,203.56
3564,60.929990,1783330789.183,42.1433920,-1.5890770,304.19,47.81,1.38,-6.42,203.55
3565,60.947086,1783330789.200,42.1433889,-1.5890752,304.43,48.05,1.39,-6.40,203.55
3566,60.964182,1783330789.217,42.1433876,-1.5890756,304.45,48.07,1.39,-6.38,203.56
3567,60.981278,1783330789.234,42.1433864,-1.5890760,304.48,48.10,1.39,-6.35,203.57
3568,60.998374,1783330789.251,42.1433851,-1.5890764,304.50,48.12,1.38,-6.33,203.58
3569,61.015470,1783330789.268,42.1433838,-1.5890768,304.52,48.14,1.38,-6.31,203.59
3570,61.032566,1783330789.286,42.1433826,-1.5890772,304.55,48.17,1.38,-6.28,203.60
3571,61.049662,1783330789.303,42.1433813,-1.5890775,304.57,48.19,1.38,-6.26,203.61
3572,61.066758,1783330789.320,42.1433801,-1.5890779,304.59,48.21,1.37,-6.23,203.62
3573,61.083854,1783330789.337,42.1433788,-1.5890783,304.61,48.23,1.35,-6.21,203.62
3574,61.100950,1783330789.354,42.1433775,-1.5890787,304.64,48.26,1.34,-6.19,203.63
3575,61.118045,1783330789.371,42.1433763,-1.5890791,304.66,48.28,1.33,-6.16,203.64
3576,61.135141,1783330789.388,42.1433766,-1.5890827,304.41,48.03,1.32,-6.14,203.64
3577,61.152237,1783330789.405,42.1433753,-1.5890831,304.44,48.06,1.30,-6.12,203.65
3578,61.169333,1783330789.422,42.1433741,-1.5890835,304.46,48.08,1.28,-6.13,203.66
3579,61.186429,1783330789.439,42.1433728,-1.5890838,304.49,48.11,1.25,-6.14,203.67
3580,61.203525,1783330789.457,42.1433715,-1.5890842,304.51,48.13,1.23,-6.15,203.67
3581,61.220621,1783330789.474,42.1433703,-1.5890846,304.53,48.15,1.20,-6.16,203.68
3582,61.237717,1783330789.491,42.1433690,-1.5890850,304.56,48.18,1.18,-6.16,203.69
3583,61.254813,1783330789.508,42.1433677,-1.5890854,304.58,48.20,1.16,-6.17,203.69
3584,61.271909,1783330789.525,42.1433665,-1.5890858,304.61,48.23,1.17,-6.16,203.69
3585,61.289005,1783330789.542,42.1433652,-1.5890862,304.63,48.25,1.18,-6.15,203.69
3586,61.306101,1783330789.559,42.1433639,-1.5890866,304.65,48.27,1.18,-6.14,203.70
3587,61.323197,1783330789.576,42.1433627,-1.5890870,304.68,48.30,1.19,-6.12,203.70
3588,61.340293,1783330789.593,42.1433630,-1.5890906,304.42,48.04,1.20,-6.11,203.70
3589,61.357389,1783330789.610,42.1433617,-1.5890910,304.44,48.06,1.20,-6.10,203.70
3590,61.374485,1783330789.627,42.1433605,-1.5890913,304.47,48.09,1.20,-6.08,203.71
3591,61.391581,1783330789.645,42.1433592,-1.5890917,304.49,48.11,1.20,-6.05,203.71
3592,61.408677,1783330789.662,42.1433579,-1.5890921,304.51,48.13,1.19,-6.03,203.72
3593,61.425773,1783330789.679,42.1433567,-1.5890925,304.54,48.16,1.19,-6.01,203.72
3594,61.442869,1783330789.696,42.1433554,-1.5890929,304.56,48.18,1.19,-5.99,203.73
3595,61.459965,1783330789.713,42.1433542,-1.5890933,304.58,48.20,1.19,-5.95,203.73
3596,61.477061,1783330789.730,42.1433529,-1.5890937,304.61,48.23,1.20,-5.91,203.72
3597,61.494157,1783330789.747,42.1433516,-1.5890940,304.63,48.25,1.20,-5.87,203.72
3598,61.511252,1783330789.764,42.1433504,-1.5890944,304.65,48.27,1.21,-5.83,203.71
3599,61.528348,1783330789.781,42.1433491,-1.5890948,304.67,48.29,1.21,-5.79,203.71
3600,61.545444,1783330789.798,42.1433495,-1.5890984,304.41,48.03,1.22,-5.75,203.70
3601,61.562540,1783330789.816,42.1433484,-1.5890987,304.43,48.05,1.22,-5.71,203.70
3602,61.579636,1783330789.833,42.1433472,-1.5890991,304.45,48.07,1.21,-5.68,203.71
3603,61.596732,1783330789.850,42.1433461,-1.5890994,304.47,48.09,1.21,-5.65,203.71
3604,61.613828,1783330789.867,42.1433450,-1.5890998,304.49,48.11,1.20,-5.62,203.72
3605,61.630924,1783330789.884,42.1433438,-1.5891002,304.51,48.13,1.20,-5.59,203.72
3606,61.648020,1783330789.901,42.1433427,-1.5891005,304.53,48.15,1.19,-5.56,203.73
3607,61.665116,1783330789.918,42.1433415,-1.5891009,304.55,48.17,1.15,-5.55,203.71
3608,61.682212,1783330789.935,42.1433404,-1.5891012,304.57,48.19,1.11,-5.55,203.70
3609,61.699308,1783330789.952,42.1433393,-1.5891016,304.59,48.21,1.08,-5.54,203.68
3610,61.716404,1783330789.969,42.1433381,-1.5891019,304.61,48.23,1.04,-5.54,203.67
3611,61.733500,1783330789.987,42.1433370,-1.5891023,304.63,48.25,1.00,-5.53,203.65
3612,61.750596,1783330790.004,42.1433358,-1.5891027,304.65,48.27,0.97,-5.53,203.64
3613,61.767692,1783330790.021,42.1433359,-1.5891061,304.41,48.03,0.96,-5.53,203.64
3614,61.784788,1783330790.038,42.1433345,-1.5891065,304.43,48.05,0.96,-5.53,203.63
3615,61.801884,1783330790.055,42.1433331,-1.5891070,304.45,48.07,0.95,-5.52,203.63
3616,61.818980,1783330790.072,42.1433317,-1.5891074,304.47,48.09,0.95,-5.52,203.63
3617,61.836076,1783330790.089,42.1433304,-1.5891079,304.49,48.11,0.94,-5.52,203.62
3618,61.853172,1783330790.106,42.1433290,-1.5891083,304.51,48.13,0.94,-5.51,203.62
3619,61.870268,1783330790.123,42.1433276,-1.5891088,304.53,48.15,0.95,-5.48,203.61
3620,61.887364,1783330790.140,42.1433262,-1.5891092,304.55,48.17,0.96,-5.45,203.60
3621,61.904459,1783330790.157,42.1433248,-1.5891097,304.57,48.19,0.97,-5.42,203.59
3622,61.921555,1783330790.175,42.1433235,-1.5891101,304.59,48.21,0.98,-5.39,203.58
3623,61.938651,1783330790.192,42.1433237,-1.5891137,304.33,47.95,0.99,-5.37,203.57
3624,61.955747,1783330790.209,42.1433225,-1.5891141,304.35,47.97,1.01,-5.34,203.56
3625,61.972843,1783330790.226,42.1433212,-1.5891145,304.36,47.98,1.05,-5.31,203.56
3626,61.989939,1783330790.243,42.1433200,-1.5891149,304.38,48.00,1.10,-5.29,203.56
3627,62.007035,1783330790.260,42.1433187,-1.5891153,304.40,48.02,1.14,-5.26,203.57
3628,62.024131,1783330790.277,42.1433175,-1.5891157,304.42,48.04,1.18,-5.24,203.57
3629,62.041227,1783330790.294,42.1433162,-1.5891160,304.44,48.06,1.22,-5.21,203.57
3630,62.058323,1783330790.311,42.1433149,-1.5891164,304.46,48.08,1.25,-5.22,203.57
3631,62.075419,1783330790.328,42.1433137,-1.5891168,304.48,48.10,1.26,-5.25,203.58
3632,62.092515,1783330790.346,42.1433124,-1.5891172,304.50,48.12,1.27,-5.28,203.58
3633,62.109611,1783330790.363,42.1433112,-1.5891176,304.51,48.13,1.28,-5.30,203.59
3634,62.126707,1783330790.380,42.1433099,-1.5891180,304.53,48.15,1.30,-5.33,203.59
3635,62.143803,1783330790.397,42.1433103,-1.5891216,304.28,47.90,1.31,-5.36,203.60
3636,62.160899,1783330790.414,42.1433090,-1.5891219,304.30,47.92,1.32,-5.37,203.59
3637,62.177995,1783330790.431,42.1433077,-1.5891223,304.32,47.94,1.33,-5.38,203.59
3638,62.195091,1783330790.448,42.1433065,-1.5891227,304.34,47.96,1.34,-5.38,203.58
3639,62.212187,1783330790.465,42.1433052,-1.5891231,304.36,47.98,1.35,-5.38,203.57
3640,62.229283,1783330790.482,42.1433040,-1.5891234,304.38,48.00,1.36,-5.39,203.57
3641,62.246379,1783330790.499,42.1433027,-1.5891238,304.40,48.02,1.37,-5.39,203.56
3642,62.263475,1783330790.516,42.1433015,-1.5891242,304.41,48.03,1.38,-5.41,203.55
3643,62.280571,1783330790.534,42.1433002,-1.5891246,304.43,48.05,1.40,-5.42,203.54
3644,62.297667,1783330790.551,42.1432989,-1.5891249,304.45,48.07,1.41,-5.44,203.53
3645,62.314762,1783330790.568,42.1432977,-1.5891253,304.47,48.09,1.43,-5.46,203.51
3646,62.331858,1783330790.585,42.1432964,-1.5891257,304.49,48.11,1.45,-5.47,203.50
3647,62.348954,1783330790.602,42.1432968,-1.5891294,304.23,47.85,1.46,-5.49,203.49
3648,62.366050,1783330790.619,42.1432955,-1.5891297,304.25,47.87,1.47,-5.50,203.50
3649,62.383146,1783330790.636,42.1432943,-1.5891301,304.27,47.89,1.49,-5.51,203.52
3650,62.400242,1783330790.653,42.1432930,-1.5891305,304.29,47.91,1.50,-5.53,203.53
3651,62.417338,1783330790.670,42.1432918,-1.5891309,304.31,47.93,1.52,-5.54,203.55
3652,62.434434,1783330790.687,42.1432905,-1.5891312,304.33,47.95,1.53,-5.55,203.56
3653,62.451530,1783330790.705,42.1432893,-1.5891316,304.35,47.97,1.54,-5.56,203.57
3654,62.468626,1783330790.722,42.1432880,-1.5891320,304.37,47.99,1.53,-5.56,203.56
3655,62.485722,1783330790.739,42.1432868,-1.5891324,304.39,48.01,1.52,-5.56,203.55
3656,62.502818,1783330790.756,42.1432856,-1.5891328,304.41,48.03,1.52,-5.57,203.55
3657,62.519914,1783330790.773,42.1432843,-1.5891331,304.43,48.05,1.51,-5.57,203.54
3658,62.537010,1783330790.790,42.1432847,-1.5891368,304.16,47.78,1.50,-5.57,203.53
3659,62.554106,1783330790.807,42.1432834,-1.5891372,304.18,47.80,1.50,-5.58,203.53
3660,62.571202,1783330790.824,42.1432822,-1.5891375,304.20,47.82,1.51,-5.61,203.52
3661,62.588298,1783330790.841,42.1432809,-1.5891379,304.22,47.84,1.52,-5.64,203.52
3662,62.605394,1783330790.858,42.1432797,-1.5891383,304.24,47.86,1.53,-5.67,203.51
3663,62.622490,1783330790.875,42.1432784,-1.5891386,304.26,47.88,1.54,-5.70,203.51
3664,62.639586,1783330790.893,42.1432772,-1.5891390,304.28,47.90,1.55,-5.73,203.50
3665,62.656682,1783330790.910,42.1432759,-1.5891394,304.30,47.92,1.55,-5.74,203.50
3666,62.673778,1783330790.927,42.1432747,-1.5891397,304.32,47.94,1.55,-5.74,203.51
3667,62.690874,1783330790.944,42.1432734,-1.5891401,304.34,47.96,1.55,-5.74,203.51
3668,62.707969,1783330790.961,42.1432722,-1.5891405,304.36,47.98,1.56,-5.75,203.51
3669,62.725065,1783330790.978,42.1432709,-1.5891408,304.38,48.00,1.56,-5.75,203.52
3670,62.742161,1783330790.995,42.1432710,-1.5891443,304.14,47.76,1.56,-5.75,203.52
3671,62.759257,1783330791.012,42.1432697,-1.5891447,304.16,47.78,1.56,-5.76,203.52
3672,62.776353,1783330791.029,42.1432683,-1.5891451,304.18,47.80,1.56,-5.77,203.53
3673,62.793449,1783330791.046,42.1432670,-1.5891456,304.20,47.82,1.56,-5.79,203.53
3674,62.810545,1783330791.064,42.1432656,-1.5891460,304.23,47.85,1.56,-5.80,203.53
3675,62.827641,1783330791.081,42.1432642,-1.5891465,304.25,47.87,1.56,-5.81,203.54
3676,62.844737,1783330791.098,42.1432629,-1.5891469,304.27,47.89,1.56,-5.83,203.54
3677,62.861833,1783330791.115,42.1432615,-1.5891474,304.29,47.91,1.57,-5.81,203.54
3678,62.878929,1783330791.132,42.1432602,-1.5891478,304.31,47.93,1.58,-5.79,203.54
3679,62.896025,1783330791.149,42.1432588,-1.5891483,304.33,47.95,1.58,-5.77,203.54
3680,62.913121,1783330791.166,42.1432654,-1.5891481,304.09,47.71,1.59,-5.75,203.54
3681,62.930217,1783330791.183,42.1432610,-1.5891541,303.84,47.46,1.60,-5.73,203.54
3682,62.947313,1783330791.200,42.1432579,-1.5891522,304.09,47.71,1.61,-5.71,203.54
3683,62.964409,1783330791.217,42.1432565,-1.5891526,304.11,47.73,1.59,-5.74,203.54
3684,62.981505,1783330791.235,42.1432551,-1.5891530,304.13,47.75,1.57,-5.77,203.55
3685,62.998601,1783330791.252,42.1432538,-1.5891535,304.15,47.77,1.55,-5.80,203.55
3686,63.015697,1783330791.269,42.1432524,-1.5891539,304.17,47.79,1.54,-5.83,203.55
3687,63.032793,1783330791.286,42.1432510,-1.5891543,304.19,47.81,1.52,-5.86,203.56
3688,63.049889,1783330791.303,42.1432496,-1.5891547,304.21,47.83,1.50,-5.90,203.56
3689,63.066985,1783330791.320,42.1432483,-1.5891552,304.23,47.85,1.51,-5.94,203.56
3690,63.084081,1783330791.337,42.1432469,-1.5891556,304.26,47.88,1.52,-5.99,203.56
3691,63.101176,1783330791.354,42.1432455,-1.5891560,304.28,47.90,1.53,-6.04,203.56
3692,63.118272,1783330791.371,42.1432512,-1.5891575,303.96,47.58,1.54,-6.09,203.56
3693,63.135368,1783330791.388,42.1432459,-1.5891595,304.02,47.64,1.55,-6.14,203.56
3694,63.152464,1783330791.405,42.1432446,-1.5891599,304.04,47.66,1.56,-6.17,203.55
3695,63.169560,1783330791.423,42.1432434,-1.5891602,304.06,47.68,1.57,-6.15,203.53
3696,63.186656,1783330791.440,42.1432422,-1.5891606,304.08,47.70,1.57,-6.14,203.51
3697,63.203752,1783330791.457,42.1432409,-1.5891610,304.10,47.72,1.58,-6.12,203.49
3698,63.220848,1783330791.474,42.1432397,-1.5891614,304.12,47.74,1.58,-6.10,203.47
3699,63.237944,1783330791.491,42.1432384,-1.5891618,304.14,47.76,1.59,-6.09,203.45
3700,63.255040,1783330791.508,42.1432372,-1.5891622,304.15,47.77,1.59,-6.14,203.45
3701,63.272136,1783330791.525,42.1432360,-1.5891625,304.17,47.79,1.59,-6.27,203.46
3702,63.289232,1783330791.542,42.1432347,-1.5891629,304.19,47.81,1.59,-6.41,203.47
3703,63.306328,1783330791.559,42.1432335,-1.5891633,304.21,47.83,1.60,-6.54,203.49
3704,63.323424,1783330791.576,42.1432322,-1.5891637,304.23,47.85,1.60,-6.68,203.50
3705,63.340520,1783330791.594,42.1432325,-1.5891673,303.99,47.61,1.60,-6.81,203.51
3706,63.357616,1783330791.611,42.1432312,-1.5891677,304.01,47.63,1.60,-6.87,203.51
3707,63.374712,1783330791.628,42.1432298,-1.5891681,304.03,47.65,1.61,-6.88,203.50
3708,63.391808,1783330791.645,42.1432284,-1.5891686,304.05,47.67,1.62,-6.89,203.48
3709,63.408904,1783330791.662,42.1432270,-1.5891690,304.06,47.68,1.62,-6.90,203.47
3710,63.426000,1783330791.679,42.1432257,-1.5891694,304.08,47.70,1.63,-6.91,203.46
3711,63.443096,1783330791.696,42.1432243,-1.5891698,304.10,47.72,1.64,-6.92,203.44
3712,63.460192,1783330791.713,42.1432229,-1.5891702,304.12,47.74,1.64,-6.94,203.43
3713,63.477288,1783330791.730,42.1432215,-1.5891706,304.14,47.76,1.65,-6.96,203.43
3714,63.494383,1783330791.747,42.1432202,-1.5891711,304.16,47.78,1.65,-6.99,203.42
3715,63.511479,1783330791.764,42.1432188,-1.5891715,304.18,47.80,1.65,-7.01,203.41
3716,63.528575,1783330791.782,42.1432227,-1.5891764,303.72,47.34,1.66,-7.03,203.40
3717,63.545671,1783330791.799,42.1432193,-1.5891751,303.92,47.54,1.66,-7.06,203.39
3718,63.562767,1783330791.816,42.1432181,-1.5891755,303.94,47.56,1.67,-7.09,203.39
3719,63.579863,1783330791.833,42.1432168,-1.5891758,303.95,47.57,1.67,-7.13,203.39
3720,63.596959,1783330791.850,42.1432156,-1.5891762,303.97,47.59,1.68,-7.17,203.39
3721,63.614055,1783330791.867,42.1432143,-1.5891766,303.99,47.61,1.69,-7.21,203.40
3722,63.631151,1783330791.884,42.1432131,-1.5891770,304.01,47.63,1.69,-7.24,203.40
3723,63.648247,1783330791.901,42.1432118,-1.5891774,304.03,47.65,1.70,-7.28,203.40
3724,63.665343,1783330791.918,42.1432106,-1.5891777,304.05,47.67,1.70,-7.29,203.39
3725,63.682439,1783330791.935,42.1432093,-1.5891781,304.07,47.69,1.70,-7.30,203.38
3726,63.699535,1783330791.953,42.1432081,-1.5891785,304.09,47.71,1.69,-7.31,203.37
3727,63.716631,1783330791.970,42.1432068,-1.5891789,304.11,47.73,1.69,-7.31,203.37
3728,63.733727,1783330791.987,42.1432137,-1.5891789,303.86,47.48,1.69,-7.32,203.36
3729,63.750823,1783330792.004,42.1432091,-1.5891848,303.64,47.26,1.69,-7.33,203.35
3730,63.767919,1783330792.021,42.1432059,-1.5891829,303.88,47.50,1.71,-7.34,203.36
3731,63.785015,1783330792.038,42.1432043,-1.5891834,303.91,47.53,1.72,-7.35,203.36
3732,63.802111,1783330792.055,42.1432028,-1.5891838,303.93,47.55,1.74,-7.36,203.37
3733,63.819207,1783330792.072,42.1432012,-1.5891843,303.96,47.58,1.75,-7.37,203.38
3734,63.836303,1783330792.089,42.1431997,-1.5891847,303.98,47.60,1.77,-7.38,203.39
3735,63.853399,1783330792.106,42.1431981,-1.5891852,304.00,47.62,1.77,-7.41,203.39
3736,63.870495,1783330792.123,42.1431965,-1.5891857,304.03,47.65,1.75,-7.46,203.39
3737,63.887590,1783330792.141,42.1431950,-1.5891861,304.05,47.67,1.73,-7.52,203.39
3738,63.904686,1783330792.158,42.1431934,-1.5891866,304.08,47.70,1.71,-7.57,203.38
3739,63.921782,1783330792.175,42.1431986,-1.5891893,303.72,47.34,1.69,-7.63,203.38
3740,63.938878,1783330792.192,42.1431938,-1.5891904,303.83,47.45,1.67,-7.68,203.38
3741,63.955974,1783330792.209,42.1431924,-1.5891908,303.85,47.47,1.65,-7.71,203.38
3742,63.973070,1783330792.226,42.1431910,-1.5891912,303.87,47.49,1.64,-7.70,203.36
3743,63.990166,1783330792.243,42.1431896,-1.5891916,303.89,47.51,1.63,-7.69,203.35
3744,64.007262,1783330792.260,42.1431882,-1.5891920,303.92,47.54,1.61,-7.68,203.34
3745,64.024358,1783330792.277,42.1431868,-1.5891924,303.94,47.56,1.60,-7.67,203.33
3746,64.041454,1783330792.294,42.1431855,-1.5891929,303.96,47.58,1.59,-7.66,203.32
3747,64.058550,1783330792.312,42.1431841,-1.5891933,303.98,47.60,1.57,-7.70,203.32
3748,64.075646,1783330792.329,42.1431827,-1.5891937,304.00,47.62,1.55,-7.77,203.32
3749,64.092742,1783330792.346,42.1431813,-1.5891941,304.02,47.64,1.54,-7.84,203.32
3750,64.109838,1783330792.363,42.1431799,-1.5891945,304.05,47.67,1.52,-7.90,203.33
3751,64.126934,1783330792.380,42.1431841,-1.5891989,303.61,47.23,1.51,-7.97,203.33
3752,64.144030,1783330792.397,42.1431803,-1.5891982,303.79,47.41,1.49,-8.04,203.33
3753,64.161126,1783330792.414,42.1431789,-1.5891986,303.81,47.43,1.49,-8.02,203.32
3754,64.178222,1783330792.431,42.1431775,-1.5891990,303.83,47.45,1.50,-7.97,203.32
3755,64.195318,1783330792.448,42.1431761,-1.5891995,303.85,47.47,1.50,-7.93,203.31
3756,64.212414,1783330792.465,42.1431747,-1.5891999,303.87,47.49,1.50,-7.89,203.30
3757,64.229510,1783330792.483,42.1431733,-1.5892003,303.89,47.51,1.51,-7.85,203.30
3758,64.246606,1783330792.500,42.1431719,-1.5892008,303.91,47.53,1.51,-7.80,203.29
3759,64.263702,1783330792.517,42.1431705,-1.5892012,303.93,47.55,1.53,-7.80,203.30
3760,64.280797,1783330792.534,42.1431691,-1.5892016,303.95,47.57,1.55,-7.80,203.31
3761,64.297893,1783330792.551,42.1431677,-1.5892020,303.97,47.59,1.57,-7.80,203.32
3762,64.314989,1783330792.568,42.1431741,-1.5892024,303.73,47.35,1.58,-7.80,203.33
3763,64.332085,1783330792.585,42.1431694,-1.5892086,303.49,47.11,1.60,-7.80,203.34
3764,64.349181,1783330792.602,42.1431666,-1.5892061,303.75,47.37,1.62,-7.80,203.35
3765,64.366277,1783330792.619,42.1431652,-1.5892066,303.77,47.39,1.62,-7.81,203.34
3766,64.383373,1783330792.636,42.1431638,-1.5892070,303.80,47.42,1.62,-7.81,203.33
3767,64.400469,1783330792.653,42.1431624,-1.5892074,303.82,47.44,1.62,-7.82,203.31
3768,64.417565,1783330792.671,42.1431610,-1.5892079,303.84,47.46,1.62,-7.83,203.30
3769,64.434661,1783330792.688,42.1431597,-1.5892083,303.86,47.48,1.62,-7.83,203.29
3770,64.451757,1783330792.705,42.1431583,-1.5892087,303.88,47.50,1.62,-7.83,203.28
3771,64.468853,1783330792.722,42.1431569,-1.5892092,303.90,47.52,1.61,-7.79,203.27
3772,64.485949,1783330792.739,42.1431555,-1.5892096,303.93,47.55,1.59,-7.76,203.26
3773,64.503045,1783330792.756,42.1431541,-1.5892101,303.95,47.57,1.58,-7.72,203.25
3774,64.520141,1783330792.773,42.1431597,-1.5892121,303.61,47.23,1.57,-7.68,203.24
3775,64.537237,1783330792.790,42.1431545,-1.5892137,303.70,47.32,1.56,-7.64,203.24
3776,64.554333,1783330792.807,42.1431532,-1.5892141,303.71,47.33,1.55,-7.64,203.23
3777,64.571429,1783330792.824,42.1431520,-1.5892145,303.73,47.35,1.53,-7.68,203.22
3778,64.588525,1783330792.842,42.1431507,-1.5892149,303.75,47.37,1.52,-7.73,203.22
3779,64.605621,1783330792.859,42.1431494,-1.5892153,303.77,47.39,1.51,-7.77,203.21
3780,64.622717,1783330792.876,42.1431481,-1.5892157,303.79,47.41,1.50,-7.81,203.21
3781,64.639813,1783330792.893,42.1431468,-1.5892161,303.81,47.43,1.49,-7.86,203.20
3782,64.656909,1783330792.910,42.1431456,-1.5892165,303.83,47.45,1.49,-7.85,203.20
3783,64.674004,1783330792.927,42.1431443,-1.5892169,303.85,47.47,1.50,-7.79,203.20
3784,64.691100,1783330792.944,42.1431430,-1.5892173,303.86,47.48,1.51,-7.72,203.20
3785,64.708196,1783330792.961,42.1431417,-1.5892176,303.88,47.50,1.53,-7.66,203.20
3786,64.725292,1783330792.978,42.1431404,-1.5892180,303.90,47.52,1.54,-7.60,203.20
3787,64.742388,1783330792.995,42.1431458,-1.5892208,303.54,47.16,1.56,-7.54,203.20
3788,64.759484,1783330793.012,42.1431409,-1.5892216,303.66,47.28,1.59,-7.50,203.19
3789,64.776580,1783330793.030,42.1431393,-1.5892221,303.68,47.30,1.63,-7.47,203.19
3790,64.793676,1783330793.047,42.1431377,-1.5892226,303.71,47.33,1.67,-7.45,203.18
3791,64.810772,1783330793.064,42.1431361,-1.5892231,303.73,47.35,1.71,-7.42,203.17
3792,64.827868,1783330793.081,42.1431345,-1.5892236,303.75,47.37,1.75,-7.39,203.16
3793,64.844964,1783330793.098,42.1431329,-1.5892241,303.78,47.40,1.79,-7.36,203.15
3794,64.862060,1783330793.115,42.1431313,-1.5892246,303.80,47.42,1.79,-7.32,203.17
3795,64.879156,1783330793.132,42.1431297,-1.5892251,303.82,47.44,1.78,-7.26,203.18
3796,64.896252,1783330793.149,42.1431281,-1.5892256,303.85,47.47,1.77,-7.21,203.20
3797,64.913348,1783330793.166,42.1431344,-1.5892255,303.64,47.26,1.75,-7.16,203.22
3798,64.930444,1783330793.183,42.1431300,-1.5892317,303.40,47.02,1.74,-7.10,203.24
3799,64.947540,1783330793.201,42.1431271,-1.5892298,303.62,47.24,1.73,-7.05,203.26
3800,64.964636,1783330793.218,42.1431258,-1.5892302,303.64,47.26,1.71,-7.02,203.26
3801,64.981732,1783330793.235,42.1431245,-1.5892306,303.65,47.27,1.69,-6.99,203.27
3802,64.998828,1783330793.252,42.1431232,-1.5892310,303.67,47.29,1.66,-6.96,203.27
3803,65.015924,1783330793.269,42.1431220,-1.5892314,303.69,47.31,1.64,-6.93,203.27
3804,65.033020,1783330793.286,42.1431207,-1.5892318,303.71,47.33,1.62,-6.91,203.28
3805,65.050116,1783330793.303,42.1431194,-1.5892322,303.73,47.35,1.60,-6.88,203.28
3806,65.067212,1783330793.320,42.1431182,-1.5892326,303.75,47.37,1.60,-6.85,203.28
3807,65.084307,1783330793.337,42.1431169,-1.5892330,303.77,47.39,1.60,-6.83,203.28
3808,65.101403,1783330793.354,42.1431156,-1.5892334,303.79,47.41,1.60,-6.81,203.28
3809,65.118499,1783330793.371,42.1431143,-1.5892338,303.80,47.42,1.60,-6.78,203.28
3810,65.135595,1783330793.389,42.1431146,-1.5892374,303.56,47.18,1.60,-6.76,203.28
3811,65.152691,1783330793.406,42.1431133,-1.5892378,303.58,47.20,1.59,-6.73,203.28
3812,65.169787,1783330793.423,42.1431120,-1.5892382,303.60,47.22,1.57,-6.70,203.29
3813,65.186883,1783330793.440,42.1431107,-1.5892386,303.62,47.24,1.55,-6.67,203.29
3814,65.203979,1783330793.457,42.1431095,-1.5892390,303.64,47.26,1.53,-6.63,203.30
3815,65.221075,1783330793.474,42.1431082,-1.5892394,303.65,47.27,1.50,-6.60,203.30
3816,65.238171,1783330793.491,42.1431069,-1.5892398,303.67,47.29,1.48,-6.57,203.31
3817,65.255267,1783330793.508,42.1431056,-1.5892402,303.69,47.31,1.46,-6.53,203.32
3818,65.272363,1783330793.525,42.1431044,-1.5892406,303.71,47.33,1.45,-6.48,203.33
3819,65.289459,1783330793.542,42.1431031,-1.5892410,303.72,47.34,1.43,-6.43,203.34
3820,65.306555,1783330793.560,42.1431018,-1.5892414,303.74,47.36,1.41,-6.38,203.36
3821,65.323651,1783330793.577,42.1431005,-1.5892418,303.76,47.38,1.39,-6.33,203.37
3822,65.340747,1783330793.594,42.1431008,-1.5892454,303.53,47.15,1.38,-6.28,203.38
3823,65.357843,1783330793.611,42.1430995,-1.5892458,303.54,47.16,1.37,-6.23,203.38
3824,65.374939,1783330793.628,42.1430982,-1.5892462,303.56,47.18,1.36,-6.17,203.35
3825,65.392035,1783330793.645,42.1430970,-1.5892466,303.58,47.20,1.35,-6.11,203.33
3826,65.409131,1783330793.662,42.1430957,-1.5892470,303.59,47.21,1.34,-6.05,203.30
3827,65.426227,1783330793.679,42.1430945,-1.5892475,303.61,47.23,1.33,-5.99,203.28
3828,65.443323,1783330793.696,42.1430932,-1.5892479,303.63,47.25,1.32,-5.94,203.26
3829,65.460419,1783330793.713,42.1430919,-1.5892483,303.64,47.26,1.31,-5.88,203.25
3830,65.477514,1783330793.731,42.1430907,-1.5892487,303.66,47.28,1.29,-5.82,203.26
3831,65.494610,1783330793.748,42.1430894,-1.5892491,303.67,47.29,1.28,-5.76,203.26
3832,65.511706,1783330793.765,42.1430881,-1.5892495,303.69,47.31,1.26,-5.70,203.26
3833,65.528802,1783330793.782,42.1430869,-1.5892499,303.71,47.33,1.25,-5.64,203.27
3834,65.545898,1783330793.799,42.1430870,-1.5892534,303.49,47.11,1.23,-5.58,203.27
3835,65.562994,1783330793.816,42.1430859,-1.5892538,303.51,47.13,1.24,-5.52,203.25
3836,65.580090,1783330793.833,42.1430847,-1.5892542,303.52,47.14,1.26,-5.45,203.23
3837,65.597186,1783330793.850,42.1430836,-1.5892545,303.54,47.16,1.27,-5.39,203.21
3838,65.614282,1783330793.867,42.1430824,-1.5892549,303.55,47.17,1.28,-5.33,203.18
3839,65.631378,1783330793.884,42.1430813,-1.5892553,303.57,47.19,1.30,-5.27,203.16
3840,65.648474,1783330793.901,42.1430801,-1.5892557,303.58,47.20,1.31,-5.21,203.14
3841,65.665570,1783330793.919,42.1430790,-1.5892561,303.59,47.21,1.31,-5.17,203.13
3842,65.682666,1783330793.936,42.1430779,-1.5892564,303.61,47.23,1.31,-5.13,203.11
3843,65.699762,1783330793.953,42.1430767,-1.5892568,303.62,47.24,1.30,-5.09,203.10
3844,65.716858,1783330793.970,42.1430756,-1.5892572,303.64,47.26,1.30,-5.05,203.08
3845,65.733954,1783330793.987,42.1430744,-1.5892576,303.65,47.27,1.30,-5.01,203.07
3846,65.751050,1783330794.004,42.1430733,-1.5892580,303.67,47.29,1.31,-4.97,203.06
3847,65.768146,1783330794.021,42.1430734,-1.5892616,303.45,47.07,1.35,-4.94,203.07
3848,65.785242,1783330794.038,42.1430720,-1.5892621,303.47,47.09,1.40,-4.90,203.08
3849,65.802338,1783330794.055,42.1430706,-1.5892625,303.49,47.11,1.44,-4.87,203.09
3850,65.819434,1783330794.072,42.1430692,-1.5892630,303.51,47.13,1.49,-4.83,203.10
3851,65.836530,1783330794.090,42.1430677,-1.5892634,303.53,47.15,1.53,-4.79,203.10
3852,65.853626,1783330794.107,42.1430663,-1.5892639,303.55,47.17,1.57,-4.76,203.11
3853,65.870721,1783330794.124,42.1430649,-1.5892644,303.57,47.19,1.60,-4.74,203.10
3854,65.887817,1783330794.141,42.1430635,-1.5892648,303.60,47.22,1.63,-4.73,203.09
3855,65.904913,1783330794.158,42.1430621,-1.5892653,303.62,47.24,1.66,-4.71,203.09
3856,65.922009,1783330794.175,42.1430606,-1.5892657,303.64,47.26,1.69,-4.69,203.08
3857,65.939105,1783330794.192,42.1430607,-1.5892694,303.42,47.04,1.72,-4.67,203.07
3858,65.956201,1783330794.209,42.1430593,-1.5892698,303.44,47.06,1.73,-4.66,203.07
3859,65.973297,1783330794.226,42.1430579,-1.5892703,303.46,47.08,1.72,-4.67,203.08
3860,65.990393,1783330794.243,42.1430565,-1.5892707,303.49,47.11,1.71,-4.68,203.08
3861,66.007489,1783330794.260,42.1430551,-1.5892712,303.51,47.13,1.70,-4.69,203.08
3862,66.024585,1783330794.278,42.1430537,-1.5892716,303.53,47.15,1.69,-4.70,203.09
3863,66.041681,1783330794.295,42.1430523,-1.5892721,303.56,47.18,1.67,-4.71,203.09
3864,66.058777,1783330794.312,42.1430508,-1.5892725,303.58,47.20,1.67,-4.48,203.10
3865,66.075873,1783330794.329,42.1430494,-1.5892729,303.60,47.22,1.66,-4.11,203.11
3866,66.092969,1783330794.346,42.1430480,-1.5892734,303.62,47.24,1.66,-3.75,203.13
3867,66.110065,1783330794.363,42.1430466,-1.5892738,303.65,47.27,1.66,-3.39,203.14
3868,66.127161,1783330794.380,42.1430506,-1.5892782,303.25,46.87,1.65,-3.02,203.15
3869,66.144257,1783330794.397,42.1430469,-1.5892774,303.42,47.04,1.65,-2.66,203.17
3870,66.161353,1783330794.414,42.1430455,-1.5892778,303.44,47.06,1.68,-2.05,203.18
3871,66.178449,1783330794.431,42.1430442,-1.5892783,303.46,47.08,1.72,-1.37,203.19
3872,66.195545,1783330794.449,42.1430428,-1.5892787,303.48,47.10,1.76,-0.70,203.21
3873,66.212641,1783330794.466,42.1430414,-1.5892791,303.50,47.12,1.80,-0.02,203.22
3874,66.229737,1783330794.483,42.1430400,-1.5892796,303.52,47.14,1.84,0.65,203.24
3875,66.246833,1783330794.500,42.1430386,-1.5892800,303.54,47.16,1.88,1.33,203.25
3876,66.263928,1783330794.517,42.1430372,-1.5892805,303.56,47.18,1.89,1.61,203.27
3877,66.281024,1783330794.534,42.1430359,-1.5892809,303.58,47.20,1.90,1.86,203.30
3878,66.298120,1783330794.551,42.1430345,-1.5892813,303.60,47.22,1.91,2.11,203.32
3879,66.315216,1783330794.568,42.1430407,-1.5892817,303.37,46.99,1.91,2.37,203.34
3880,66.332312,1783330794.585,42.1430348,-1.5892850,303.39,47.01,1.92,2.62,203.37
3881,66.349408,1783330794.602,42.1430334,-1.5892854,303.41,47.03,1.93,2.83,203.39
3882,66.366504,1783330794.620,42.1430321,-1.5892858,303.43,47.05,1.89,2.55,203.40
3883,66.383600,1783330794.637,42.1430307,-1.5892863,303.45,47.07,1.85,2.28,203.41
3884,66.400696,1783330794.654,42.1430293,-1.5892867,303.47,47.09,1.82,2.01,203.42
3885,66.417792,1783330794.671,42.1430280,-1.5892871,303.49,47.11,1.78,1.74,203.43
3886,66.434888,1783330794.688,42.1430266,-1.5892875,303.52,47.14,1.75,1.47,203.44
3887,66.451984,1783330794.705,42.1430252,-1.5892879,303.54,47.16,1.72,1.19,203.45
3888,66.469080,1783330794.722,42.1430239,-1.5892883,303.56,47.18,1.69,0.89,203.46
3889,66.486176,1783330794.739,42.1430225,-1.5892888,303.58,47.20,1.67,0.59,203.47
3890,66.503272,1783330794.756,42.1430211,-1.5892892,303.60,47.22,1.65,0.29,203.48
3891,66.520368,1783330794.773,42.1430264,-1.5892913,303.31,46.93,1.63,-0.01,203.49
3892,66.537464,1783330794.790,42.1430216,-1.5892927,303.39,47.01,1.61,-0.31,203.50
3893,66.554560,1783330794.808,42.1430203,-1.5892931,303.40,47.02,1.61,-0.54,203.51
3894,66.571656,1783330794.825,42.1430189,-1.5892935,303.42,47.04,1.64,-0.68,203.51
3895,66.588752,1783330794.842,42.1430176,-1.5892939,303.44,47.06,1.66,-0.81,203.51
3896,66.605848,1783330794.859,42.1430163,-1.5892944,303.46,47.08,1.69,-0.94,203.50
3897,66.622944,1783330794.876,42.1430149,-1.5892948,303.48,47.10,1.71,-1.08,203.50
3898,66.640040,1783330794.893,42.1430136,-1.5892952,303.50,47.12,1.74,-1.21,203.50
3899,66.657135,1783330794.910,42.1430122,-1.5892956,303.52,47.14,1.74,-1.39,203.50
3900,66.674231,1783330794.927,42.1430109,-1.5892960,303.54,47.16,1.73,-1.62,203.51
3901,66.691327,1783330794.944,42.1430096,-1.5892964,303.56,47.18,1.72,-1.85,203.51
3902,66.708423,1783330794.961,42.1430082,-1.5892968,303.58,47.20,1.71,-2.08,203.51
3903,66.725519,1783330794.979,42.1430125,-1.5893006,303.22,46.84,1.70,-2.30,203.52
3904,66.742615,1783330794.996,42.1430086,-1.5893003,303.36,46.98,1.69,-2.53,203.52
3905,66.759711,1783330795.013,42.1430073,-1.5893008,303.37,46.99,1.69,-2.67,203.52
3906,66.776807,1783330795.030,42.1430060,-1.5893012,303.38,47.00,1.69,-2.78,203.53
3907,66.793903,1783330795.047,42.1430047,-1.5893016,303.39,47.01,1.69,-2.88,203.54
3908,66.810999,1783330795.064,42.1430033,-1.5893020,303.40,47.02,1.70,-2.99,203.55
3909,66.828095,1783330795.081,42.1430020,-1.5893024,303.41,47.03,1.70,-3.09,203.55
3910,66.845191,1783330795.098,42.1430007,-1.5893028,303.43,47.05,1.70,-3.19,203.56
3911,66.862287,1783330795.115,42.1429994,-1.5893032,303.44,47.06,1.71,-3.20,203.56
3912,66.879383,1783330795.132,42.1429981,-1.5893036,303.45,47.07,1.73,-3.19,203.56
3913,66.896479,1783330795.149,42.1429967,-1.5893040,303.46,47.08,1.74,-3.18,203.56
3914,66.913575,1783330795.167,42.1430035,-1.5893039,303.28,46.90,1.75,-3.16,203.55
3915,66.930671,1783330795.184,42.1429988,-1.5893099,303.07,46.69,1.77,-3.15,203.55
3916,66.947767,1783330795.201,42.1429959,-1.5893081,303.24,46.86,1.78,-3.14,203.55
3917,66.964863,1783330795.218,42.1429946,-1.5893084,303.25,46.87,1.76,-3.12,203.57
3918,66.981959,1783330795.235,42.1429933,-1.5893088,303.25,46.87,1.73,-3.11,203.59
3919,66.999055,1783330795.252,42.1429920,-1.5893092,303.26,46.88,1.71,-3.09,203.61
3920,67.016151,1783330795.269,42.1429907,-1.5893096,303.26,46.88,1.68,-3.08,203.63
3921,67.033247,1783330795.286,42.1429894,-1.5893100,303.27,46.89,1.66,-3.06,203.64
3922,67.050342,1783330795.303,42.1429881,-1.5893104,303.27,46.89,1.64,-3.05,203.66
3923,67.067438,1783330795.320,42.1429868,-1.5893108,303.28,46.90,1.62,-3.08,203.67
3924,67.084534,1783330795.338,42.1429854,-1.5893112,303.28,46.90,1.61,-3.11,203.67
3925,67.101630,1783330795.355,42.1429841,-1.5893116,303.29,46.91,1.60,-3.14,203.68
3926,67.118726,1783330795.372,42.1429896,-1.5893132,303.07,46.69,1.58,-3.16,203.69
3927,67.135822,1783330795.389,42.1429846,-1.5893151,303.07,46.69,1.57,-3.19,203.70
3928,67.152918,1783330795.406,42.1429833,-1.5893155,303.07,46.69,1.55,-3.19,203.70
3929,67.170014,1783330795.423,42.1429820,-1.5893159,303.07,46.69,1.54,-3.11,203.72
3930,67.187110,1783330795.440,42.1429807,-1.5893163,303.07,46.69,1.52,-3.04,203.73
3931,67.204206,1783330795.457,42.1429794,-1.5893167,303.07,46.69,1.50,-2.96,203.74
3932,67.221302,1783330795.474,42.1429781,-1.5893171,303.07,46.69,1.48,-2.89,203.75
3933,67.238398,1783330795.491,42.1429768,-1.5893175,303.08,46.70,1.46,-2.81,203.76
3934,67.255494,1783330795.508,42.1429755,-1.5893179,303.08,46.70,1.43,-2.76,203.77
3935,67.272590,1783330795.526,42.1429742,-1.5893183,303.08,46.70,1.37,-2.73,203.77
3936,67.289686,1783330795.543,42.1429729,-1.5893187,303.08,46.70,1.32,-2.70,203.77
3937,67.306782,1783330795.560,42.1429716,-1.5893191,303.08,46.70,1.27,-2.68,203.78
3938,67.323878,1783330795.577,42.1429763,-1.5893223,302.79,46.41,1.21,-2.65,203.78
3939,67.340974,1783330795.594,42.1429722,-1.5893226,302.85,46.47,1.16,-2.62,203.78
3940,67.358070,1783330795.611,42.1429709,-1.5893230,302.85,46.47,1.12,-2.58,203.78
3941,67.375166,1783330795.628,42.1429696,-1.5893234,302.85,46.47,1.07,-2.52,203.79
3942,67.392262,1783330795.645,42.1429683,-1.5893238,302.84,46.46,1.03,-2.47,203.79
3943,67.409358,1783330795.662,42.1429670,-1.5893242,302.84,46.46,0.99,-2.41,203.80
3944,67.426454,1783330795.679,42.1429658,-1.5893245,302.84,46.46,0.95,-2.36,203.80
3945,67.443549,1783330795.697,42.1429645,-1.5893249,302.84,46.46,0.91,-2.30,203.81
3946,67.460645,1783330795.714,42.1429632,-1.5893253,302.84,46.46,0.88,-2.27,203.80
3947,67.477741,1783330795.731,42.1429619,-1.5893257,302.83,46.45,0.85,-2.25,203.78
3948,67.494837,1783330795.748,42.1429606,-1.5893261,302.83,46.45,0.82,-2.22,203.77
3949,67.511933,1783330795.765,42.1429594,-1.5893265,302.83,46.45,0.78,-2.19,203.75
3950,67.529029,1783330795.782,42.1429630,-1.5893314,302.46,46.08,0.75,-2.17,203.74
3951,67.546125,1783330795.799,42.1429600,-1.5893300,302.60,46.22,0.72,-2.14,203.72
3952,67.563221,1783330795.816,42.1429588,-1.5893303,302.60,46.22,0.71,-2.09,203.71
3953,67.580317,1783330795.833,42.1429577,-1.5893307,302.59,46.21,0.70,-2.03,203.70
3954,67.597413,1783330795.850,42.1429565,-1.5893310,302.59,46.21,0.69,-1.98,203.69
3955,67.614509,1783330795.868,42.1429554,-1.5893313,302.59,46.21,0.67,-1.92,203.68
3956,67.631605,1783330795.885,42.1429542,-1.5893317,302.59,46.21,0.66,-1.86,203.67
3957,67.648701,1783330795.902,42.1429530,-1.5893320,302.58,46.20,0.65,-1.81,203.66
3958,67.665797,1783330795.919,42.1429519,-1.5893324,302.58,46.20,0.66,-1.80,203.65
3959,67.682893,1783330795.936,42.1429507,-1.5893327,302.58,46.20,0.67,-1.79,203.65
3960,67.699989,1783330795.953,42.1429496,-1.5893331,302.57,46.19,0.68,-1.77,203.64
3961,67.717085,1783330795.970,42.1429484,-1.5893334,302.57,46.19,0.69,-1.76,203.63
3962,67.734181,1783330795.987,42.1429548,-1.5893336,302.45,46.07,0.70,-1.75,203.63
3963,67.751277,1783330796.004,42.1429506,-1.5893393,302.18,45.80,0.70,-1.74,203.62
3964,67.768373,1783330796.021,42.1429477,-1.5893373,302.34,45.96,0.66,-1.72,203.60
3965,67.785469,1783330796.038,42.1429462,-1.5893377,302.34,45.96,0.62,-1.71,203.58
3966,67.802565,1783330796.056,42.1429448,-1.5893381,302.33,45.95,0.58,-1.70,203.57
3967,67.819661,1783330796.073,42.1429434,-1.5893385,302.32,45.94,0.54,-1.68,203.55
3968,67.836757,1783330796.090,42.1429420,-1.5893390,302.31,45.93,0.50,-1.67,203.53
3969,67.853852,1783330796.107,42.1429405,-1.5893394,302.31,45.93,0.47,-1.66,203.52
3970,67.870948,1783330796.124,42.1429391,-1.5893398,302.30,45.92,0.45,-1.66,203.51
3971,67.888044,1783330796.141,42.1429377,-1.5893402,302.29,45.91,0.44,-1.66,203.50
3972,67.905140,1783330796.158,42.1429362,-1.5893406,302.28,45.90,0.43,-1.66,203.49
3973,67.922236,1783330796.175,42.1429411,-1.5893433,302.05,45.67,0.42,-1.66,203.48
3974,67.939332,1783330796.192,42.1429367,-1.5893440,302.06,45.68,0.41,-1.66,203.47
3975,67.956428,1783330796.209,42.1429354,-1.5893444,302.05,45.67,0.37,-1.66,203.46
3976,67.973524,1783330796.227,42.1429342,-1.5893448,302.04,45.66,0.31,-1.66,203.43
3977,67.990620,1783330796.244,42.1429329,-1.5893451,302.04,45.66,0.24,-1.66,203.41
3978,68.007716,1783330796.261,42.1429317,-1.5893455,302.03,45.65,0.18,-1.65,203.38
3979,68.024812,1783330796.278,42.1429304,-1.5893458,302.02,45.64,0.12,-1.65,203.35
3980,68.041908,1783330796.295,42.1429292,-1.5893462,302.02,45.64,0.05,-1.65,203.33
3981,68.059004,1783330796.312,42.1429279,-1.5893466,302.01,45.63,0.01,-1.67,203.29
3982,68.076100,1783330796.329,42.1429267,-1.5893469,302.00,45.62,-0.01,-1.69,203.25
3983,68.093196,1783330796.346,42.1429254,-1.5893473,302.00,45.62,-0.04,-1.71,203.21
3984,68.110292,1783330796.363,42.1429242,-1.5893477,301.99,45.61,-0.06,-1.74,203.17
3985,68.127388,1783330796.380,42.1429281,-1.5893519,301.68,45.30,-0.09,-1.76,203.13
3986,68.144484,1783330796.397,42.1429246,-1.5893510,301.78,45.40,-0.11,-1.79,203.09
3987,68.161580,1783330796.415,42.1429234,-1.5893513,301.78,45.40,-0.15,-1.81,203.01
3988,68.178676,1783330796.432,42.1429222,-1.5893517,301.77,45.39,-0.19,-1.84,202.93
3989,68.195772,1783330796.449,42.1429210,-1.5893520,301.76,45.38,-0.23,-1.87,202.85
3990,68.212868,1783330796.466,42.1429197,-1.5893524,301.75,45.37,-0.28,-1.89,202.77
3991,68.229964,1783330796.483,42.1429185,-1.5893528,301.74,45.36,-0.32,-1.92,202.69
3992,68.247059,1783330796.500,42.1429173,-1.5893531,301.73,45.35,-0.36,-1.95,202.60
3993,68.264155,1783330796.517,42.1429161,-1.5893535,301.72,45.34,-0.42,-1.98,202.50
3994,68.281251,1783330796.534,42.1429148,-1.5893538,301.72,45.34,-0.49,-2.02,202.40
3995,68.298347,1783330796.551,42.1429136,-1.5893542,301.71,45.33,-0.56,-2.06,202.29
3996,68.315443,1783330796.568,42.1429193,-1.5893548,301.59,45.21,-0.62,-2.09,202.19
3997,68.332539,1783330796.586,42.1429141,-1.5893574,301.49,45.11,-0.69,-2.13,202.08
3998,68.349635,1783330796.603,42.1429129,-1.5893577,301.48,45.10,-0.76,-2.17,201.98
3999,68.366731,1783330796.620,42.1429117,-1.5893581,301.47,45.09,-0.82,-2.22,201.85
4000,68.383827,1783330796.637,42.1429104,-1.5893584,301.46,45.08,-0.89,-2.28,201.72
4001,68.400923,1783330796.654,42.1429092,-1.5893588,301.45,45.07,-0.95,-2.34,201.59
4002,68.418019,1783330796.671,42.1429080,-1.5893591,301.44,45.06,-1.02,-2.40,201.46
4003,68.435115,1783330796.688,42.1429068,-1.5893595,301.43,45.05,-1.08,-2.46,201.33
4004,68.452211,1783330796.705,42.1429056,-1.5893598,301.42,45.04,-1.15,-2.51,201.20
4005,68.469307,1783330796.722,42.1429044,-1.5893601,301.41,45.03,-1.23,-2.55,201.06
4006,68.486403,1783330796.739,42.1429032,-1.5893605,301.40,45.02,-1.31,-2.60,200.93
4007,68.503499,1783330796.756,42.1429019,-1.5893608,301.40,45.02,-1.39,-2.64,200.79
4008,68.520595,1783330796.774,42.1429067,-1.5893630,301.19,44.81,-1.46,-2.68,200.66
4009,68.537691,1783330796.791,42.1429023,-1.5893639,301.20,44.82,-1.54,-2.72,200.52
4010,68.554787,1783330796.808,42.1429012,-1.5893642,301.19,44.81,-1.60,-2.79,200.39
4011,68.571883,1783330796.825,42.1429001,-1.5893645,301.18,44.80,-1.64,-2.87,200.26
4012,68.588979,1783330796.842,42.1428990,-1.5893648,301.17,44.79,-1.67,-2.96,200.13
4013,68.606075,1783330796.859,42.1428980,-1.5893651,301.16,44.78,-1.70,-3.05,200.00
4014,68.623171,1783330796.876,42.1428969,-1.5893653,301.15,44.77,-1.73,-3.14,199.88
4015,68.640266,1783330796.893,42.1428958,-1.5893656,301.14,44.76,-1.77,-3.23,199.75
4016,68.657362,1783330796.910,42.1428947,-1.5893659,301.13,44.75,-1.77,-3.28,199.61
4017,68.674458,1783330796.927,42.1428936,-1.5893662,301.12,44.74,-1.74,-3.29,199.46
4018,68.691554,1783330796.945,42.1428926,-1.5893665,301.11,44.73,-1.72,-3.30,199.32
4019,68.708650,1783330796.962,42.1428915,-1.5893668,301.10,44.72,-1.69,-3.31,199.17
4020,68.725746,1783330796.979,42.1428904,-1.5893671,301.09,44.71,-1.67,-3.32,199.03
4021,68.742842,1783330796.996,42.1428948,-1.5893701,300.86,44.48,-1.65,-3.33,198.88
4022,68.759938,1783330797.013,42.1428909,-1.5893703,300.88,44.50,-1.62,-3.43,198.75
4023,68.777034,1783330797.030,42.1428896,-1.5893706,300.87,44.49,-1.58,-3.56,198.62
4024,68.794130,1783330797.047,42.1428882,-1.5893709,300.86,44.48,-1.55,-3.70,198.49
4025,68.811226,1783330797.064,42.1428868,-1.5893712,300.85,44.47,-1.51,-3.84,198.36
4026,68.828322,1783330797.081,42.1428855,-1.5893715,300.84,44.46,-1.48,-3.97,198.24
4027,68.845418,1783330797.098,42.1428841,-1.5893718,300.83,44.45,-1.44,-4.11,198.11
4028,68.862514,1783330797.116,42.1428828,-1.5893721,300.82,44.44,-1.38,-4.14,197.99
4029,68.879610,1783330797.133,42.1428814,-1.5893724,300.81,44.43,-1.31,-4.16,197.86
4030,68.896706,1783330797.150,42.1428801,-1.5893727,300.80,44.42,-1.24,-4.17,197.74
4031,68.913802,1783330797.167,42.1428858,-1.5893733,300.71,44.33,-1.17,-4.18,197.62
4032,68.930898,1783330797.184,42.1428818,-1.5893785,300.42,44.04,-1.10,-4.20,197.50
4033,68.947994,1783330797.201,42.1428791,-1.5893763,300.57,44.19,-1.03,-4.21,197.38
4034,68.965090,1783330797.218,42.1428779,-1.5893766,300.56,44.18,-1.01,-4.30,197.28
4035,68.982186,1783330797.235,42.1428767,-1.5893768,300.55,44.17,-0.98,-4.38,197.18
4036,68.999282,1783330797.252,42.1428755,-1.5893770,300.54,44.16,-0.96,-4.47,197.08
4037,69.016378,1783330797.269,42.1428743,-1.5893773,300.53,44.15,-0.93,-4.55,196.98
4038,69.033473,1783330797.286,42.1428731,-1.5893775,300.52,44.14,-0.91,-4.64,196.88
4039,69.050569,1783330797.304,42.1428719,-1.5893777,300.51,44.13,-0.89,-4.72,196.79
4040,69.067665,1783330797.321,42.1428707,-1.5893780,300.50,44.12,-0.89,-4.77,196.75
4041,69.084761,1783330797.338,42.1428696,-1.5893782,300.49,44.11,-0.88,-4.82,196.70
4042,69.101857,1783330797.355,42.1428684,-1.5893785,300.48,44.10,-0.88,-4.87,196.66
4043,69.118953,1783330797.372,42.1428734,-1.5893806,300.33,43.95,-0.88,-4.92,196.62
4044,69.136049,1783330797.389,42.1428687,-1.5893816,300.28,43.90,-0.87,-4.97,196.57
4045,69.153145,1783330797.406,42.1428675,-1.5893819,300.27,43.89,-0.85,-5.00,196.54
4046,69.170241,1783330797.423,42.1428664,-1.5893821,300.26,43.88,-0.81,-5.00,196.55
4047,69.187337,1783330797.440,42.1428652,-1.5893823,300.25,43.87,-0.76,-5.01,196.56
4048,69.204433,1783330797.457,42.1428640,-1.5893825,300.24,43.86,-0.71,-5.01,196.57
