scenario_id,frame_id,timestamp_s,truth_id,type,active,visible_to_detector,source_id,world_north_m,world_east_m,world_up_m
pipeline_b_degraded_link_operator_scene_v1,0,0.000,bike_01,bike,1,1,101,45.000,-18.000,0.000
pipeline_b_degraded_link_operator_scene_v1,0,0.000,cow_01,cow,0,0,,82.000,28.000,0.000
pipeline_b_degraded_link_operator_scene_v1,0,0.000,tower_01,tower,1,1,501,112.000,-42.000,18.000
pipeline_b_degraded_link_operator_scene_v1,1,0.100,bike_01,bike,1,1,101,45.085,-17.958,0.000
pipeline_b_degraded_link_operator_scene_v1,1,0.100,cow_01,cow,0,0,,82.000,28.000,0.000
pipeline_b_degraded_link_operator_scene_v1,1,0.100,tower_01,tower,1,1,501,112.000,-42.000,18.000
pipeline_b_degraded_link_operator_scene_v1,2,0.200,bike_01,bike,1,1,101,45.170,-17.916,0.000
pipeline_b_degraded_link_operator_scene_v1,2,0.200,cow_01,cow,0,0,,82.000,28.000,0.000
pipeline_b_degraded_link_operator_scene_v1,2,0.200,tower_01,tower,1,1,501,112.000,-42.000,18.000
pipeline_b_degraded_link_operator_scene_v1,3,0.300,bike_01,bike,1,1,101,45.255,-17.874,0.000
pipeline_b_degraded_link_operator_scene_v1,3,0.300,cow_01,cow,0,0,,82.000,28.000,0.000
pipeline_b_degraded_link_operator_scene_v1,3,0.300,tower_01,tower,1,1,501,112.000,-42.000,18.000
pipeline_b_degraded_link_operator_scene_v1,4,0.400,bike_01,bike,1,1,101,45.340,-17.832,0.000
pipeline_b_degraded_link_operator_scene_v1,4,0.400,cow_01,cow,0,0,,82.000,28.000,0.000
pipeline_b_degraded_link_operator_scene_v1,4,0.400,tower_01,tower,1,1,501,112.000,-42.000,18.000
pipeline_b_degraded_link_operator_scene_v1,5,0.500,bike_01,bike,1,1,101,45.425,-17.790,0.000
pipeline_b_degraded_link_operator_scene_v1,5,0.500,cow_01,cow,0,0,,82.000,28.000,0.000
pipeline_b_degraded_link_operator_scene_v1,5,0.500,tower_01,tower,1,1,501,112.000,-42.000,18.000
pipeline_b_degraded_link_operator_scene_v1,6,0.600,bike_01,bike,1,1,101,45.510,-17.748,0.000
pipeline_b_degraded_link_operator_scene_v1,6,0.600,cow_01,cow,0,0,,82.000,28.000,0.000
pipeline_b_degraded_link_operator_scene_v1,6,0.600,tower_01,tower,1,1,501,112.000,-42.000,18.000
pipeline_b_degraded_link_operator_scene_v1,7,0.700,bike_01,bike,1,1,101,45.595,-17.706,0.000
pipeline_b_degraded_link_operator_scene_v1,7,0.700,cow_01,cow,0,0,,82.000,28.000,0.000
pipeline_b_degraded_link_operator_scene_v1,7,0.700,tower_01,tower,1,1,501,112.000,-42.000,18.000
pipeline_b_degraded_link_operator_scene_v1,8,0.800,bike_01,bike,1,1,101,45.680,-17.664,0.000
pipeline_b_degraded_link_operator_scene_v1,8,0.800,cow_01,cow,0,0,,82.000,28.000,0.000
pipeline_b_degraded_link_operator_scene_v1,8,0.800,tower_01,tower,1,1,501,112.000,-42.000,18.000
pipeline_b_degraded_link_operator_scene_v1,9,0.900,bike_01,bike,1,1,101,45.765,-17.622,0.000
pipeline_b_degraded_link_operator_scene_v1,9,0.900,cow_01,cow,0,0,,82.000,28.000,0.000
pipeline_b_degraded_link_operator_scene_v1,9,0.900,tower_01,tower,1,1,501,112.000,-42.000,18.000
pipeline_b_degraded_link_operator_scene_v1,10,1.000,bike_01,bike,1,1,101,45.850,-17.580,0.000
pipeline_b_degraded_link_operator_scene_v1,10,1.000,cow_01,cow,0,0,,82.000,28.000,0.000
pipeline_b_degraded_link_operator_scene_v1,10,1.000,tower_01,tower,1,1,501,112.000,-42.000,18.000
pipeline_b_degraded_link_operator_scene_v1,11,1.100,bike_01,bike,1,1,101,45.935,-17.538,0.000
pipeline_b_degraded_link_operator_scene_v1,11,1.100,cow_01,cow,0,0,,82.000,28.000,0.000
pipeline_b_degraded_link_operator_scene_v1,11,1.100,tower_01,tower,1,1,501,112.000,-42.000,18.000
pipeline_b_degraded_link_operator_scene_v1,12,1.200,bike_01,bike,1,1,101,46.020,-17.496,0.000
pipeline_b_degraded_link_operator_scene_v1,12,1.200,cow_01,cow,0,0,,82.000,28.000,0.000
pipeline_b_degraded_link_operator_scene_v1,12,1.200,tower_01,tower,1,1,501,112.000,-42.000,18.000
pipeline_b_degraded_link_operator_scene_v1,13,1.300,bike_01,bike,1,1,101,46.105,-17.454,0.000
pipeline_b_degraded_link_operator_scene_v1,13,1.300,cow_01,cow,0,0,,82.000,28.000,0.000
pipeline_b_degraded_link_operator_scene_v1,13,1.300,tower_01,tower,1,1,501,112.000,-42.000,18.000
pipeline_b_degraded_link_operator_scene_v1,14,1.400,bike_01,bike,1,1,101,46.190,-17.412,0.000
pipeline_b_degraded_link_operator_scene_v1,14,1.400,cow_01,cow,0,0,,82.000,28.000,0.000
pipeline_b_degraded_link_operator_scene_v1,14,1.400,tower_01,tower,1,1,501,112.000,-42.000,18.000
pipeline_b_degraded_link_operator_scene_v1,15,1.500,bike_01,bike,1,1,101,46.275,-17.370,0.000
pipeline_b_degraded_link_operator_scene_v1,15,1.500,cow_01,cow,0,0,,82.000,28.000,0.000
pipeline_b_degraded_link_operator_scene_v1,15,1.500,tower_01,tower,1,1,501,112.000,-42.000,18.000
pipeline_b_degraded_link_operator_scene_v1,16,1.600,bike_01,bike,1,1,101,46.360,-17.328,0.000
pipeline_b_degraded_link_operator_scene_v1,16,1.600,cow_01,cow,0,0,,82.000,28.000,0.000
pipeline_b_degraded_link_operator_scene_v1,16,1.600,tower_01,tower,1,1,501,112.000,-42.000,18.000
pipeline_b_degraded_link_operator_scene_v1,17,1.700,bike_01,bike,1,1,101,46.445,-17.286,0.000
pipeline_b_degraded_link_operator_scene_v1,17,1.700,cow_01,cow,0,0,,82.000,28.000,0.000
pipeline_b_degraded_link_operator_scene_v1,17,1.700,tower_01,tower,1,1,501,112.000,-42.000,18.000
pipeline_b_degraded_link_operator_scene_v1,18,1.800,bike_01,bike,1,1,101,46.530,-17.244,0.000
pipeline_b_degraded_link_operator_scene_v1,18,1.800,cow_01,cow,0,0,,82.000,28.000,0.000
pipeline_b_degraded_link_operator_scene_v1,18,1.800,tower_01,tower,1,1,501,112.000,-42.000,18.000
pipeline_b_degraded_link_operator_scene_v1,19,1.900,bike_01,bike,1,1,101,46.615,-17.202,0.000
pipeline_b_degraded_link_operator_scene_v1,19,1.900,cow_01,cow,0,0,,82.000,28.000,0.000
pipeline_b_degraded_link_operator_scene_v1,19,1.900,tower_01,tower,1,1,501,112.000,-42.000,18.000
pipeline_b_degraded_link_operator_scene_v1,20,2.000,bike_01,bike,1,1,101,46.700,-17.160,0.000
pipeline_b_degraded_link_operator_scene_v1,20,2.000,cow_01,cow,0,0,,82.000,28.000,0.000
pipeline_b_degraded_link_operator_scene_v1,20,2.000,tower_01,tower,1,1,501,112.000,-42.000,18.000
pipeline_b_degraded_link_operator_scene_v1,21,2.100,bike_01,bike,1,1,101,46.785,-17.118,0.000
pipeline_b_degraded_link_operator_scene_v1,21,2.100,cow_01,cow,0,0,,82.000,28.000,0.000
pipeline_b_degraded_link_operator_scene_v1,21,2.100,tower_01,tower,1,1,501,112.000,-42.000,18.000
pipeline_b_degraded_link_operator_scene_v1,22,2.200,bike_01,bike,1,1,101,46.870,-17.076,0.000
pipeline_b_degraded_link_operator_scene_v1,22,2.200,cow_01,cow,0,0,,82.000,28.000,0.000
pipeline_b_degraded_link_operator_scene_v1,22,2.200,tower_01,tower,1,1,501,112.000,-42.000,18.000
pipeline_b_degraded_link_operator_scene_v1,23,2.300,bike_01,bike,1,1,101,46.955,-17.034,0.000
pipeline_b_degraded_link_operator_scene_v1,23,2.300,cow_01,cow,0,0,,82.000,28.000,0.000
pipeline_b_degraded_link_operator_scene_v1,23,2.300,tower_01,tower,1,1,501,112.000,-42.000,18.000
pipeline_b_degraded_link_operator_scene_v1,24,2.400,bike_01,bike,1,1,101,47.040,-16.992,0.000
pipeline_b_degraded_link_operator_scene_v1,24,2.400,cow_01,cow,0,0,,82.000,28.000,0.000
pipeline_b_degraded_link_operator_scene_v1,24,2.400,tower_01,tower,1,1,501,112.000,-42.000,18.000
pipeline_b_degraded_link_operator_scene_v1,25,2.500,bike_01,bike,1,1,101,47.125,-16.950,0.000
pipeline_b_degraded_link_operator_scene_v1,25,2.500,cow_01,cow,0,0,,82.000,28.000,0.000
pipeline_b_degraded_link_operator_scene_v1,25,2.500,tower_01,tower,1,1,501,112.000,-42.000,18.000
pipeline_b_degraded_link_operator_scene_v1,26,2.600,bike_01,bike,1,1,101,47.210,-16.908,0.000
pipeline_b_degraded_link_operator_scene_v1,26,2.600,cow_01,cow,0,0,,82.000,28.000,0.000
pipeline_b_degraded_link_operator_scene_v1,26,2.600,tower_01,tower,1,1,501,112.000,-42.000,18.000
pipeline_b_degraded_link_operator_scene_v1,27,2.700,bike_01,bike,1,1,101,47.295,-16.866,0.000
pipeline_b_degraded_link_operator_scene_v1,27,2.700,cow_01,cow,0,0,,82.000,28.000,0.000
pipeline_b_degraded_link_operator_scene_v1,27,2.700,tower_01,tower,1,1,501,112.000,-42.000,18.000
pipeline_b_degraded_link_operator_scene_v1,28,2.800,bike_01,bike,1,1,101,47.380,-16.824,0.000
pipeline_b_degraded_link_operator_scene_v1,28,2.800,cow_01,cow,0,0,,82.000,28.000,0.000
pipeline_b_degraded_link_operator_scene_v1,28,2.800,tower_01,tower,1,1,501,112.000,-42.000,18.000
pipeline_b_degraded_link_operator_scene_v1,29,2.900,bike_01,bike,1,1,101,47.465,-16.782,0.000
pipeline_b_degraded_link_operator_scene_v1,29,2.900,cow_01,cow,0,0,,82.000,28.000,0.000
pipeline_b_degraded_link_operator_scene_v1,29,2.900,tower_01,tower,1,1,501,112.000,-42.000,18.000
pipeline_b_degraded_link_operator_scene_v1,30,3.000,bike_01,bike,1,1,101,47.550,-16.740,0.000
pipeline_b_degraded_link_operator_scene_v1,30,3.000,cow_01,cow,0,0,,82.000,28.000,0.000
pipeline_b_degraded_link_operator_scene_v1,30,3.000,tower_01,tower,1,1,501,112.000,-42.000,18.000
pipeline_b_degraded_link_operator_scene_v1,31,3.100,bike_01,bike,1,1,101,47.635,-16.698,0.000
pipeline_b_degraded_link_operator_scene_v1,31,3.100,cow_01,cow,0,0,,82.000,28.000,0.000
pipeline_b_degraded_link_operator_scene_v1,31,3.100,tower_01,tower,1,1,501,112.000,-42.000,18.000
pipeline_b_degraded_link_operator_scene_v1,32,3.200,bike_01,bike,1,1,101,47.720,-16.656,0.000
pipeline_b_degraded_link_operator_scene_v1,32,3.200,cow_01,cow,0,0,,82.000,28.000,0.000
pipeline_b_degraded_link_operator_scene_v1,32,3.200,tower_01,tower,1,1,501,112.000,-42.000,18.000
pipeline_b_degraded_link_operator_scene_v1,33,3.300,bike_01,bike,1,1,101,47.805,-16.614,0.000
pipeline_b_degraded_link_operator_scene_v1,33,3.300,cow_01,cow,0,0,,82.000,28.000,0.000
pipeline_b_degraded_link_operator_scene_v1,33,3.300,tower_01,tower,1,1,501,112.000,-42.000,18.000
pipeline_b_degraded_link_operator_scene_v1,34,3.400,bike_01,bike,1,1,101,47.890,-16.572,0.000
pipeline_b_degraded_link_operator_scene_v1,34,3.400,cow_01,cow,0,0,,82.000,28.000,0.000
pipeline_b_degraded_link_operator_scene_v1,34,3.400,tower_01,tower,1,1,501,112.000,-42.000,18.000
pipeline_b_degraded_link_operator_scene_v1,35,3.500,bike_01,bike,1,1,101,47.975,-16.530,0.000
pipeline_b_degraded_link_operator_scene_v1,35,3.500,cow_01,cow,0,0,,82.000,28.000,0.000
pipeline_b_degraded_link_operator_scene_v1,35,3.500,tower_01,tower,1,1,501,112.000,-42.000,18.000
pipeline_b_degraded_link_operator_scene_v1,36,3.600,bike_01,bike,1,1,101,48.060,-16.488,0.000
pipeline_b_degraded_link_operator_scene_v1,36,3.600,cow_01,cow,0,0,,82.000,28.000,0.000
pipeline_b_degraded_link_operator_scene_v1,36,3.600,tower_01,tower,1,1,501,112.000,-42.000,18.000
pipeline_b_degraded_link_operator_scene_v1,37,3.700,bike_01,bike,1,1,101,48.145,-16.446,0.000
pipeline_b_degraded_link_operator_scene_v1,37,3.700,cow_01,cow,0,0,,82.000,28.000,0.000
pipeline_b_degraded_link_operator_scene_v1,37,3.700,tower_01,tower,1,1,501,112.000,-42.000,18.000
pipeline_b_degraded_link_operator_scene_v1,38,3.800,bike_01,bike,1,1,101,48.230,-16.404,0.000
pipeline_b_degraded_link_operator_scene_v1,38,3.800,cow_01,cow,0,0,,82.000,28.000,0.000
pipeline_b_degraded_link_operator_scene_v1,38,3.800,tower_01,tower,1,1,501,112.000,-42.000,18.000
pipeline_b_degraded_link_operator_scene_v1,39,3.900,bike_01,bike,1,1,101,48.315,-16.362,0.000
pipeline_b_degraded_link_operator_scene_v1,39,3.900,cow_01,cow,0,0,,82.000,28.000,0.000
pipeline_b_degraded_link_operator_scene_v1,39,3.900,tower_01,tower,1,1,501,112.000,-42.000,18.000
pipeline_b_degraded_link_operator_scene_v1,40,4.000,bike_01,bike,1,1,101,48.400,-16.320,0.000
pipeline_b_degraded_link_operator_scene_v1,40,4.000,cow_01,cow,0,0,,82.000,28.000,0.000
pipeline_b_degraded_link_operator_scene_v1,40,4.000,tower_01,tower,1,1,501,112.000,-42.000,18.000
pipeline_b_degraded_link_operator_scene_v1,41,4.100,bike_01,bike,1,1,101,48.485,-16.278,0.000
pipeline_b_degraded_link_operator_scene_v1,41,4.100,cow_01,cow,0,0,,82.000,28.000,0.000
pipeline_b_degraded_link_operator_scene_v1,41,4.100,tower_01,tower,1,1,501,112.000,-42.000,18.000
pipeline_b_degraded_link_operator_scene_v1,42,4.200,bike_01,bike,1,1,101,48.570,-16.236,0.000
pipeline_b_degraded_link_operator_scene_v1,42,4.200,cow_01,cow,0,0,,82.000,28.000,0.000
pipeline_b_degraded_link_operator_scene_v1,42,4.200,tower_01,tower,1,1,501,112.000,-42.000,18.000
pipeline_b_degraded_link_operator_scene_v1,43,4.300,bike_01,bike,1,1,101,48.655,-16.194,0.000
pipeline_b_degraded_link_operator_scene_v1,43,4.300,cow_01,cow,0,0,,82.000,28.000,0.000
pipeline_b_degraded_link_operator_scene_v1,43,4.300,tower_01,tower,1,1,501,112.000,-42.000,18.000
pipeline_b_degraded_link_operator_scene_v1,44,4.400,bike_01,bike,1,1,101,48.740,-16.152,0.000
pipeline_b_degraded_link_operator_scene_v1,44,4.400,cow_01,cow,0,0,,82.000,28.000,0.000
pipeline_b_degraded_link_operator_scene_v1,44,4.400,tower_01,tower,1,1,501,112.000,-42.000,18.000
pipeline_b_degraded_link_operator_scene_v1,45,4.500,bike_01,bike,1,1,101,48.825,-16.110,0.000
pipeline_b_degraded_link_operator_scene_v1,45,4.500,cow_01,cow,0,0,,82.000,28.000,0.000
pipeline_b_degraded_link_operator_scene_v1,45,4.500,tower_01,tower,1,1,501,112.000,-42.000,18.000
pipeline_b_degraded_link_operator_scene_v1,46,4.600,bike_01,bike,1,1,101,48.910,-16.068,0.000
pipeline_b_degraded_link_operator_scene_v1,46,4.600,cow_01,cow,0,0,,82.000,28.000,0.000
pipeline_b_degraded_link_operator_scene_v1,46,4.600,tower_01,tower,1,1,501,112.000,-42.000,18.000
pipeline_b_degraded_link_operator_scene_v1,47,4.700,bike_01,bike,1,1,101,48.995,-16.026,0.000
pipeline_b_degraded_link_operator_scene_v1,47,4.700,cow_01,cow,0,0,,82.000,28.000,0.000
pipeline_b_degraded_link_operator_scene_v1,47,4.700,tower_01,tower,1,1,501,112.000,-42.000,18.000
pipeline_b_degraded_link_operator_scene_v1,48,4.800,bike_01,bike,1,1,101,49.080,-15.984,0.000
pipeline_b_degraded_link_operator_scene_v1,48,4.800,cow_01,cow,0,0,,82.000,28.000,0.000
pipeline_b_degraded_link_operator_scene_v1,48,4.800,tower_01,tower,1,1,501,112.000,-42.000,18.000
pipeline_b_degraded_link_operator_scene_v1,49,4.900,bike_01,bike,1,1,101,49.165,-15.942,0.000
pipeline_b_degraded_link_operator_scene_v1,49,4.900,cow_01,cow,0,0,,82.000,28.000,0.000
pipeline_b_degraded_link_operator_scene_v1,49,4.900,tower_01,tower,1,1,501,112.000,-42.000,18.000
pipeline_b_degraded_link_operator_scene_v1,50,5.000,bike_01,bike,1,1,101,49.250,-15.900,0.000
pipeline_b_degraded_link_operator_scene_v1,50,5.000,cow_01,cow,0,0,,82.000,28.000,0.000
pipeline_b_degraded_link_operator_scene_v1,50,5.000,tower_01,tower,1,1,501,112.000,-42.000,18.000
pipeline_b_degraded_link_operator_scene_v1,51,5.100,bike_01,bike,1,1,101,49.335,-15.858,0.000
pipeline_b_degraded_link_operator_scene_v1,51,5.100,cow_01,cow,0,0,,82.000,28.000,0.000
pipeline_b_degraded_link_operator_scene_v1,51,5.100,tower_01,tower,1,1,501,112.000,-42.000,18.000
pipeline_b_degraded_link_operator_scene_v1,52,5.200,bike_01,bike,1,1,101,49.420,-15.816,0.000
pipeline_b_degraded_link_operator_scene_v1,52,5.200,cow_01,cow,0,0,,82.000,28.000,0.000
pipeline_b_degraded_link_operator_scene_v1,52,5.200,tower_01,tower,1,1,501,112.000,-42.000,18.000
pipeline_b_degraded_link_operator_scene_v1,53,5.300,bike_01,bike,1,1,101,49.505,-15.774,0.000
pipeline_b_degraded_link_operator_scene_v1,53,5.300,cow_01,cow,0,0,,82.000,28.000,0.000
pipeline_b_degraded_link_operator_scene_v1,53,5.300,tower_01,tower,1,1,501,112.000,-42.000,18.000
pipeline_b_degraded_link_operator_scene_v1,54,5.400,bike_01,bike,1,1,101,49.590,-15.732,0.000
pipeline_b_degraded_link_operator_scene_v1,54,5.400,cow_01,cow,0,0,,82.000,28.000,0.000
pipeline_b_degraded_link_operator_scene_v1,54,5.400,tower_01,tower,1,1,501,112.000,-42.000,18.000
pipeline_b_degraded_link_operator_scene_v1,55,5.500,bike_01,bike,1,1,101,49.675,-15.690,0.000
pipeline_b_degraded_link_operator_scene_v1,55,5.500,cow_01,cow,0,0,,82.000,28.000,0.000
pipeline_b_degraded_link_operator_scene_v1,55,5.500,tower_01,tower,1,1,501,112.000,-42.000,18.000
pipeline_b_degraded_link_operator_scene_v1,56,5.600,bike_01,bike,1,1,101,49.760,-15.648,0.000
pipeline_b_degraded_link_operator_scene_v1,56,5.600,cow_01,cow,0,0,,82.000,28.000,0.000
pipeline_b_degraded_link_operator_scene_v1,56,5.600,tower_01,tower,1,1,501,112.000,-42.000,18.000
pipeline_b_degraded_link_operator_scene_v1,57,5.700,bike_01,bike,1,1,101,49.845,-15.606,0.000
pipeline_b_degraded_link_operator_scene_v1,57,5.700,cow_01,cow,0,0,,82.000,28.000,0.000
pipeline_b_degraded_link_operator_scene_v1,57,5.700,tower_01,tower,1,1,501,112.000,-42.000,18.000
pipeline_b_degraded_link_operator_scene_v1,58,5.800,bike_01,bike,1,1,101,49.930,-15.564,0.000
pipeline_b_degraded_link_operator_scene_v1,58,5.800,cow_01,cow,0,0,,82.000,28.000,0.000
pipeline_b_degraded_link_operator_scene_v1,58,5.800,tower_01,tower,1,1,501,112.000,-42.000,18.000
pipeline_b_degraded_link_operator_scene_v1,59,5.900,bike_01,bike,1,1,101,50.015,-15.522,0.000
pipeline_b_degraded_link_operator_scene_v1,59,5.900,cow_01,cow,0,0,,82.000,28.000,0.000
pipeline_b_degraded_link_operator_scene_v1,59,5.900,tower_01,tower,1,1,501,112.000,-42.000,18.000
pipeline_b_degraded_link_operator_scene_v1,60,6.000,bike_01,bike,1,1,101,50.100,-15.480,0.000
pipeline_b_degraded_link_operator_scene_v1,60,6.000,cow_01,cow,0,0,,82.000,28.000,0.000
pipeline_b_degraded_link_operator_scene_v1,60,6.000,tower_01,tower,1,1,501,112.000,-42.000,18.000
pipeline_b_degraded_link_operator_scene_v1,61,6.100,bike_01,bike,1,1,101,50.185,-15.438,0.000
pipeline_b_degraded_link_operator_scene_v1,61,6.100,cow_01,cow,0,0,,82.000,28.000,0.000
pipeline_b_degraded_link_operator_scene_v1,61,6.100,tower_01,tower,1,1,501,112.000,-42.000,18.000
pipeline_b_degraded_link_operator_scene_v1,62,6.200,bike_01,bike,1,1,101,50.270,-15.396,0.000
pipeline_b_degraded_link_operator_scene_v1,62,6.200,cow_01,cow,0,0,,82.000,28.000,0.000
pipeline_b_degraded_link_operator_scene_v1,62,6.200,tower_01,tower,1,1,501,112.000,-42.000,18.000
pipeline_b_degraded_link_operator_scene_v1,63,6.300,bike_01,bike,1,1,101,50.355,-15.354,0.000
pipeline_b_degraded_link_operator_scene_v1,63,6.300,cow_01,cow,0,0,,82.000,28.000,0.000
pipeline_b_degraded_link_operator_scene_v1,63,6.300,tower_01,tower,1,1,501,112.000,-42.000,18.000
pipeline_b_degraded_link_operator_scene_v1,64,6.400,bike_01,bike,1,1,101,50.440,-15.312,0.000
pipeline_b_degraded_link_operator_scene_v1,64,6.400,cow_01,cow,0,0,,82.000,28.000,0.000
pipeline_b_degraded_link_operator_scene_v1,64,6.400,tower_01,tower,1,1,501,112.000,-42.000,18.000
pipeline_b_degraded_link_operator_scene_v1,65,6.500,bike_01,bike,1,1,101,50.525,-15.270,0.000
pipeline_b_degraded_link_operator_scene_v1,65,6.500,cow_01,cow,0,0,,82.000,28.000,0.000
pipeline_b_degraded_link_operator_scene_v1,65,6.500,tower_01,tower,1,1,501,112.000,-42.000,18.000
pipeline_b_degraded_link_operator_scene_v1,66,6.600,bike_01,bike,1,1,101,50.610,-15.228,0.000
pipeline_b_degraded_link_operator_scene_v1,66,6.600,cow_01,cow,0,0,,82.000,28.000,0.000
pipeline_b_degraded_link_operator_scene_v1,66,6.600,tower_01,tower,1,1,501,112.000,-42.000,18.000
pipeline_b_degraded_link_operator_scene_v1,67,6.700,bike_01,bike,1,1,101,50.695,-15.186,0.000
pipeline_b_degraded_link_operator_scene_v1,67,6.700,cow_01,cow,0,0,,82.000,28.000,0.000
pipeline_b_degraded_link_operator_scene_v1,67,6.700,tower_01,tower,1,1,501,112.000,-42.000,18.000
pipeline_b_degraded_link_operator_scene_v1,68,6.800,bike_01,bike,1,1,101,50.780,-15.144,0.000
pipeline_b_degraded_link_operator_scene_v1,68,6.800,cow_01,cow,0,0,,82.000,28.000,0.000
pipeline_b_degraded_link_operator_scene_v1,68,6.800,tower_01,tower,1,1,501,112.000,-42.000,18.000
pipeline_b_degraded_link_operator_scene_v1,69,6.900,bike_01,bike,1,1,101,50.865,-15.102,0.000
pipeline_b_degraded_link_operator_scene_v1,69,6.900,cow_01,cow,0,0,,82.000,28.000,0.000
pipeline_b_degraded_link_operator_scene_v1,69,6.900,tower_01,tower,1,1,501,112.000,-42.000,18.000
pipeline_b_degraded_link_operator_scene_v1,70,7.000,bike_01,bike,1,1,101,50.950,-15.060,0.000
pipeline_b_degraded_link_operator_scene_v1,70,7.000,cow_01,cow,0,0,,82.000,28.000,0.000
pipeline_b_degraded_link_operator_scene_v1,70,7.000,tower_01,tower,1,1,501,112.000,-42.000,18.000
pipeline_b_degraded_link_operator_scene_v1,71,7.100,bike_01,bike,1,1,101,51.035,-15.018,0.000
pipeline_b_degraded_link_operator_scene_v1,71,7.100,cow_01,cow,0,0,,82.000,28.000,0.000
pipeline_b_degraded_link_operator_scene_v1,71,7.100,tower_01,tower,1,1,501,112.000,-42.000,18.000
pipeline_b_degraded_link_operator_scene_v1,72,7.200,bike_01,bike,1,1,101,51.120,-14.976,0.000
pipeline_b_degraded_link_operator_scene_v1,72,7.200,cow_01,cow,0,0,,82.000,28.000,0.000
pipeline_b_degraded_link_operator_scene_v1,72,7.200,tower_01,tower,1,1,501,112.000,-42.000,18.000
pipeline_b_degraded_link_operator_scene_v1,73,7.300,bike_01,bike,1,1,101,51.205,-14.934,0.000
pipeline_b_degraded_link_operator_scene_v1,73,7.300,cow_01,cow,0,0,,82.000,28.000,0.000
pipeline_b_degraded_link_operator_scene_v1,73,7.300,tower_01,tower,1,1,501,112.000,-42.000,18.000
pipeline_b_degraded_link_operator_scene_v1,74,7.400,bike_01,bike,1,1,101,51.290,-14.892,0.000
pipeline_b_degraded_link_operator_scene_v1,74,7.400,cow_01,cow,0,0,,82.000,28.000,0.000
pipeline_b_degraded_link_operator_scene_v1,74,7.400,tower_01,tower,1,1,501,112.000,-42.000,18.000
pipeline_b_degraded_link_operator_scene_v1,75,7.500,bike_01,bike,1,1,101,51.375,-14.850,0.000
pipeline_b_degraded_link_operator_scene_v1,75,7.500,cow_01,cow,0,0,,82.000,28.000,0.000
pipeline_b_degraded_link_operator_scene_v1,75,7.500,tower_01,tower,1,1,501,112.000,-42.000,18.000
pipeline_b_degraded_link_operator_scene_v1,76,7.600,bike_01,bike,1,1,101,51.460,-14.808,0.000
pipeline_b_degraded_link_operator_scene_v1,76,7.600,cow_01,cow,0,0,,82.000,28.000,0.000
pipeline_b_degraded_link_operator_scene_v1,76,7.600,tower_01,tower,1,1,501,112.000,-42.000,18.000
pipeline_b_degraded_link_operator_scene_v1,77,7.700,bike_01,bike,1,1,101,51.545,-14.766,0.000
pipeline_b_degraded_link_operator_scene_v1,77,7.700,cow_01,cow,0,0,,82.000,28.000,0.000
pipeline_b_degraded_link_operator_scene_v1,77,7.700,tower_01,tower,1,1,501,112.000,-42.000,18.000
pipeline_b_degraded_link_operator_scene_v1,78,7.800,bike_01,bike,1,1,101,51.630,-14.724,0.000
pipeline_b_degraded_link_operator_scene_v1,78,7.800,cow_01,cow,0,0,,82.000,28.000,0.000
pipeline_b_degraded_link_operator_scene_v1,78,7.800,tower_01,tower,1,1,501,112.000,-42.000,18.000
pipeline_b_degraded_link_operator_scene_v1,79,7.900,bike_01,bike,1,1,101,51.715,-14.682,0.000
pipeline_b_degraded_link_operator_scene_v1,79,7.900,cow_01,cow,0,0,,82.000,28.000,0.000
pipeline_b_degraded_link_operator_scene_v1,79,7.900,tower_01,tower,1,1,501,112.000,-42.000,18.000
pipeline_b_degraded_link_operator_scene_v1,80,8.000,bike_01,bike,1,1,101,51.800,-14.640,0.000
pipeline_b_degraded_link_operator_scene_v1,80,8.000,cow_01,cow,1,1,301,82.000,28.000,0.000
pipeline_b_degraded_link_operator_scene_v1,80,8.000,tower_01,tower,1,1,501,112.000,-42.000,18.000
pipeline_b_degraded_link_operator_scene_v1,81,8.100,bike_01,bike,1,1,101,51.885,-14.598,0.000
pipeline_b_degraded_link_operator_scene_v1,81,8.100,cow_01,cow,1,1,301,81.978,28.012,0.000
pipeline_b_degraded_link_operator_scene_v1,81,8.100,tower_01,tower,1,1,501,112.000,-42.000,18.000
pipeline_b_degraded_link_operator_scene_v1,82,8.200,bike_01,bike,1,1,101,51.970,-14.556,0.000
pipeline_b_degraded_link_operator_scene_v1,82,8.200,cow_01,cow,1,1,301,81.956,28.024,0.000
pipeline_b_degraded_link_operator_scene_v1,82,8.200,tower_01,tower,1,1,501,112.000,-42.000,18.000
pipeline_b_degraded_link_operator_scene_v1,83,8.300,bike_01,bike,1,1,101,52.055,-14.514,0.000
pipeline_b_degraded_link_operator_scene_v1,83,8.300,cow_01,cow,1,1,301,81.934,28.036,0.000
pipeline_b_degraded_link_operator_scene_v1,83,8.300,tower_01,tower,1,1,501,112.000,-42.000,18.000
pipeline_b_degraded_link_operator_scene_v1,84,8.400,bike_01,bike,1,1,101,52.140,-14.472,0.000
pipeline_b_degraded_link_operator_scene_v1,84,8.400,cow_01,cow,1,1,301,81.912,28.048,0.000
pipeline_b_degraded_link_operator_scene_v1,84,8.400,tower_01,tower,1,1,501,112.000,-42.000,18.000
pipeline_b_degraded_link_operator_scene_v1,85,8.500,bike_01,bike,1,1,101,52.225,-14.430,0.000
pipeline_b_degraded_link_operator_scene_v1,85,8.500,cow_01,cow,1,1,301,81.890,28.060,0.000
pipeline_b_degraded_link_operator_scene_v1,85,8.500,tower_01,tower,1,1,501,112.000,-42.000,18.000
pipeline_b_degraded_link_operator_scene_v1,86,8.600,bike_01,bike,1,1,101,52.310,-14.388,0.000
pipeline_b_degraded_link_operator_scene_v1,86,8.600,cow_01,cow,1,1,301,81.868,28.072,0.000
pipeline_b_degraded_link_operator_scene_v1,86,8.600,tower_01,tower,1,1,501,112.000,-42.000,18.000
pipeline_b_degraded_link_operator_scene_v1,87,8.700,bike_01,bike,1,1,101,52.395,-14.346,0.000
pipeline_b_degraded_link_operator_scene_v1,87,8.700,cow_01,cow,1,1,301,81.846,28.084,0.000
pipeline_b_degraded_link_operator_scene_v1,87,8.700,tower_01,tower,1,1,501,112.000,-42.000,18.000
pipeline_b_degraded_link_operator_scene_v1,88,8.800,bike_01,bike,1,1,101,52.480,-14.304,0.000
pipeline_b_degraded_link_operator_scene_v1,88,8.800,cow_01,cow,1,1,301,81.824,28.096,0.000
pipeline_b_degraded_link_operator_scene_v1,88,8.800,tower_01,tower,1,1,501,112.000,-42.000,18.000
pipeline_b_degraded_link_operator_scene_v1,89,8.900,bike_01,bike,1,1,101,52.565,-14.262,0.000
pipeline_b_degraded_link_operator_scene_v1,89,8.900,cow_01,cow,1,1,301,81.802,28.108,0.000
pipeline_b_degraded_link_operator_scene_v1,89,8.900,tower_01,tower,1,1,501,112.000,-42.000,18.000
pipeline_b_degraded_link_operator_scene_v1,90,9.000,bike_01,bike,1,1,101,52.650,-14.220,0.000
pipeline_b_degraded_link_operator_scene_v1,90,9.000,cow_01,cow,1,1,301,81.780,28.120,0.000
pipeline_b_degraded_link_operator_scene_v1,90,9.000,tower_01,tower,1,1,501,112.000,-42.000,18.000
pipeline_b_degraded_link_operator_scene_v1,91,9.100,bike_01,bike,1,1,101,52.735,-14.178,0.000
pipeline_b_degraded_link_operator_scene_v1,91,9.100,cow_01,cow,1,1,301,81.758,28.132,0.000
pipeline_b_degraded_link_operator_scene_v1,91,9.100,tower_01,tower,1,1,501,112.000,-42.000,18.000
pipeline_b_degraded_link_operator_scene_v1,92,9.200,bike_01,bike,1,1,101,52.820,-14.136,0.000
pipeline_b_degraded_link_operator_scene_v1,92,9.200,cow_01,cow,1,1,301,81.736,28.144,0.000
pipeline_b_degraded_link_operator_scene_v1,92,9.200,tower_01,tower,1,1,501,112.000,-42.000,18.000
pipeline_b_degraded_link_operator_scene_v1,93,9.300,bike_01,bike,1,1,101,52.905,-14.094,0.000
pipeline_b_degraded_link_operator_scene_v1,93,9.300,cow_01,cow,1,1,301,81.714,28.156,0.000
pipeline_b_degraded_link_operator_scene_v1,93,9.300,tower_01,tower,1,1,501,112.000,-42.000,18.000
pipeline_b_degraded_link_operator_scene_v1,94,9.400,bike_01,bike,1,1,101,52.990,-14.052,0.000
pipeline_b_degraded_link_operator_scene_v1,94,9.400,cow_01,cow,1,1,301,81.692,28.168,0.000
pipeline_b_degraded_link_operator_scene_v1,94,9.400,tower_01,tower,1,1,501,112.000,-42.000,18.000
pipeline_b_degraded_link_operator_scene_v1,95,9.500,bike_01,bike,1,1,101,53.075,-14.010,0.000
pipeline_b_degraded_link_operator_scene_v1,95,9.500,cow_01,cow,1,1,301,81.670,28.180,0.000
pipeline_b_degraded_link_operator_scene_v1,95,9.500,tower_01,tower,1,1,501,112.000,-42.000,18.000
pipeline_b_degraded_link_operator_scene_v1,96,9.600,bike_01,bike,1,1,101,53.160,-13.968,0.000
pipeline_b_degraded_link_operator_scene_v1,96,9.600,cow_01,cow,1,1,301,81.648,28.192,0.000
pipeline_b_degraded_link_operator_scene_v1,96,9.600,tower_01,tower,1,1,501,112.000,-42.000,18.000
pipeline_b_degraded_link_operator_scene_v1,97,9.700,bike_01,bike,1,1,101,53.245,-13.926,0.000
pipeline_b_degraded_link_operator_scene_v1,97,9.700,cow_01,cow,1,1,301,81.626,28.204,0.000
pipeline_b_degraded_link_operator_scene_v1,97,9.700,tower_01,tower,1,1,501,112.000,-42.000,18.000
pipeline_b_degraded_link_operator_scene_v1,98,9.800,bike_01,bike,1,1,101,53.330,-13.884,0.000
pipeline_b_degraded_link_operator_scene_v1,98,9.800,cow_01,cow,1,1,301,81.604,28.216,0.000
pipeline_b_degraded_link_operator_scene_v1,98,9.800,tower_01,tower,1,1,501,112.000,-42.000,18.000
pipeline_b_degraded_link_operator_scene_v1,99,9.900,bike_01,bike,1,1,101,53.415,-13.842,0.000
pipeline_b_degraded_link_operator_scene_v1,99,9.900,cow_01,cow,1,1,301,81.582,28.228,0.000
pipeline_b_degraded_link_operator_scene_v1,99,9.900,tower_01,tower,1,1,501,112.000,-42.000,18.000
pipeline_b_degraded_link_operator_scene_v1,100,10.000,bike_01,bike,1,1,101,53.500,-13.800,0.000
pipeline_b_degraded_link_operator_scene_v1,100,10.000,cow_01,cow,1,1,301,81.560,28.240,0.000
pipeline_b_degraded_link_operator_scene_v1,100,10.000,tower_01,tower,1,1,501,112.000,-42.000,18.000
pipeline_b_degraded_link_operator_scene_v1,101,10.100,bike_01,bike,1,1,101,53.585,-13.758,0.000
pipeline_b_degraded_link_operator_scene_v1,101,10.100,cow_01,cow,1,1,301,81.538,28.252,0.000
pipeline_b_degraded_link_operator_scene_v1,101,10.100,tower_01,tower,1,1,501,112.000,-42.000,18.000
pipeline_b_degraded_link_operator_scene_v1,102,10.200,bike_01,bike,1,1,101,53.670,-13.716,0.000
pipeline_b_degraded_link_operator_scene_v1,102,10.200,cow_01,cow,1,1,301,81.516,28.264,0.000
pipeline_b_degraded_link_operator_scene_v1,102,10.200,tower_01,tower,1,1,501,112.000,-42.000,18.000
pipeline_b_degraded_link_operator_scene_v1,103,10.300,bike_01,bike,1,1,101,53.755,-13.674,0.000
pipeline_b_degraded_link_operator_scene_v1,103,10.300,cow_01,cow,1,1,301,81.494,28.276,0.000
pipeline_b_degraded_link_operator_scene_v1,103,10.300,tower_01,tower,1,1,501,112.000,-42.000,18.000
pipeline_b_degraded_link_operator_scene_v1,104,10.400,bike_01,bike,1,1,101,53.840,-13.632,0.000
pipeline_b_degraded_link_operator_scene_v1,104,10.400,cow_01,cow,1,1,301,81.472,28.288,0.000
pipeline_b_degraded_link_operator_scene_v1,104,10.400,tower_01,tower,1,1,501,112.000,-42.000,18.000
pipeline_b_degraded_link_operator_scene_v1,105,10.500,bike_01,bike,1,1,101,53.925,-13.590,0.000
pipeline_b_degraded_link_operator_scene_v1,105,10.500,cow_01,cow,1,1,301,81.450,28.300,0.000
pipeline_b_degraded_link_operator_scene_v1,105,10.500,tower_01,tower,1,1,501,112.000,-42.000,18.000
pipeline_b_degraded_link_operator_scene_v1,106,10.600,bike_01,bike,1,1,101,54.010,-13.548,0.000
pipeline_b_degraded_link_operator_scene_v1,106,10.600,cow_01,cow,1,1,301,81.428,28.312,0.000
pipeline_b_degraded_link_operator_scene_v1,106,10.600,tower_01,tower,1,1,501,112.000,-42.000,18.000
pipeline_b_degraded_link_operator_scene_v1,107,10.700,bike_01,bike,1,1,101,54.095,-13.506,0.000
pipeline_b_degraded_link_operator_scene_v1,107,10.700,cow_01,cow,1,1,301,81.406,28.324,0.000
pipeline_b_degraded_link_operator_scene_v1,107,10.700,tower_01,tower,1,1,501,112.000,-42.000,18.000
pipeline_b_degraded_link_operator_scene_v1,108,10.800,bike_01,bike,1,1,101,54.180,-13.464,0.000
pipeline_b_degraded_link_operator_scene_v1,108,10.800,cow_01,cow,1,1,301,81.384,28.336,0.000
pipeline_b_degraded_link_operator_scene_v1,108,10.800,tower_01,tower,1,1,501,112.000,-42.000,18.000
pipeline_b_degraded_link_operator_scene_v1,109,10.900,bike_01,bike,1,1,101,54.265,-13.422,0.000
pipeline_b_degraded_link_operator_scene_v1,109,10.900,cow_01,cow,1,1,301,81.362,28.348,0.000
pipeline_b_degraded_link_operator_scene_v1,109,10.900,tower_01,tower,1,1,501,112.000,-42.000,18.000
pipeline_b_degraded_link_operator_scene_v1,110,11.000,bike_01,bike,1,1,101,54.350,-13.380,0.000
pipeline_b_degraded_link_operator_scene_v1,110,11.000,cow_01,cow,1,1,301,81.340,28.360,0.000
pipeline_b_degraded_link_operator_scene_v1,110,11.000,tower_01,tower,1,1,501,112.000,-42.000,18.000
pipeline_b_degraded_link_operator_scene_v1,111,11.100,bike_01,bike,1,1,101,54.435,-13.338,0.000
pipeline_b_degraded_link_operator_scene_v1,111,11.100,cow_01,cow,1,1,301,81.318,28.372,0.000
pipeline_b_degraded_link_operator_scene_v1,111,11.100,tower_01,tower,1,1,501,112.000,-42.000,18.000
pipeline_b_degraded_link_operator_scene_v1,112,11.200,bike_01,bike,1,1,101,54.520,-13.296,0.000
pipeline_b_degraded_link_operator_scene_v1,112,11.200,cow_01,cow,1,1,301,81.296,28.384,0.000
pipeline_b_degraded_link_operator_scene_v1,112,11.200,tower_01,tower,1,1,501,112.000,-42.000,18.000
pipeline_b_degraded_link_operator_scene_v1,113,11.300,bike_01,bike,1,1,101,54.605,-13.254,0.000
pipeline_b_degraded_link_operator_scene_v1,113,11.300,cow_01,cow,1,1,301,81.274,28.396,0.000
pipeline_b_degraded_link_operator_scene_v1,113,11.300,tower_01,tower,1,1,501,112.000,-42.000,18.000
pipeline_b_degraded_link_operator_scene_v1,114,11.400,bike_01,bike,1,1,101,54.690,-13.212,0.000
pipeline_b_degraded_link_operator_scene_v1,114,11.400,cow_01,cow,1,1,301,81.252,28.408,0.000
pipeline_b_degraded_link_operator_scene_v1,114,11.400,tower_01,tower,1,1,501,112.000,-42.000,18.000
pipeline_b_degraded_link_operator_scene_v1,115,11.500,bike_01,bike,1,1,101,54.775,-13.170,0.000
pipeline_b_degraded_link_operator_scene_v1,115,11.500,cow_01,cow,1,1,301,81.230,28.420,0.000
pipeline_b_degraded_link_operator_scene_v1,115,11.500,tower_01,tower,1,1,501,112.000,-42.000,18.000
pipeline_b_degraded_link_operator_scene_v1,116,11.600,bike_01,bike,1,1,101,54.860,-13.128,0.000
pipeline_b_degraded_link_operator_scene_v1,116,11.600,cow_01,cow,1,1,301,81.208,28.432,0.000
pipeline_b_degraded_link_operator_scene_v1,116,11.600,tower_01,tower,1,1,501,112.000,-42.000,18.000
pipeline_b_degraded_link_operator_scene_v1,117,11.700,bike_01,bike,1,1,101,54.945,-13.086,0.000
pipeline_b_degraded_link_operator_scene_v1,117,11.700,cow_01,cow,1,1,301,81.186,28.444,0.000
pipeline_b_degraded_link_operator_scene_v1,117,11.700,tower_01,tower,1,1,501,112.000,-42.000,18.000
pipeline_b_degraded_link_operator_scene_v1,118,11.800,bike_01,bike,1,1,101,55.030,-13.044,0.000
pipeline_b_degraded_link_operator_scene_v1,118,11.800,cow_01,cow,1,1,301,81.164,28.456,0.000
pipeline_b_degraded_link_operator_scene_v1,118,11.800,tower_01,tower,1,1,501,112.000,-42.000,18.000
pipeline_b_degraded_link_operator_scene_v1,119,11.900,bike_01,bike,1,1,101,55.115,-13.002,0.000
pipeline_b_degraded_link_operator_scene_v1,119,11.900,cow_01,cow,1,1,301,81.142,28.468,0.000
pipeline_b_degraded_link_operator_scene_v1,119,11.900,tower_01,tower,1,1,501,112.000,-42.000,18.000
pipeline_b_degraded_link_operator_scene_v1,120,12.000,bike_01,bike,1,1,101,55.200,-12.960,0.000
pipeline_b_degraded_link_operator_scene_v1,120,12.000,cow_01,cow,1,1,301,81.120,28.480,0.000
pipeline_b_degraded_link_operator_scene_v1,120,12.000,tower_01,tower,1,1,501,112.000,-42.000,18.000
pipeline_b_degraded_link_operator_scene_v1,121,12.100,bike_01,bike,1,1,101,55.285,-12.918,0.000
pipeline_b_degraded_link_operator_scene_v1,121,12.100,cow_01,cow,1,1,301,81.098,28.492,0.000
pipeline_b_degraded_link_operator_scene_v1,121,12.100,tower_01,tower,1,1,501,112.000,-42.000,18.000
pipeline_b_degraded_link_operator_scene_v1,122,12.200,bike_01,bike,1,1,101,55.370,-12.876,0.000
pipeline_b_degraded_link_operator_scene_v1,122,12.200,cow_01,cow,1,1,301,81.076,28.504,0.000
pipeline_b_degraded_link_operator_scene_v1,122,12.200,tower_01,tower,1,1,501,112.000,-42.000,18.000
pipeline_b_degraded_link_operator_scene_v1,123,12.300,bike_01,bike,1,1,101,55.455,-12.834,0.000
pipeline_b_degraded_link_operator_scene_v1,123,12.300,cow_01,cow,1,1,301,81.054,28.516,0.000
pipeline_b_degraded_link_operator_scene_v1,123,12.300,tower_01,tower,1,1,501,112.000,-42.000,18.000
pipeline_b_degraded_link_operator_scene_v1,124,12.400,bike_01,bike,1,1,101,55.540,-12.792,0.000
pipeline_b_degraded_link_operator_scene_v1,124,12.400,cow_01,cow,1,1,301,81.032,28.528,0.000
pipeline_b_degraded_link_operator_scene_v1,124,12.400,tower_01,tower,1,1,501,112.000,-42.000,18.000
pipeline_b_degraded_link_operator_scene_v1,125,12.500,bike_01,bike,1,1,101,55.625,-12.750,0.000
pipeline_b_degraded_link_operator_scene_v1,125,12.500,cow_01,cow,1,1,301,81.010,28.540,0.000
pipeline_b_degraded_link_operator_scene_v1,125,12.500,tower_01,tower,1,1,501,112.000,-42.000,18.000
pipeline_b_degraded_link_operator_scene_v1,126,12.600,bike_01,bike,1,1,101,55.710,-12.708,0.000
pipeline_b_degraded_link_operator_scene_v1,126,12.600,cow_01,cow,1,1,301,80.988,28.552,0.000
pipeline_b_degraded_link_operator_scene_v1,126,12.600,tower_01,tower,1,1,501,112.000,-42.000,18.000
pipeline_b_degraded_link_operator_scene_v1,127,12.700,bike_01,bike,1,1,101,55.795,-12.666,0.000
pipeline_b_degraded_link_operator_scene_v1,127,12.700,cow_01,cow,1,1,301,80.966,28.564,0.000
pipeline_b_degraded_link_operator_scene_v1,127,12.700,tower_01,tower,1,1,501,112.000,-42.000,18.000
pipeline_b_degraded_link_operator_scene_v1,128,12.800,bike_01,bike,1,1,101,55.880,-12.624,0.000
pipeline_b_degraded_link_operator_scene_v1,128,12.800,cow_01,cow,1,1,301,80.944,28.576,0.000
pipeline_b_degraded_link_operator_scene_v1,128,12.800,tower_01,tower,1,1,501,112.000,-42.000,18.000
pipeline_b_degraded_link_operator_scene_v1,129,12.900,bike_01,bike,1,1,101,55.965,-12.582,0.000
pipeline_b_degraded_link_operator_scene_v1,129,12.900,cow_01,cow,1,1,301,80.922,28.588,0.000
pipeline_b_degraded_link_operator_scene_v1,129,12.900,tower_01,tower,1,1,501,112.000,-42.000,18.000
pipeline_b_degraded_link_operator_scene_v1,130,13.000,bike_01,bike,1,1,101,56.050,-12.540,0.000
pipeline_b_degraded_link_operator_scene_v1,130,13.000,cow_01,cow,1,1,301,80.900,28.600,0.000
pipeline_b_degraded_link_operator_scene_v1,130,13.000,tower_01,tower,1,1,501,112.000,-42.000,18.000
pipeline_b_degraded_link_operator_scene_v1,131,13.100,bike_01,bike,1,1,101,56.135,-12.498,0.000
pipeline_b_degraded_link_operator_scene_v1,131,13.100,cow_01,cow,1,1,301,80.878,28.612,0.000
pipeline_b_degraded_link_operator_scene_v1,131,13.100,tower_01,tower,1,1,501,112.000,-42.000,18.000
pipeline_b_degraded_link_operator_scene_v1,132,13.200,bike_01,bike,1,1,101,56.220,-12.456,0.000
pipeline_b_degraded_link_operator_scene_v1,132,13.200,cow_01,cow,1,1,301,80.856,28.624,0.000
pipeline_b_degraded_link_operator_scene_v1,132,13.200,tower_01,tower,1,1,501,112.000,-42.000,18.000
pipeline_b_degraded_link_operator_scene_v1,133,13.300,bike_01,bike,1,1,101,56.305,-12.414,0.000
pipeline_b_degraded_link_operator_scene_v1,133,13.300,cow_01,cow,1,1,301,80.834,28.636,0.000
pipeline_b_degraded_link_operator_scene_v1,133,13.300,tower_01,tower,1,1,501,112.000,-42.000,18.000
pipeline_b_degraded_link_operator_scene_v1,134,13.400,bike_01,bike,1,1,101,56.390,-12.372,0.000
pipeline_b_degraded_link_operator_scene_v1,134,13.400,cow_01,cow,1,1,301,80.812,28.648,0.000
pipeline_b_degraded_link_operator_scene_v1,134,13.400,tower_01,tower,1,1,501,112.000,-42.000,18.000
pipeline_b_degraded_link_operator_scene_v1,135,13.500,bike_01,bike,1,1,101,56.475,-12.330,0.000
pipeline_b_degraded_link_operator_scene_v1,135,13.500,cow_01,cow,1,1,301,80.790,28.660,0.000
pipeline_b_degraded_link_operator_scene_v1,135,13.500,tower_01,tower,1,1,501,112.000,-42.000,18.000
pipeline_b_degraded_link_operator_scene_v1,136,13.600,bike_01,bike,1,1,101,56.560,-12.288,0.000
pipeline_b_degraded_link_operator_scene_v1,136,13.600,cow_01,cow,1,1,301,80.768,28.672,0.000
pipeline_b_degraded_link_operator_scene_v1,136,13.600,tower_01,tower,1,1,501,112.000,-42.000,18.000
pipeline_b_degraded_link_operator_scene_v1,137,13.700,bike_01,bike,1,1,101,56.645,-12.246,0.000
pipeline_b_degraded_link_operator_scene_v1,137,13.700,cow_01,cow,1,1,301,80.746,28.684,0.000
pipeline_b_degraded_link_operator_scene_v1,137,13.700,tower_01,tower,1,1,501,112.000,-42.000,18.000
pipeline_b_degraded_link_operator_scene_v1,138,13.800,bike_01,bike,1,1,101,56.730,-12.204,0.000
pipeline_b_degraded_link_operator_scene_v1,138,13.800,cow_01,cow,1,1,301,80.724,28.696,0.000
pipeline_b_degraded_link_operator_scene_v1,138,13.800,tower_01,tower,1,1,501,112.000,-42.000,18.000
pipeline_b_degraded_link_operator_scene_v1,139,13.900,bike_01,bike,1,1,101,56.815,-12.162,0.000
pipeline_b_degraded_link_operator_scene_v1,139,13.900,cow_01,cow,1,1,301,80.702,28.708,0.000
pipeline_b_degraded_link_operator_scene_v1,139,13.900,tower_01,tower,1,1,501,112.000,-42.000,18.000
pipeline_b_degraded_link_operator_scene_v1,140,14.000,bike_01,bike,1,1,101,56.900,-12.120,0.000
pipeline_b_degraded_link_operator_scene_v1,140,14.000,cow_01,cow,1,1,301,80.680,28.720,0.000
pipeline_b_degraded_link_operator_scene_v1,140,14.000,tower_01,tower,1,1,501,112.000,-42.000,18.000
pipeline_b_degraded_link_operator_scene_v1,141,14.100,bike_01,bike,1,1,101,56.985,-12.078,0.000
pipeline_b_degraded_link_operator_scene_v1,141,14.100,cow_01,cow,1,1,301,80.658,28.732,0.000
pipeline_b_degraded_link_operator_scene_v1,141,14.100,tower_01,tower,1,1,501,112.000,-42.000,18.000
pipeline_b_degraded_link_operator_scene_v1,142,14.200,bike_01,bike,1,1,101,57.070,-12.036,0.000
pipeline_b_degraded_link_operator_scene_v1,142,14.200,cow_01,cow,1,1,301,80.636,28.744,0.000
pipeline_b_degraded_link_operator_scene_v1,142,14.200,tower_01,tower,1,1,501,112.000,-42.000,18.000
pipeline_b_degraded_link_operator_scene_v1,143,14.300,bike_01,bike,1,1,101,57.155,-11.994,0.000
pipeline_b_degraded_link_operator_scene_v1,143,14.300,cow_01,cow,1,1,301,80.614,28.756,0.000
pipeline_b_degraded_link_operator_scene_v1,143,14.300,tower_01,tower,1,1,501,112.000,-42.000,18.000
pipeline_b_degraded_link_operator_scene_v1,144,14.400,bike_01,bike,1,1,101,57.240,-11.952,0.000
pipeline_b_degraded_link_operator_scene_v1,144,14.400,cow_01,cow,1,1,301,80.592,28.768,0.000
pipeline_b_degraded_link_operator_scene_v1,144,14.400,tower_01,tower,1,1,501,112.000,-42.000,18.000
pipeline_b_degraded_link_operator_scene_v1,145,14.500,bike_01,bike,1,1,101,57.325,-11.910,0.000
pipeline_b_degraded_link_operator_scene_v1,145,14.500,cow_01,cow,1,1,301,80.570,28.780,0.000
pipeline_b_degraded_link_operator_scene_v1,145,14.500,tower_01,tower,1,1,501,112.000,-42.000,18.000
pipeline_b_degraded_link_operator_scene_v1,146,14.600,bike_01,bike,1,1,101,57.410,-11.868,0.000
pipeline_b_degraded_link_operator_scene_v1,146,14.600,cow_01,cow,1,1,301,80.548,28.792,0.000
pipeline_b_degraded_link_operator_scene_v1,146,14.600,tower_01,tower,1,1,501,112.000,-42.000,18.000
pipeline_b_degraded_link_operator_scene_v1,147,14.700,bike_01,bike,1,1,101,57.495,-11.826,0.000
pipeline_b_degraded_link_operator_scene_v1,147,14.700,cow_01,cow,1,1,301,80.526,28.804,0.000
pipeline_b_degraded_link_operator_scene_v1,147,14.700,tower_01,tower,1,1,501,112.000,-42.000,18.000
pipeline_b_degraded_link_operator_scene_v1,148,14.800,bike_01,bike,1,1,101,57.580,-11.784,0.000
pipeline_b_degraded_link_operator_scene_v1,148,14.800,cow_01,cow,1,1,301,80.504,28.816,0.000
pipeline_b_degraded_link_operator_scene_v1,148,14.800,tower_01,tower,1,1,501,112.000,-42.000,18.000
pipeline_b_degraded_link_operator_scene_v1,149,14.900,bike_01,bike,1,1,101,57.665,-11.742,0.000
pipeline_b_degraded_link_operator_scene_v1,149,14.900,cow_01,cow,1,1,301,80.482,28.828,0.000
pipeline_b_degraded_link_operator_scene_v1,149,14.900,tower_01,tower,1,1,501,112.000,-42.000,18.000
pipeline_b_degraded_link_operator_scene_v1,150,15.000,bike_01,bike,1,1,101,57.750,-11.700,0.000
pipeline_b_degraded_link_operator_scene_v1,150,15.000,cow_01,cow,1,1,301,80.460,28.840,0.000
pipeline_b_degraded_link_operator_scene_v1,150,15.000,tower_01,tower,1,1,501,112.000,-42.000,18.000
pipeline_b_degraded_link_operator_scene_v1,151,15.100,bike_01,bike,1,1,101,57.835,-11.658,0.000
pipeline_b_degraded_link_operator_scene_v1,151,15.100,cow_01,cow,1,1,301,80.438,28.852,0.000
pipeline_b_degraded_link_operator_scene_v1,151,15.100,tower_01,tower,1,1,501,112.000,-42.000,18.000
pipeline_b_degraded_link_operator_scene_v1,152,15.200,bike_01,bike,1,1,101,57.920,-11.616,0.000
pipeline_b_degraded_link_operator_scene_v1,152,15.200,cow_01,cow,1,1,301,80.416,28.864,0.000
pipeline_b_degraded_link_operator_scene_v1,152,15.200,tower_01,tower,1,1,501,112.000,-42.000,18.000
pipeline_b_degraded_link_operator_scene_v1,153,15.300,bike_01,bike,1,1,101,58.005,-11.574,0.000
pipeline_b_degraded_link_operator_scene_v1,153,15.300,cow_01,cow,1,1,301,80.394,28.876,0.000
pipeline_b_degraded_link_operator_scene_v1,153,15.300,tower_01,tower,1,1,501,112.000,-42.000,18.000
pipeline_b_degraded_link_operator_scene_v1,154,15.400,bike_01,bike,1,1,101,58.090,-11.532,0.000
pipeline_b_degraded_link_operator_scene_v1,154,15.400,cow_01,cow,1,1,301,80.372,28.888,0.000
pipeline_b_degraded_link_operator_scene_v1,154,15.400,tower_01,tower,1,1,501,112.000,-42.000,18.000
pipeline_b_degraded_link_operator_scene_v1,155,15.500,bike_01,bike,1,1,101,58.175,-11.490,0.000
pipeline_b_degraded_link_operator_scene_v1,155,15.500,cow_01,cow,1,1,301,80.350,28.900,0.000
pipeline_b_degraded_link_operator_scene_v1,155,15.500,tower_01,tower,1,1,501,112.000,-42.000,18.000
pipeline_b_degraded_link_operator_scene_v1,156,15.600,bike_01,bike,1,1,101,58.260,-11.448,0.000
pipeline_b_degraded_link_operator_scene_v1,156,15.600,cow_01,cow,1,1,301,80.328,28.912,0.000
pipeline_b_degraded_link_operator_scene_v1,156,15.600,tower_01,tower,1,1,501,112.000,-42.000,18.000
pipeline_b_degraded_link_operator_scene_v1,157,15.700,bike_01,bike,1,1,101,58.345,-11.406,0.000
pipeline_b_degraded_link_operator_scene_v1,157,15.700,cow_01,cow,1,1,301,80.306,28.924,0.000
pipeline_b_degraded_link_operator_scene_v1,157,15.700,tower_01,tower,1,1,501,112.000,-42.000,18.000
pipeline_b_degraded_link_operator_scene_v1,158,15.800,bike_01,bike,1,1,101,58.430,-11.364,0.000
pipeline_b_degraded_link_operator_scene_v1,158,15.800,cow_01,cow,1,1,301,80.284,28.936,0.000
pipeline_b_degraded_link_operator_scene_v1,158,15.800,tower_01,tower,1,1,501,112.000,-42.000,18.000
pipeline_b_degraded_link_operator_scene_v1,159,15.900,bike_01,bike,1,1,101,58.515,-11.322,0.000
pipeline_b_degraded_link_operator_scene_v1,159,15.900,cow_01,cow,1,1,301,80.262,28.948,0.000
pipeline_b_degraded_link_operator_scene_v1,159,15.900,tower_01,tower,1,1,501,112.000,-42.000,18.000
pipeline_b_degraded_link_operator_scene_v1,160,16.000,bike_01,bike,1,1,101,58.600,-11.280,0.000
pipeline_b_degraded_link_operator_scene_v1,160,16.000,cow_01,cow,1,1,301,80.240,28.960,0.000
pipeline_b_degraded_link_operator_scene_v1,160,16.000,tower_01,tower,1,1,501,112.000,-42.000,18.000
pipeline_b_degraded_link_operator_scene_v1,161,16.100,bike_01,bike,1,1,101,58.685,-11.238,0.000
pipeline_b_degraded_link_operator_scene_v1,161,16.100,cow_01,cow,1,1,301,80.218,28.972,0.000
pipeline_b_degraded_link_operator_scene_v1,161,16.100,tower_01,tower,1,1,501,112.000,-42.000,18.000
pipeline_b_degraded_link_operator_scene_v1,162,16.200,bike_01,bike,1,1,101,58.770,-11.196,0.000
pipeline_b_degraded_link_operator_scene_v1,162,16.200,cow_01,cow,1,1,301,80.196,28.984,0.000
pipeline_b_degraded_link_operator_scene_v1,162,16.200,tower_01,tower,1,1,501,112.000,-42.000,18.000
pipeline_b_degraded_link_operator_scene_v1,163,16.300,bike_01,bike,1,1,101,58.855,-11.154,0.000
pipeline_b_degraded_link_operator_scene_v1,163,16.300,cow_01,cow,1,1,301,80.174,28.996,0.000
pipeline_b_degraded_link_operator_scene_v1,163,16.300,tower_01,tower,1,1,501,112.000,-42.000,18.000
pipeline_b_degraded_link_operator_scene_v1,164,16.400,bike_01,bike,1,1,101,58.940,-11.112,0.000
pipeline_b_degraded_link_operator_scene_v1,164,16.400,cow_01,cow,1,1,301,80.152,29.008,0.000
pipeline_b_degraded_link_operator_scene_v1,164,16.400,tower_01,tower,1,1,501,112.000,-42.000,18.000
pipeline_b_degraded_link_operator_scene_v1,165,16.500,bike_01,bike,1,1,101,59.025,-11.070,0.000
pipeline_b_degraded_link_operator_scene_v1,165,16.500,cow_01,cow,1,1,301,80.130,29.020,0.000
pipeline_b_degraded_link_operator_scene_v1,165,16.500,tower_01,tower,1,1,501,112.000,-42.000,18.000
pipeline_b_degraded_link_operator_scene_v1,166,16.600,bike_01,bike,1,1,101,59.110,-11.028,0.000
pipeline_b_degraded_link_operator_scene_v1,166,16.600,cow_01,cow,1,1,301,80.108,29.032,0.000
pipeline_b_degraded_link_operator_scene_v1,166,16.600,tower_01,tower,1,1,501,112.000,-42.000,18.000
pipeline_b_degraded_link_operator_scene_v1,167,16.700,bike_01,bike,1,1,101,59.195,-10.986,0.000
pipeline_b_degraded_link_operator_scene_v1,167,16.700,cow_01,cow,1,1,301,80.086,29.044,0.000
pipeline_b_degraded_link_operator_scene_v1,167,16.700,tower_01,tower,1,1,501,112.000,-42.000,18.000
pipeline_b_degraded_link_operator_scene_v1,168,16.800,bike_01,bike,1,1,101,59.280,-10.944,0.000
pipeline_b_degraded_link_operator_scene_v1,168,16.800,cow_01,cow,1,1,301,80.064,29.056,0.000
pipeline_b_degraded_link_operator_scene_v1,168,16.800,tower_01,tower,1,1,501,112.000,-42.000,18.000
pipeline_b_degraded_link_operator_scene_v1,169,16.900,bike_01,bike,1,1,101,59.365,-10.902,0.000
pipeline_b_degraded_link_operator_scene_v1,169,16.900,cow_01,cow,1,1,301,80.042,29.068,0.000
pipeline_b_degraded_link_operator_scene_v1,169,16.900,tower_01,tower,1,1,501,112.000,-42.000,18.000
pipeline_b_degraded_link_operator_scene_v1,170,17.000,bike_01,bike,1,1,101,59.450,-10.860,0.000
pipeline_b_degraded_link_operator_scene_v1,170,17.000,cow_01,cow,1,1,301,80.020,29.080,0.000
pipeline_b_degraded_link_operator_scene_v1,170,17.000,tower_01,tower,1,1,501,112.000,-42.000,18.000
pipeline_b_degraded_link_operator_scene_v1,171,17.100,bike_01,bike,1,1,101,59.535,-10.818,0.000
pipeline_b_degraded_link_operator_scene_v1,171,17.100,cow_01,cow,1,1,301,79.998,29.092,0.000
pipeline_b_degraded_link_operator_scene_v1,171,17.100,tower_01,tower,1,1,501,112.000,-42.000,18.000
pipeline_b_degraded_link_operator_scene_v1,172,17.200,bike_01,bike,1,1,101,59.620,-10.776,0.000
pipeline_b_degraded_link_operator_scene_v1,172,17.200,cow_01,cow,1,1,301,79.976,29.104,0.000
pipeline_b_degraded_link_operator_scene_v1,172,17.200,tower_01,tower,1,1,501,112.000,-42.000,18.000
pipeline_b_degraded_link_operator_scene_v1,173,17.300,bike_01,bike,1,1,101,59.705,-10.734,0.000
pipeline_b_degraded_link_operator_scene_v1,173,17.300,cow_01,cow,1,1,301,79.954,29.116,0.000
pipeline_b_degraded_link_operator_scene_v1,173,17.300,tower_01,tower,1,1,501,112.000,-42.000,18.000
pipeline_b_degraded_link_operator_scene_v1,174,17.400,bike_01,bike,1,1,101,59.790,-10.692,0.000
pipeline_b_degraded_link_operator_scene_v1,174,17.400,cow_01,cow,1,1,301,79.932,29.128,0.000
pipeline_b_degraded_link_operator_scene_v1,174,17.400,tower_01,tower,1,1,501,112.000,-42.000,18.000
pipeline_b_degraded_link_operator_scene_v1,175,17.500,bike_01,bike,1,1,101,59.875,-10.650,0.000
pipeline_b_degraded_link_operator_scene_v1,175,17.500,cow_01,cow,1,1,301,79.910,29.140,0.000
pipeline_b_degraded_link_operator_scene_v1,175,17.500,tower_01,tower,1,1,501,112.000,-42.000,18.000
pipeline_b_degraded_link_operator_scene_v1,176,17.600,bike_01,bike,1,1,101,59.960,-10.608,0.000
pipeline_b_degraded_link_operator_scene_v1,176,17.600,cow_01,cow,1,1,301,79.888,29.152,0.000
pipeline_b_degraded_link_operator_scene_v1,176,17.600,tower_01,tower,1,1,501,112.000,-42.000,18.000
pipeline_b_degraded_link_operator_scene_v1,177,17.700,bike_01,bike,1,1,101,60.045,-10.566,0.000
pipeline_b_degraded_link_operator_scene_v1,177,17.700,cow_01,cow,1,1,301,79.866,29.164,0.000
pipeline_b_degraded_link_operator_scene_v1,177,17.700,tower_01,tower,1,1,501,112.000,-42.000,18.000
pipeline_b_degraded_link_operator_scene_v1,178,17.800,bike_01,bike,1,1,101,60.130,-10.524,0.000
pipeline_b_degraded_link_operator_scene_v1,178,17.800,cow_01,cow,1,1,301,79.844,29.176,0.000
pipeline_b_degraded_link_operator_scene_v1,178,17.800,tower_01,tower,1,1,501,112.000,-42.000,18.000
pipeline_b_degraded_link_operator_scene_v1,179,17.900,bike_01,bike,1,1,101,60.215,-10.482,0.000
pipeline_b_degraded_link_operator_scene_v1,179,17.900,cow_01,cow,1,1,301,79.822,29.188,0.000
pipeline_b_degraded_link_operator_scene_v1,179,17.900,tower_01,tower,1,1,501,112.000,-42.000,18.000
pipeline_b_degraded_link_operator_scene_v1,180,18.000,bike_01,bike,1,0,,60.300,-10.440,0.000
pipeline_b_degraded_link_operator_scene_v1,180,18.000,cow_01,cow,1,1,301,79.800,29.200,0.000
pipeline_b_degraded_link_operator_scene_v1,180,18.000,tower_01,tower,1,1,501,112.000,-42.000,18.000
pipeline_b_degraded_link_operator_scene_v1,181,18.100,bike_01,bike,1,0,,60.385,-10.398,0.000
pipeline_b_degraded_link_operator_scene_v1,181,18.100,cow_01,cow,1,1,301,79.778,29.212,0.000
pipeline_b_degraded_link_operator_scene_v1,181,18.100,tower_01,tower,1,1,501,112.000,-42.000,18.000
pipeline_b_degraded_link_operator_scene_v1,182,18.200,bike_01,bike,1,0,,60.470,-10.356,0.000
pipeline_b_degraded_link_operator_scene_v1,182,18.200,cow_01,cow,1,1,301,79.756,29.224,0.000
pipeline_b_degraded_link_operator_scene_v1,182,18.200,tower_01,tower,1,1,501,112.000,-42.000,18.000
pipeline_b_degraded_link_operator_scene_v1,183,18.300,bike_01,bike,1,0,,60.555,-10.314,0.000
pipeline_b_degraded_link_operator_scene_v1,183,18.300,cow_01,cow,1,1,301,79.734,29.236,0.000
pipeline_b_degraded_link_operator_scene_v1,183,18.300,tower_01,tower,1,1,501,112.000,-42.000,18.000
pipeline_b_degraded_link_operator_scene_v1,184,18.400,bike_01,bike,1,0,,60.640,-10.272,0.000
pipeline_b_degraded_link_operator_scene_v1,184,18.400,cow_01,cow,1,1,301,79.712,29.248,0.000
pipeline_b_degraded_link_operator_scene_v1,184,18.400,tower_01,tower,1,1,501,112.000,-42.000,18.000
pipeline_b_degraded_link_operator_scene_v1,185,18.500,bike_01,bike,1,0,,60.725,-10.230,0.000
pipeline_b_degraded_link_operator_scene_v1,185,18.500,cow_01,cow,1,1,301,79.690,29.260,0.000
pipeline_b_degraded_link_operator_scene_v1,185,18.500,tower_01,tower,1,1,501,112.000,-42.000,18.000
pipeline_b_degraded_link_operator_scene_v1,186,18.600,bike_01,bike,1,0,,60.810,-10.188,0.000
pipeline_b_degraded_link_operator_scene_v1,186,18.600,cow_01,cow,1,1,301,79.668,29.272,0.000
pipeline_b_degraded_link_operator_scene_v1,186,18.600,tower_01,tower,1,1,501,112.000,-42.000,18.000
pipeline_b_degraded_link_operator_scene_v1,187,18.700,bike_01,bike,1,0,,60.895,-10.146,0.000
pipeline_b_degraded_link_operator_scene_v1,187,18.700,cow_01,cow,1,1,301,79.646,29.284,0.000
pipeline_b_degraded_link_operator_scene_v1,187,18.700,tower_01,tower,1,1,501,112.000,-42.000,18.000
pipeline_b_degraded_link_operator_scene_v1,188,18.800,bike_01,bike,1,0,,60.980,-10.104,0.000
pipeline_b_degraded_link_operator_scene_v1,188,18.800,cow_01,cow,1,1,301,79.624,29.296,0.000
pipeline_b_degraded_link_operator_scene_v1,188,18.800,tower_01,tower,1,1,501,112.000,-42.000,18.000
pipeline_b_degraded_link_operator_scene_v1,189,18.900,bike_01,bike,1,0,,61.065,-10.062,0.000
pipeline_b_degraded_link_operator_scene_v1,189,18.900,cow_01,cow,1,1,301,79.602,29.308,0.000
pipeline_b_degraded_link_operator_scene_v1,189,18.900,tower_01,tower,1,1,501,112.000,-42.000,18.000
pipeline_b_degraded_link_operator_scene_v1,190,19.000,bike_01,bike,1,0,,61.150,-10.020,0.000
pipeline_b_degraded_link_operator_scene_v1,190,19.000,cow_01,cow,1,1,301,79.580,29.320,0.000
pipeline_b_degraded_link_operator_scene_v1,190,19.000,tower_01,tower,1,1,501,112.000,-42.000,18.000
pipeline_b_degraded_link_operator_scene_v1,191,19.100,bike_01,bike,1,0,,61.235,-9.978,0.000
pipeline_b_degraded_link_operator_scene_v1,191,19.100,cow_01,cow,1,1,301,79.558,29.332,0.000
pipeline_b_degraded_link_operator_scene_v1,191,19.100,tower_01,tower,1,1,501,112.000,-42.000,18.000
pipeline_b_degraded_link_operator_scene_v1,192,19.200,bike_01,bike,1,0,,61.320,-9.936,0.000
pipeline_b_degraded_link_operator_scene_v1,192,19.200,cow_01,cow,1,1,301,79.536,29.344,0.000
pipeline_b_degraded_link_operator_scene_v1,192,19.200,tower_01,tower,1,1,501,112.000,-42.000,18.000
pipeline_b_degraded_link_operator_scene_v1,193,19.300,bike_01,bike,1,0,,61.405,-9.894,0.000
pipeline_b_degraded_link_operator_scene_v1,193,19.300,cow_01,cow,1,1,301,79.514,29.356,0.000
pipeline_b_degraded_link_operator_scene_v1,193,19.300,tower_01,tower,1,1,501,112.000,-42.000,18.000
pipeline_b_degraded_link_operator_scene_v1,194,19.400,bike_01,bike,1,0,,61.490,-9.852,0.000
pipeline_b_degraded_link_operator_scene_v1,194,19.400,cow_01,cow,1,1,301,79.492,29.368,0.000
pipeline_b_degraded_link_operator_scene_v1,194,19.400,tower_01,tower,1,1,501,112.000,-42.000,18.000
pipeline_b_degraded_link_operator_scene_v1,195,19.500,bike_01,bike,1,0,,61.575,-9.810,0.000
pipeline_b_degraded_link_operator_scene_v1,195,19.500,cow_01,cow,1,1,301,79.470,29.380,0.000
pipeline_b_degraded_link_operator_scene_v1,195,19.500,tower_01,tower,1,1,501,112.000,-42.000,18.000
pipeline_b_degraded_link_operator_scene_v1,196,19.600,bike_01,bike,1,0,,61.660,-9.768,0.000
pipeline_b_degraded_link_operator_scene_v1,196,19.600,cow_01,cow,1,1,301,79.448,29.392,0.000
pipeline_b_degraded_link_operator_scene_v1,196,19.600,tower_01,tower,1,1,501,112.000,-42.000,18.000
pipeline_b_degraded_link_operator_scene_v1,197,19.700,bike_01,bike,1,0,,61.745,-9.726,0.000
pipeline_b_degraded_link_operator_scene_v1,197,19.700,cow_01,cow,1,1,301,79.426,29.404,0.000
pipeline_b_degraded_link_operator_scene_v1,197,19.700,tower_01,tower,1,1,501,112.000,-42.000,18.000
pipeline_b_degraded_link_operator_scene_v1,198,19.800,bike_01,bike,1,0,,61.830,-9.684,0.000
pipeline_b_degraded_link_operator_scene_v1,198,19.800,cow_01,cow,1,1,301,79.404,29.416,0.000
pipeline_b_degraded_link_operator_scene_v1,198,19.800,tower_01,tower,1,1,501,112.000,-42.000,18.000
pipeline_b_degraded_link_operator_scene_v1,199,19.900,bike_01,bike,1,0,,61.915,-9.642,0.000
pipeline_b_degraded_link_operator_scene_v1,199,19.900,cow_01,cow,1,1,301,79.382,29.428,0.000
pipeline_b_degraded_link_operator_scene_v1,199,19.900,tower_01,tower,1,1,501,112.000,-42.000,18.000
pipeline_b_degraded_link_operator_scene_v1,200,20.000,bike_01,bike,1,0,,62.000,-9.600,0.000
pipeline_b_degraded_link_operator_scene_v1,200,20.000,cow_01,cow,1,1,301,79.360,29.440,0.000
pipeline_b_degraded_link_operator_scene_v1,200,20.000,tower_01,tower,1,1,501,112.000,-42.000,18.000
pipeline_b_degraded_link_operator_scene_v1,201,20.100,bike_01,bike,1,0,,62.085,-9.558,0.000
pipeline_b_degraded_link_operator_scene_v1,201,20.100,cow_01,cow,1,1,301,79.338,29.452,0.000
pipeline_b_degraded_link_operator_scene_v1,201,20.100,tower_01,tower,1,1,501,112.000,-42.000,18.000
pipeline_b_degraded_link_operator_scene_v1,202,20.200,bike_01,bike,1,0,,62.170,-9.516,0.000
pipeline_b_degraded_link_operator_scene_v1,202,20.200,cow_01,cow,1,1,301,79.316,29.464,0.000
pipeline_b_degraded_link_operator_scene_v1,202,20.200,tower_01,tower,1,1,501,112.000,-42.000,18.000
pipeline_b_degraded_link_operator_scene_v1,203,20.300,bike_01,bike,1,0,,62.255,-9.474,0.000
pipeline_b_degraded_link_operator_scene_v1,203,20.300,cow_01,cow,1,1,301,79.294,29.476,0.000
pipeline_b_degraded_link_operator_scene_v1,203,20.300,tower_01,tower,1,1,501,112.000,-42.000,18.000
pipeline_b_degraded_link_operator_scene_v1,204,20.400,bike_01,bike,1,0,,62.340,-9.432,0.000
pipeline_b_degraded_link_operator_scene_v1,204,20.400,cow_01,cow,1,1,301,79.272,29.488,0.000
pipeline_b_degraded_link_operator_scene_v1,204,20.400,tower_01,tower,1,1,501,112.000,-42.000,18.000
pipeline_b_degraded_link_operator_scene_v1,205,20.500,bike_01,bike,1,0,,62.425,-9.390,0.000
pipeline_b_degraded_link_operator_scene_v1,205,20.500,cow_01,cow,1,1,301,79.250,29.500,0.000
pipeline_b_degraded_link_operator_scene_v1,205,20.500,tower_01,tower,1,1,501,112.000,-42.000,18.000
pipeline_b_degraded_link_operator_scene_v1,206,20.600,bike_01,bike,1,0,,62.510,-9.348,0.000
pipeline_b_degraded_link_operator_scene_v1,206,20.600,cow_01,cow,1,1,301,79.228,29.512,0.000
pipeline_b_degraded_link_operator_scene_v1,206,20.600,tower_01,tower,1,1,501,112.000,-42.000,18.000
pipeline_b_degraded_link_operator_scene_v1,207,20.700,bike_01,bike,1,0,,62.595,-9.306,0.000
pipeline_b_degraded_link_operator_scene_v1,207,20.700,cow_01,cow,1,1,301,79.206,29.524,0.000
pipeline_b_degraded_link_operator_scene_v1,207,20.700,tower_01,tower,1,1,501,112.000,-42.000,18.000
pipeline_b_degraded_link_operator_scene_v1,208,20.800,bike_01,bike,1,0,,62.680,-9.264,0.000
pipeline_b_degraded_link_operator_scene_v1,208,20.800,cow_01,cow,1,1,301,79.184,29.536,0.000
pipeline_b_degraded_link_operator_scene_v1,208,20.800,tower_01,tower,1,1,501,112.000,-42.000,18.000
pipeline_b_degraded_link_operator_scene_v1,209,20.900,bike_01,bike,1,0,,62.765,-9.222,0.000
pipeline_b_degraded_link_operator_scene_v1,209,20.900,cow_01,cow,1,1,301,79.162,29.548,0.000
pipeline_b_degraded_link_operator_scene_v1,209,20.900,tower_01,tower,1,1,501,112.000,-42.000,18.000
pipeline_b_degraded_link_operator_scene_v1,210,21.000,bike_01,bike,1,0,,62.850,-9.180,0.000
pipeline_b_degraded_link_operator_scene_v1,210,21.000,cow_01,cow,1,1,301,79.140,29.560,0.000
pipeline_b_degraded_link_operator_scene_v1,210,21.000,tower_01,tower,1,1,501,112.000,-42.000,18.000
pipeline_b_degraded_link_operator_scene_v1,211,21.100,bike_01,bike,1,0,,62.935,-9.138,0.000
pipeline_b_degraded_link_operator_scene_v1,211,21.100,cow_01,cow,1,1,301,79.118,29.572,0.000
pipeline_b_degraded_link_operator_scene_v1,211,21.100,tower_01,tower,1,1,501,112.000,-42.000,18.000
pipeline_b_degraded_link_operator_scene_v1,212,21.200,bike_01,bike,1,0,,63.020,-9.096,0.000
pipeline_b_degraded_link_operator_scene_v1,212,21.200,cow_01,cow,1,1,301,79.096,29.584,0.000
pipeline_b_degraded_link_operator_scene_v1,212,21.200,tower_01,tower,1,1,501,112.000,-42.000,18.000
pipeline_b_degraded_link_operator_scene_v1,213,21.300,bike_01,bike,1,0,,63.105,-9.054,0.000
pipeline_b_degraded_link_operator_scene_v1,213,21.300,cow_01,cow,1,1,301,79.074,29.596,0.000
pipeline_b_degraded_link_operator_scene_v1,213,21.300,tower_01,tower,1,1,501,112.000,-42.000,18.000
pipeline_b_degraded_link_operator_scene_v1,214,21.400,bike_01,bike,1,0,,63.190,-9.012,0.000
pipeline_b_degraded_link_operator_scene_v1,214,21.400,cow_01,cow,1,1,301,79.052,29.608,0.000
pipeline_b_degraded_link_operator_scene_v1,214,21.400,tower_01,tower,1,1,501,112.000,-42.000,18.000
pipeline_b_degraded_link_operator_scene_v1,215,21.500,bike_01,bike,1,0,,63.275,-8.970,0.000
pipeline_b_degraded_link_operator_scene_v1,215,21.500,cow_01,cow,1,1,301,79.030,29.620,0.000
pipeline_b_degraded_link_operator_scene_v1,215,21.500,tower_01,tower,1,1,501,112.000,-42.000,18.000
pipeline_b_degraded_link_operator_scene_v1,216,21.600,bike_01,bike,1,0,,63.360,-8.928,0.000
pipeline_b_degraded_link_operator_scene_v1,216,21.600,cow_01,cow,1,1,301,79.008,29.632,0.000
pipeline_b_degraded_link_operator_scene_v1,216,21.600,tower_01,tower,1,1,501,112.000,-42.000,18.000
pipeline_b_degraded_link_operator_scene_v1,217,21.700,bike_01,bike,1,0,,63.445,-8.886,0.000
pipeline_b_degraded_link_operator_scene_v1,217,21.700,cow_01,cow,1,1,301,78.986,29.644,0.000
pipeline_b_degraded_link_operator_scene_v1,217,21.700,tower_01,tower,1,1,501,112.000,-42.000,18.000
pipeline_b_degraded_link_operator_scene_v1,218,21.800,bike_01,bike,1,0,,63.530,-8.844,0.000
pipeline_b_degraded_link_operator_scene_v1,218,21.800,cow_01,cow,1,1,301,78.964,29.656,0.000
pipeline_b_degraded_link_operator_scene_v1,218,21.800,tower_01,tower,1,1,501,112.000,-42.000,18.000
pipeline_b_degraded_link_operator_scene_v1,219,21.900,bike_01,bike,1,0,,63.615,-8.802,0.000
pipeline_b_degraded_link_operator_scene_v1,219,21.900,cow_01,cow,1,1,301,78.942,29.668,0.000
pipeline_b_degraded_link_operator_scene_v1,219,21.900,tower_01,tower,1,1,501,112.000,-42.000,18.000
pipeline_b_degraded_link_operator_scene_v1,220,22.000,bike_01,bike,1,1,101,63.700,-8.760,0.000
pipeline_b_degraded_link_operator_scene_v1,220,22.000,cow_01,cow,1,1,301,78.920,29.680,0.000
pipeline_b_degraded_link_operator_scene_v1,220,22.000,tower_01,tower,1,1,501,112.000,-42.000,18.000
pipeline_b_degraded_link_operator_scene_v1,221,22.100,bike_01,bike,1,1,101,63.785,-8.718,0.000
pipeline_b_degraded_link_operator_scene_v1,221,22.100,cow_01,cow,1,1,301,78.898,29.692,0.000
pipeline_b_degraded_link_operator_scene_v1,221,22.100,tower_01,tower,1,1,501,112.000,-42.000,18.000
pipeline_b_degraded_link_operator_scene_v1,222,22.200,bike_01,bike,1,1,101,63.870,-8.676,0.000
pipeline_b_degraded_link_operator_scene_v1,222,22.200,cow_01,cow,1,1,301,78.876,29.704,0.000
pipeline_b_degraded_link_operator_scene_v1,222,22.200,tower_01,tower,1,1,501,112.000,-42.000,18.000
pipeline_b_degraded_link_operator_scene_v1,223,22.300,bike_01,bike,1,1,101,63.955,-8.634,0.000
pipeline_b_degraded_link_operator_scene_v1,223,22.300,cow_01,cow,1,1,301,78.854,29.716,0.000
pipeline_b_degraded_link_operator_scene_v1,223,22.300,tower_01,tower,1,1,501,112.000,-42.000,18.000
pipeline_b_degraded_link_operator_scene_v1,224,22.400,bike_01,bike,1,1,101,64.040,-8.592,0.000
pipeline_b_degraded_link_operator_scene_v1,224,22.400,cow_01,cow,1,1,301,78.832,29.728,0.000
pipeline_b_degraded_link_operator_scene_v1,224,22.400,tower_01,tower,1,1,501,112.000,-42.000,18.000
pipeline_b_degraded_link_operator_scene_v1,225,22.500,bike_01,bike,1,1,101,64.125,-8.550,0.000
pipeline_b_degraded_link_operator_scene_v1,225,22.500,cow_01,cow,1,1,301,78.810,29.740,0.000
pipeline_b_degraded_link_operator_scene_v1,225,22.500,tower_01,tower,1,1,501,112.000,-42.000,18.000
pipeline_b_degraded_link_operator_scene_v1,226,22.600,bike_01,bike,1,1,101,64.210,-8.508,0.000
pipeline_b_degraded_link_operator_scene_v1,226,22.600,cow_01,cow,1,1,301,78.788,29.752,0.000
pipeline_b_degraded_link_operator_scene_v1,226,22.600,tower_01,tower,1,1,501,112.000,-42.000,18.000
pipeline_b_degraded_link_operator_scene_v1,227,22.700,bike_01,bike,1,1,101,64.295,-8.466,0.000
pipeline_b_degraded_link_operator_scene_v1,227,22.700,cow_01,cow,1,1,301,78.766,29.764,0.000
pipeline_b_degraded_link_operator_scene_v1,227,22.700,tower_01,tower,1,1,501,112.000,-42.000,18.000
pipeline_b_degraded_link_operator_scene_v1,228,22.800,bike_01,bike,1,1,101,64.380,-8.424,0.000
pipeline_b_degraded_link_operator_scene_v1,228,22.800,cow_01,cow,1,1,301,78.744,29.776,0.000
pipeline_b_degraded_link_operator_scene_v1,228,22.800,tower_01,tower,1,1,501,112.000,-42.000,18.000
pipeline_b_degraded_link_operator_scene_v1,229,22.900,bike_01,bike,1,1,101,64.465,-8.382,0.000
pipeline_b_degraded_link_operator_scene_v1,229,22.900,cow_01,cow,1,1,301,78.722,29.788,0.000
pipeline_b_degraded_link_operator_scene_v1,229,22.900,tower_01,tower,1,1,501,112.000,-42.000,18.000
pipeline_b_degraded_link_operator_scene_v1,230,23.000,bike_01,bike,1,1,101,64.550,-8.340,0.000
pipeline_b_degraded_link_operator_scene_v1,230,23.000,cow_01,cow,1,1,301,78.700,29.800,0.000
pipeline_b_degraded_link_operator_scene_v1,230,23.000,tower_01,tower,1,1,501,112.000,-42.000,18.000
pipeline_b_degraded_link_operator_scene_v1,231,23.100,bike_01,bike,1,1,101,64.635,-8.298,0.000
pipeline_b_degraded_link_operator_scene_v1,231,23.100,cow_01,cow,1,1,301,78.678,29.812,0.000
pipeline_b_degraded_link_operator_scene_v1,231,23.100,tower_01,tower,1,1,501,112.000,-42.000,18.000
pipeline_b_degraded_link_operator_scene_v1,232,23.200,bike_01,bike,1,1,101,64.720,-8.256,0.000
pipeline_b_degraded_link_operator_scene_v1,232,23.200,cow_01,cow,1,1,301,78.656,29.824,0.000
pipeline_b_degraded_link_operator_scene_v1,232,23.200,tower_01,tower,1,1,501,112.000,-42.000,18.000
pipeline_b_degraded_link_operator_scene_v1,233,23.300,bike_01,bike,1,1,101,64.805,-8.214,0.000
pipeline_b_degraded_link_operator_scene_v1,233,23.300,cow_01,cow,1,1,301,78.634,29.836,0.000
pipeline_b_degraded_link_operator_scene_v1,233,23.300,tower_01,tower,1,1,501,112.000,-42.000,18.000
pipeline_b_degraded_link_operator_scene_v1,234,23.400,bike_01,bike,1,1,101,64.890,-8.172,0.000
pipeline_b_degraded_link_operator_scene_v1,234,23.400,cow_01,cow,1,1,301,78.612,29.848,0.000
pipeline_b_degraded_link_operator_scene_v1,234,23.400,tower_01,tower,1,1,501,112.000,-42.000,18.000
pipeline_b_degraded_link_operator_scene_v1,235,23.500,bike_01,bike,1,1,101,64.975,-8.130,0.000
pipeline_b_degraded_link_operator_scene_v1,235,23.500,cow_01,cow,1,1,301,78.590,29.860,0.000
pipeline_b_degraded_link_operator_scene_v1,235,23.500,tower_01,tower,1,1,501,112.000,-42.000,18.000
pipeline_b_degraded_link_operator_scene_v1,236,23.600,bike_01,bike,1,1,101,65.060,-8.088,0.000
pipeline_b_degraded_link_operator_scene_v1,236,23.600,cow_01,cow,1,1,301,78.568,29.872,0.000
pipeline_b_degraded_link_operator_scene_v1,236,23.600,tower_01,tower,1,1,501,112.000,-42.000,18.000
pipeline_b_degraded_link_operator_scene_v1,237,23.700,bike_01,bike,1,1,101,65.145,-8.046,0.000
pipeline_b_degraded_link_operator_scene_v1,237,23.700,cow_01,cow,1,1,301,78.546,29.884,0.000
pipeline_b_degraded_link_operator_scene_v1,237,23.700,tower_01,tower,1,1,501,112.000,-42.000,18.000
pipeline_b_degraded_link_operator_scene_v1,238,23.800,bike_01,bike,1,1,101,65.230,-8.004,0.000
pipeline_b_degraded_link_operator_scene_v1,238,23.800,cow_01,cow,1,1,301,78.524,29.896,0.000
pipeline_b_degraded_link_operator_scene_v1,238,23.800,tower_01,tower,1,1,501,112.000,-42.000,18.000
pipeline_b_degraded_link_operator_scene_v1,239,23.900,bike_01,bike,1,1,101,65.315,-7.962,0.000
pipeline_b_degraded_link_operator_scene_v1,239,23.900,cow_01,cow,1,1,301,78.502,29.908,0.000
pipeline_b_degraded_link_operator_scene_v1,239,23.900,tower_01,tower,1,1,501,112.000,-42.000,18.000
pipeline_b_degraded_link_operator_scene_v1,240,24.000,bike_01,bike,1,1,101,65.400,-7.920,0.000
pipeline_b_degraded_link_operator_scene_v1,240,24.000,cow_01,cow,1,1,301,78.480,29.920,0.000
pipeline_b_degraded_link_operator_scene_v1,240,24.000,tower_01,tower,1,1,501,112.000,-42.000,18.000
pipeline_b_degraded_link_operator_scene_v1,241,24.100,bike_01,bike,1,1,101,65.485,-7.878,0.000
pipeline_b_degraded_link_operator_scene_v1,241,24.100,cow_01,cow,1,1,301,78.458,29.932,0.000
pipeline_b_degraded_link_operator_scene_v1,241,24.100,tower_01,tower,1,1,501,112.000,-42.000,18.000
pipeline_b_degraded_link_operator_scene_v1,242,24.200,bike_01,bike,1,1,101,65.570,-7.836,0.000
pipeline_b_degraded_link_operator_scene_v1,242,24.200,cow_01,cow,1,1,301,78.436,29.944,0.000
pipeline_b_degraded_link_operator_scene_v1,242,24.200,tower_01,tower,1,1,501,112.000,-42.000,18.000
pipeline_b_degraded_link_operator_scene_v1,243,24.300,bike_01,bike,1,1,101,65.655,-7.794,0.000
pipeline_b_degraded_link_operator_scene_v1,243,24.300,cow_01,cow,1,1,301,78.414,29.956,0.000
pipeline_b_degraded_link_operator_scene_v1,243,24.300,tower_01,tower,1,1,501,112.000,-42.000,18.000
pipeline_b_degraded_link_operator_scene_v1,244,24.400,bike_01,bike,1,1,101,65.740,-7.752,0.000
pipeline_b_degraded_link_operator_scene_v1,244,24.400,cow_01,cow,1,1,301,78.392,29.968,0.000
pipeline_b_degraded_link_operator_scene_v1,244,24.400,tower_01,tower,1,1,501,112.000,-42.000,18.000
pipeline_b_degraded_link_operator_scene_v1,245,24.500,bike_01,bike,1,1,101,65.825,-7.710,0.000
pipeline_b_degraded_link_operator_scene_v1,245,24.500,cow_01,cow,1,1,301,78.370,29.980,0.000
pipeline_b_degraded_link_operator_scene_v1,245,24.500,tower_01,tower,1,1,501,112.000,-42.000,18.000
pipeline_b_degraded_link_operator_scene_v1,246,24.600,bike_01,bike,1,1,101,65.910,-7.668,0.000
pipeline_b_degraded_link_operator_scene_v1,246,24.600,cow_01,cow,1,1,301,78.348,29.992,0.000
pipeline_b_degraded_link_operator_scene_v1,246,24.600,tower_01,tower,1,1,501,112.000,-42.000,18.000
pipeline_b_degraded_link_operator_scene_v1,247,24.700,bike_01,bike,1,1,101,65.995,-7.626,0.000
pipeline_b_degraded_link_operator_scene_v1,247,24.700,cow_01,cow,1,1,301,78.326,30.004,0.000
pipeline_b_degraded_link_operator_scene_v1,247,24.700,tower_01,tower,1,1,501,112.000,-42.000,18.000
pipeline_b_degraded_link_operator_scene_v1,248,24.800,bike_01,bike,1,1,101,66.080,-7.584,0.000
pipeline_b_degraded_link_operator_scene_v1,248,24.800,cow_01,cow,1,1,301,78.304,30.016,0.000
pipeline_b_degraded_link_operator_scene_v1,248,24.800,tower_01,tower,1,1,501,112.000,-42.000,18.000
pipeline_b_degraded_link_operator_scene_v1,249,24.900,bike_01,bike,1,1,101,66.165,-7.542,0.000
pipeline_b_degraded_link_operator_scene_v1,249,24.900,cow_01,cow,1,1,301,78.282,30.028,0.000
pipeline_b_degraded_link_operator_scene_v1,249,24.900,tower_01,tower,1,1,501,112.000,-42.000,18.000
pipeline_b_degraded_link_operator_scene_v1,250,25.000,bike_01,bike,1,1,101,66.250,-7.500,0.000
pipeline_b_degraded_link_operator_scene_v1,250,25.000,cow_01,cow,1,1,301,78.260,30.040,0.000
pipeline_b_degraded_link_operator_scene_v1,250,25.000,tower_01,tower,1,1,501,112.000,-42.000,18.000
pipeline_b_degraded_link_operator_scene_v1,251,25.100,bike_01,bike,1,1,101,66.335,-7.458,0.000
pipeline_b_degraded_link_operator_scene_v1,251,25.100,cow_01,cow,1,1,301,78.238,30.052,0.000
pipeline_b_degraded_link_operator_scene_v1,251,25.100,tower_01,tower,1,1,501,112.000,-42.000,18.000
pipeline_b_degraded_link_operator_scene_v1,252,25.200,bike_01,bike,1,1,101,66.420,-7.416,0.000
pipeline_b_degraded_link_operator_scene_v1,252,25.200,cow_01,cow,1,1,301,78.216,30.064,0.000
pipeline_b_degraded_link_operator_scene_v1,252,25.200,tower_01,tower,1,1,501,112.000,-42.000,18.000
pipeline_b_degraded_link_operator_scene_v1,253,25.300,bike_01,bike,1,1,101,66.505,-7.374,0.000
pipeline_b_degraded_link_operator_scene_v1,253,25.300,cow_01,cow,1,1,301,78.194,30.076,0.000
pipeline_b_degraded_link_operator_scene_v1,253,25.300,tower_01,tower,1,1,501,112.000,-42.000,18.000
pipeline_b_degraded_link_operator_scene_v1,254,25.400,bike_01,bike,1,1,101,66.590,-7.332,0.000
pipeline_b_degraded_link_operator_scene_v1,254,25.400,cow_01,cow,1,1,301,78.172,30.088,0.000
pipeline_b_degraded_link_operator_scene_v1,254,25.400,tower_01,tower,1,1,501,112.000,-42.000,18.000
pipeline_b_degraded_link_operator_scene_v1,255,25.500,bike_01,bike,1,1,101,66.675,-7.290,0.000
pipeline_b_degraded_link_operator_scene_v1,255,25.500,cow_01,cow,1,1,301,78.150,30.100,0.000
pipeline_b_degraded_link_operator_scene_v1,255,25.500,tower_01,tower,1,1,501,112.000,-42.000,18.000
pipeline_b_degraded_link_operator_scene_v1,256,25.600,bike_01,bike,1,1,101,66.760,-7.248,0.000
pipeline_b_degraded_link_operator_scene_v1,256,25.600,cow_01,cow,1,1,301,78.128,30.112,0.000
pipeline_b_degraded_link_operator_scene_v1,256,25.600,tower_01,tower,1,1,501,112.000,-42.000,18.000
pipeline_b_degraded_link_operator_scene_v1,257,25.700,bike_01,bike,1,1,101,66.845,-7.206,0.000
pipeline_b_degraded_link_operator_scene_v1,257,25.700,cow_01,cow,1,1,301,78.106,30.124,0.000
pipeline_b_degraded_link_operator_scene_v1,257,25.700,tower_01,tower,1,1,501,112.000,-42.000,18.000
pipeline_b_degraded_link_operator_scene_v1,258,25.800,bike_01,bike,1,1,101,66.930,-7.164,0.000
pipeline_b_degraded_link_operator_scene_v1,258,25.800,cow_01,cow,1,1,301,78.084,30.136,0.000
pipeline_b_degraded_link_operator_scene_v1,258,25.800,tower_01,tower,1,1,501,112.000,-42.000,18.000
pipeline_b_degraded_link_operator_scene_v1,259,25.900,bike_01,bike,1,1,101,67.015,-7.122,0.000
pipeline_b_degraded_link_operator_scene_v1,259,25.900,cow_01,cow,1,1,301,78.062,30.148,0.000
pipeline_b_degraded_link_operator_scene_v1,259,25.900,tower_01,tower,1,1,501,112.000,-42.000,18.000
pipeline_b_degraded_link_operator_scene_v1,260,26.000,bike_01,bike,1,1,101,67.100,-7.080,0.000
pipeline_b_degraded_link_operator_scene_v1,260,26.000,cow_01,cow,1,1,301,78.040,30.160,0.000
pipeline_b_degraded_link_operator_scene_v1,260,26.000,tower_01,tower,1,1,501,112.000,-42.000,18.000
pipeline_b_degraded_link_operator_scene_v1,261,26.100,bike_01,bike,1,1,101,67.185,-7.038,0.000
pipeline_b_degraded_link_operator_scene_v1,261,26.100,cow_01,cow,1,1,301,78.018,30.172,0.000
pipeline_b_degraded_link_operator_scene_v1,261,26.100,tower_01,tower,1,1,501,112.000,-42.000,18.000
pipeline_b_degraded_link_operator_scene_v1,262,26.200,bike_01,bike,1,1,101,67.270,-6.996,0.000
pipeline_b_degraded_link_operator_scene_v1,262,26.200,cow_01,cow,1,1,301,77.996,30.184,0.000
pipeline_b_degraded_link_operator_scene_v1,262,26.200,tower_01,tower,1,1,501,112.000,-42.000,18.000
pipeline_b_degraded_link_operator_scene_v1,263,26.300,bike_01,bike,1,1,101,67.355,-6.954,0.000
pipeline_b_degraded_link_operator_scene_v1,263,26.300,cow_01,cow,1,1,301,77.974,30.196,0.000
pipeline_b_degraded_link_operator_scene_v1,263,26.300,tower_01,tower,1,1,501,112.000,-42.000,18.000
pipeline_b_degraded_link_operator_scene_v1,264,26.400,bike_01,bike,1,1,101,67.440,-6.912,0.000
pipeline_b_degraded_link_operator_scene_v1,264,26.400,cow_01,cow,1,1,301,77.952,30.208,0.000
pipeline_b_degraded_link_operator_scene_v1,264,26.400,tower_01,tower,1,1,501,112.000,-42.000,18.000
pipeline_b_degraded_link_operator_scene_v1,265,26.500,bike_01,bike,1,1,101,67.525,-6.870,0.000
pipeline_b_degraded_link_operator_scene_v1,265,26.500,cow_01,cow,1,1,301,77.930,30.220,0.000
pipeline_b_degraded_link_operator_scene_v1,265,26.500,tower_01,tower,1,1,501,112.000,-42.000,18.000
pipeline_b_degraded_link_operator_scene_v1,266,26.600,bike_01,bike,1,1,101,67.610,-6.828,0.000
pipeline_b_degraded_link_operator_scene_v1,266,26.600,cow_01,cow,1,1,301,77.908,30.232,0.000
pipeline_b_degraded_link_operator_scene_v1,266,26.600,tower_01,tower,1,1,501,112.000,-42.000,18.000
pipeline_b_degraded_link_operator_scene_v1,267,26.700,bike_01,bike,1,1,101,67.695,-6.786,0.000
pipeline_b_degraded_link_operator_scene_v1,267,26.700,cow_01,cow,1,1,301,77.886,30.244,0.000
pipeline_b_degraded_link_operator_scene_v1,267,26.700,tower_01,tower,1,1,501,112.000,-42.000,18.000
pipeline_b_degraded_link_operator_scene_v1,268,26.800,bike_01,bike,1,1,101,67.780,-6.744,0.000
pipeline_b_degraded_link_operator_scene_v1,268,26.800,cow_01,cow,1,1,301,77.864,30.256,0.000
pipeline_b_degraded_link_operator_scene_v1,268,26.800,tower_01,tower,1,1,501,112.000,-42.000,18.000
pipeline_b_degraded_link_operator_scene_v1,269,26.900,bike_01,bike,1,1,101,67.865,-6.702,0.000
pipeline_b_degraded_link_operator_scene_v1,269,26.900,cow_01,cow,1,1,301,77.842,30.268,0.000
pipeline_b_degraded_link_operator_scene_v1,269,26.900,tower_01,tower,1,1,501,112.000,-42.000,18.000
pipeline_b_degraded_link_operator_scene_v1,270,27.000,bike_01,bike,1,1,101,67.950,-6.660,0.000
pipeline_b_degraded_link_operator_scene_v1,270,27.000,cow_01,cow,1,1,301,77.820,30.280,0.000
pipeline_b_degraded_link_operator_scene_v1,270,27.000,tower_01,tower,1,1,501,112.000,-42.000,18.000
pipeline_b_degraded_link_operator_scene_v1,271,27.100,bike_01,bike,1,1,101,68.035,-6.618,0.000
pipeline_b_degraded_link_operator_scene_v1,271,27.100,cow_01,cow,1,1,301,77.798,30.292,0.000
pipeline_b_degraded_link_operator_scene_v1,271,27.100,tower_01,tower,1,1,501,112.000,-42.000,18.000
pipeline_b_degraded_link_operator_scene_v1,272,27.200,bike_01,bike,1,1,101,68.120,-6.576,0.000
pipeline_b_degraded_link_operator_scene_v1,272,27.200,cow_01,cow,1,1,301,77.776,30.304,0.000
pipeline_b_degraded_link_operator_scene_v1,272,27.200,tower_01,tower,1,1,501,112.000,-42.000,18.000
pipeline_b_degraded_link_operator_scene_v1,273,27.300,bike_01,bike,1,1,101,68.205,-6.534,0.000
pipeline_b_degraded_link_operator_scene_v1,273,27.300,cow_01,cow,1,1,301,77.754,30.316,0.000
pipeline_b_degraded_link_operator_scene_v1,273,27.300,tower_01,tower,1,1,501,112.000,-42.000,18.000
pipeline_b_degraded_link_operator_scene_v1,274,27.400,bike_01,bike,1,1,101,68.290,-6.492,0.000
pipeline_b_degraded_link_operator_scene_v1,274,27.400,cow_01,cow,1,1,301,77.732,30.328,0.000
pipeline_b_degraded_link_operator_scene_v1,274,27.400,tower_01,tower,1,1,501,112.000,-42.000,18.000
pipeline_b_degraded_link_operator_scene_v1,275,27.500,bike_01,bike,1,1,101,68.375,-6.450,0.000
pipeline_b_degraded_link_operator_scene_v1,275,27.500,cow_01,cow,1,1,301,77.710,30.340,0.000
pipeline_b_degraded_link_operator_scene_v1,275,27.500,tower_01,tower,1,1,501,112.000,-42.000,18.000
pipeline_b_degraded_link_operator_scene_v1,276,27.600,bike_01,bike,1,1,101,68.460,-6.408,0.000
pipeline_b_degraded_link_operator_scene_v1,276,27.600,cow_01,cow,1,1,301,77.688,30.352,0.000
pipeline_b_degraded_link_operator_scene_v1,276,27.600,tower_01,tower,1,1,501,112.000,-42.000,18.000
pipeline_b_degraded_link_operator_scene_v1,277,27.700,bike_01,bike,1,1,101,68.545,-6.366,0.000
pipeline_b_degraded_link_operator_scene_v1,277,27.700,cow_01,cow,1,1,301,77.666,30.364,0.000
pipeline_b_degraded_link_operator_scene_v1,277,27.700,tower_01,tower,1,1,501,112.000,-42.000,18.000
pipeline_b_degraded_link_operator_scene_v1,278,27.800,bike_01,bike,1,1,101,68.630,-6.324,0.000
pipeline_b_degraded_link_operator_scene_v1,278,27.800,cow_01,cow,1,1,301,77.644,30.376,0.000
pipeline_b_degraded_link_operator_scene_v1,278,27.800,tower_01,tower,1,1,501,112.000,-42.000,18.000
pipeline_b_degraded_link_operator_scene_v1,279,27.900,bike_01,bike,1,1,101,68.715,-6.282,0.000
pipeline_b_degraded_link_operator_scene_v1,279,27.900,cow_01,cow,1,1,301,77.622,30.388,0.000
pipeline_b_degraded_link_operator_scene_v1,279,27.900,tower_01,tower,1,1,501,112.000,-42.000,18.000
pipeline_b_degraded_link_operator_scene_v1,280,28.000,bike_01,bike,1,1,101,68.800,-6.240,0.000
pipeline_b_degraded_link_operator_scene_v1,280,28.000,cow_01,cow,1,0,,77.600,30.400,0.000
pipeline_b_degraded_link_operator_scene_v1,280,28.000,tower_01,tower,1,1,501,112.000,-42.000,18.000
pipeline_b_degraded_link_operator_scene_v1,281,28.100,bike_01,bike,1,1,101,68.885,-6.198,0.000
pipeline_b_degraded_link_operator_scene_v1,281,28.100,cow_01,cow,1,0,,77.578,30.412,0.000
pipeline_b_degraded_link_operator_scene_v1,281,28.100,tower_01,tower,1,1,501,112.000,-42.000,18.000
pipeline_b_degraded_link_operator_scene_v1,282,28.200,bike_01,bike,1,1,101,68.970,-6.156,0.000
pipeline_b_degraded_link_operator_scene_v1,282,28.200,cow_01,cow,1,0,,77.556,30.424,0.000
pipeline_b_degraded_link_operator_scene_v1,282,28.200,tower_01,tower,1,1,501,112.000,-42.000,18.000
pipeline_b_degraded_link_operator_scene_v1,283,28.300,bike_01,bike,1,1,101,69.055,-6.114,0.000
pipeline_b_degraded_link_operator_scene_v1,283,28.300,cow_01,cow,1,0,,77.534,30.436,0.000
pipeline_b_degraded_link_operator_scene_v1,283,28.300,tower_01,tower,1,1,501,112.000,-42.000,18.000
pipeline_b_degraded_link_operator_scene_v1,284,28.400,bike_01,bike,1,1,101,69.140,-6.072,0.000
pipeline_b_degraded_link_operator_scene_v1,284,28.400,cow_01,cow,1,0,,77.512,30.448,0.000
pipeline_b_degraded_link_operator_scene_v1,284,28.400,tower_01,tower,1,1,501,112.000,-42.000,18.000
pipeline_b_degraded_link_operator_scene_v1,285,28.500,bike_01,bike,1,1,101,69.225,-6.030,0.000
pipeline_b_degraded_link_operator_scene_v1,285,28.500,cow_01,cow,1,0,,77.490,30.460,0.000
pipeline_b_degraded_link_operator_scene_v1,285,28.500,tower_01,tower,1,1,501,112.000,-42.000,18.000
pipeline_b_degraded_link_operator_scene_v1,286,28.600,bike_01,bike,1,1,101,69.310,-5.988,0.000
pipeline_b_degraded_link_operator_scene_v1,286,28.600,cow_01,cow,1,0,,77.468,30.472,0.000
pipeline_b_degraded_link_operator_scene_v1,286,28.600,tower_01,tower,1,1,501,112.000,-42.000,18.000
pipeline_b_degraded_link_operator_scene_v1,287,28.700,bike_01,bike,1,1,101,69.395,-5.946,0.000
pipeline_b_degraded_link_operator_scene_v1,287,28.700,cow_01,cow,1,0,,77.446,30.484,0.000
pipeline_b_degraded_link_operator_scene_v1,287,28.700,tower_01,tower,1,1,501,112.000,-42.000,18.000
pipeline_b_degraded_link_operator_scene_v1,288,28.800,bike_01,bike,1,1,101,69.480,-5.904,0.000
pipeline_b_degraded_link_operator_scene_v1,288,28.800,cow_01,cow,1,0,,77.424,30.496,0.000
pipeline_b_degraded_link_operator_scene_v1,288,28.800,tower_01,tower,1,1,501,112.000,-42.000,18.000
pipeline_b_degraded_link_operator_scene_v1,289,28.900,bike_01,bike,1,1,101,69.565,-5.862,0.000
pipeline_b_degraded_link_operator_scene_v1,289,28.900,cow_01,cow,1,0,,77.402,30.508,0.000
pipeline_b_degraded_link_operator_scene_v1,289,28.900,tower_01,tower,1,1,501,112.000,-42.000,18.000
pipeline_b_degraded_link_operator_scene_v1,290,29.000,bike_01,bike,1,1,101,69.650,-5.820,0.000
pipeline_b_degraded_link_operator_scene_v1,290,29.000,cow_01,cow,1,0,,77.380,30.520,0.000
pipeline_b_degraded_link_operator_scene_v1,290,29.000,tower_01,tower,1,1,501,112.000,-42.000,18.000
pipeline_b_degraded_link_operator_scene_v1,291,29.100,bike_01,bike,1,1,101,69.735,-5.778,0.000
pipeline_b_degraded_link_operator_scene_v1,291,29.100,cow_01,cow,1,0,,77.358,30.532,0.000
pipeline_b_degraded_link_operator_scene_v1,291,29.100,tower_01,tower,1,1,501,112.000,-42.000,18.000
pipeline_b_degraded_link_operator_scene_v1,292,29.200,bike_01,bike,1,1,101,69.820,-5.736,0.000
pipeline_b_degraded_link_operator_scene_v1,292,29.200,cow_01,cow,1,0,,77.336,30.544,0.000
pipeline_b_degraded_link_operator_scene_v1,292,29.200,tower_01,tower,1,1,501,112.000,-42.000,18.000
pipeline_b_degraded_link_operator_scene_v1,293,29.300,bike_01,bike,1,1,101,69.905,-5.694,0.000
pipeline_b_degraded_link_operator_scene_v1,293,29.300,cow_01,cow,1,0,,77.314,30.556,0.000
pipeline_b_degraded_link_operator_scene_v1,293,29.300,tower_01,tower,1,1,501,112.000,-42.000,18.000
pipeline_b_degraded_link_operator_scene_v1,294,29.400,bike_01,bike,1,1,101,69.990,-5.652,0.000
pipeline_b_degraded_link_operator_scene_v1,294,29.400,cow_01,cow,1,0,,77.292,30.568,0.000
pipeline_b_degraded_link_operator_scene_v1,294,29.400,tower_01,tower,1,1,501,112.000,-42.000,18.000
pipeline_b_degraded_link_operator_scene_v1,295,29.500,bike_01,bike,1,1,101,70.075,-5.610,0.000
pipeline_b_degraded_link_operator_scene_v1,295,29.500,cow_01,cow,1,0,,77.270,30.580,0.000
pipeline_b_degraded_link_operator_scene_v1,295,29.500,tower_01,tower,1,1,501,112.000,-42.000,18.000
pipeline_b_degraded_link_operator_scene_v1,296,29.600,bike_01,bike,1,1,101,70.160,-5.568,0.000
pipeline_b_degraded_link_operator_scene_v1,296,29.600,cow_01,cow,1,0,,77.248,30.592,0.000
pipeline_b_degraded_link_operator_scene_v1,296,29.600,tower_01,tower,1,1,501,112.000,-42.000,18.000
pipeline_b_degraded_link_operator_scene_v1,297,29.700,bike_01,bike,1,1,101,70.245,-5.526,0.000
pipeline_b_degraded_link_operator_scene_v1,297,29.700,cow_01,cow,1,0,,77.226,30.604,0.000
pipeline_b_degraded_link_operator_scene_v1,297,29.700,tower_01,tower,1,1,501,112.000,-42.000,18.000
pipeline_b_degraded_link_operator_scene_v1,298,29.800,bike_01,bike,1,1,101,70.330,-5.484,0.000
pipeline_b_degraded_link_operator_scene_v1,298,29.800,cow_01,cow,1,0,,77.204,30.616,0.000
pipeline_b_degraded_link_operator_scene_v1,298,29.800,tower_01,tower,1,1,501,112.000,-42.000,18.000
pipeline_b_degraded_link_operator_scene_v1,299,29.900,bike_01,bike,1,1,101,70.415,-5.442,0.000
pipeline_b_degraded_link_operator_scene_v1,299,29.900,cow_01,cow,1,0,,77.182,30.628,0.000
pipeline_b_degraded_link_operator_scene_v1,299,29.900,tower_01,tower,1,1,501,112.000,-42.000,18.000
pipeline_b_degraded_link_operator_scene_v1,300,30.000,bike_01,bike,1,1,101,70.500,-5.400,0.000
pipeline_b_degraded_link_operator_scene_v1,300,30.000,cow_01,cow,1,0,,77.160,30.640,0.000
pipeline_b_degraded_link_operator_scene_v1,300,30.000,tower_01,tower,1,1,501,112.000,-42.000,18.000
pipeline_b_degraded_link_operator_scene_v1,301,30.100,bike_01,bike,1,1,101,70.585,-5.358,0.000
pipeline_b_degraded_link_operator_scene_v1,301,30.100,cow_01,cow,1,0,,77.138,30.652,0.000
pipeline_b_degraded_link_operator_scene_v1,301,30.100,tower_01,tower,1,1,501,112.000,-42.000,18.000
pipeline_b_degraded_link_operator_scene_v1,302,30.200,bike_01,bike,1,1,101,70.670,-5.316,0.000
pipeline_b_degraded_link_operator_scene_v1,302,30.200,cow_01,cow,1,0,,77.116,30.664,0.000
pipeline_b_degraded_link_operator_scene_v1,302,30.200,tower_01,tower,1,1,501,112.000,-42.000,18.000
pipeline_b_degraded_link_operator_scene_v1,303,30.300,bike_01,bike,1,1,101,70.755,-5.274,0.000
pipeline_b_degraded_link_operator_scene_v1,303,30.300,cow_01,cow,1,0,,77.094,30.676,0.000
pipeline_b_degraded_link_operator_scene_v1,303,30.300,tower_01,tower,1,1,501,112.000,-42.000,18.000
pipeline_b_degraded_link_operator_scene_v1,304,30.400,bike_01,bike,1,1,101,70.840,-5.232,0.000
pipeline_b_degraded_link_operator_scene_v1,304,30.400,cow_01,cow,1,0,,77.072,30.688,0.000
pipeline_b_degraded_link_operator_scene_v1,304,30.400,tower_01,tower,1,1,501,112.000,-42.000,18.000
pipeline_b_degraded_link_operator_scene_v1,305,30.500,bike_01,bike,1,1,101,70.925,-5.190,0.000
pipeline_b_degraded_link_operator_scene_v1,305,30.500,cow_01,cow,1,0,,77.050,30.700,0.000
pipeline_b_degraded_link_operator_scene_v1,305,30.500,tower_01,tower,1,1,501,112.000,-42.000,18.000
pipeline_b_degraded_link_operator_scene_v1,306,30.600,bike_01,bike,1,1,101,71.010,-5.148,0.000
pipeline_b_degraded_link_operator_scene_v1,306,30.600,cow_01,cow,1,0,,77.028,30.712,0.000
pipeline_b_degraded_link_operator_scene_v1,306,30.600,tower_01,tower,1,1,501,112.000,-42.000,18.000
pipeline_b_degraded_link_operator_scene_v1,307,30.700,bike_01,bike,1,1,101,71.095,-5.106,0.000
pipeline_b_degraded_link_operator_scene_v1,307,30.700,cow_01,cow,1,0,,77.006,30.724,0.000
pipeline_b_degraded_link_operator_scene_v1,307,30.700,tower_01,tower,1,1,501,112.000,-42.000,18.000
pipeline_b_degraded_link_operator_scene_v1,308,30.800,bike_01,bike,1,1,101,71.180,-5.064,0.000
pipeline_b_degraded_link_operator_scene_v1,308,30.800,cow_01,cow,1,0,,76.984,30.736,0.000
pipeline_b_degraded_link_operator_scene_v1,308,30.800,tower_01,tower,1,1,501,112.000,-42.000,18.000
pipeline_b_degraded_link_operator_scene_v1,309,30.900,bike_01,bike,1,1,101,71.265,-5.022,0.000
pipeline_b_degraded_link_operator_scene_v1,309,30.900,cow_01,cow,1,0,,76.962,30.748,0.000
pipeline_b_degraded_link_operator_scene_v1,309,30.900,tower_01,tower,1,1,501,112.000,-42.000,18.000
pipeline_b_degraded_link_operator_scene_v1,310,31.000,bike_01,bike,1,1,101,71.350,-4.980,0.000
pipeline_b_degraded_link_operator_scene_v1,310,31.000,cow_01,cow,1,1,301,76.940,30.760,0.000
pipeline_b_degraded_link_operator_scene_v1,310,31.000,tower_01,tower,1,1,501,112.000,-42.000,18.000
pipeline_b_degraded_link_operator_scene_v1,311,31.100,bike_01,bike,1,1,101,71.435,-4.938,0.000
pipeline_b_degraded_link_operator_scene_v1,311,31.100,cow_01,cow,1,1,301,76.918,30.772,0.000
pipeline_b_degraded_link_operator_scene_v1,311,31.100,tower_01,tower,1,1,501,112.000,-42.000,18.000
pipeline_b_degraded_link_operator_scene_v1,312,31.200,bike_01,bike,1,1,101,71.520,-4.896,0.000
pipeline_b_degraded_link_operator_scene_v1,312,31.200,cow_01,cow,1,1,301,76.896,30.784,0.000
pipeline_b_degraded_link_operator_scene_v1,312,31.200,tower_01,tower,1,1,501,112.000,-42.000,18.000
pipeline_b_degraded_link_operator_scene_v1,313,31.300,bike_01,bike,1,1,101,71.605,-4.854,0.000
pipeline_b_degraded_link_operator_scene_v1,313,31.300,cow_01,cow,1,1,301,76.874,30.796,0.000
pipeline_b_degraded_link_operator_scene_v1,313,31.300,tower_01,tower,1,1,501,112.000,-42.000,18.000
pipeline_b_degraded_link_operator_scene_v1,314,31.400,bike_01,bike,1,1,101,71.690,-4.812,0.000
pipeline_b_degraded_link_operator_scene_v1,314,31.400,cow_01,cow,1,1,301,76.852,30.808,0.000
pipeline_b_degraded_link_operator_scene_v1,314,31.400,tower_01,tower,1,1,501,112.000,-42.000,18.000
pipeline_b_degraded_link_operator_scene_v1,315,31.500,bike_01,bike,1,1,101,71.775,-4.770,0.000
pipeline_b_degraded_link_operator_scene_v1,315,31.500,cow_01,cow,1,1,301,76.830,30.820,0.000
pipeline_b_degraded_link_operator_scene_v1,315,31.500,tower_01,tower,1,1,501,112.000,-42.000,18.000
pipeline_b_degraded_link_operator_scene_v1,316,31.600,bike_01,bike,1,1,101,71.860,-4.728,0.000
pipeline_b_degraded_link_operator_scene_v1,316,31.600,cow_01,cow,1,1,301,76.808,30.832,0.000
pipeline_b_degraded_link_operator_scene_v1,316,31.600,tower_01,tower,1,1,501,112.000,-42.000,18.000
pipeline_b_degraded_link_operator_scene_v1,317,31.700,bike_01,bike,1,1,101,71.945,-4.686,0.000
pipeline_b_degraded_link_operator_scene_v1,317,31.700,cow_01,cow,1,1,301,76.786,30.844,0.000
pipeline_b_degraded_link_operator_scene_v1,317,31.700,tower_01,tower,1,1,501,112.000,-42.000,18.000
pipeline_b_degraded_link_operator_scene_v1,318,31.800,bike_01,bike,1,1,101,72.030,-4.644,0.000
pipeline_b_degraded_link_operator_scene_v1,318,31.800,cow_01,cow,1,1,301,76.764,30.856,0.000
pipeline_b_degraded_link_operator_scene_v1,318,31.800,tower_01,tower,1,1,501,112.000,-42.000,18.000
pipeline_b_degraded_link_operator_scene_v1,319,31.900,bike_01,bike,1,1,101,72.115,-4.602,0.000
pipeline_b_degraded_link_operator_scene_v1,319,31.900,cow_01,cow,1,1,301,76.742,30.868,0.000
pipeline_b_degraded_link_operator_scene_v1,319,31.900,tower_01,tower,1,1,501,112.000,-42.000,18.000
pipeline_b_degraded_link_operator_scene_v1,320,32.000,bike_01,bike,1,1,101,72.200,-4.560,0.000
pipeline_b_degraded_link_operator_scene_v1,320,32.000,cow_01,cow,1,1,301,76.720,30.880,0.000
pipeline_b_degraded_link_operator_scene_v1,320,32.000,tower_01,tower,1,1,501,112.000,-42.000,18.000
pipeline_b_degraded_link_operator_scene_v1,321,32.100,bike_01,bike,1,1,101,72.285,-4.518,0.000
pipeline_b_degraded_link_operator_scene_v1,321,32.100,cow_01,cow,1,1,301,76.698,30.892,0.000
pipeline_b_degraded_link_operator_scene_v1,321,32.100,tower_01,tower,1,1,501,112.000,-42.000,18.000
pipeline_b_degraded_link_operator_scene_v1,322,32.200,bike_01,bike,1,1,101,72.370,-4.476,0.000
pipeline_b_degraded_link_operator_scene_v1,322,32.200,cow_01,cow,1,1,301,76.676,30.904,0.000
pipeline_b_degraded_link_operator_scene_v1,322,32.200,tower_01,tower,1,1,501,112.000,-42.000,18.000
pipeline_b_degraded_link_operator_scene_v1,323,32.300,bike_01,bike,1,1,101,72.455,-4.434,0.000
pipeline_b_degraded_link_operator_scene_v1,323,32.300,cow_01,cow,1,1,301,76.654,30.916,0.000
pipeline_b_degraded_link_operator_scene_v1,323,32.300,tower_01,tower,1,1,501,112.000,-42.000,18.000
pipeline_b_degraded_link_operator_scene_v1,324,32.400,bike_01,bike,1,1,101,72.540,-4.392,0.000
pipeline_b_degraded_link_operator_scene_v1,324,32.400,cow_01,cow,1,1,301,76.632,30.928,0.000
pipeline_b_degraded_link_operator_scene_v1,324,32.400,tower_01,tower,1,1,501,112.000,-42.000,18.000
pipeline_b_degraded_link_operator_scene_v1,325,32.500,bike_01,bike,1,1,101,72.625,-4.350,0.000
pipeline_b_degraded_link_operator_scene_v1,325,32.500,cow_01,cow,1,1,301,76.610,30.940,0.000
pipeline_b_degraded_link_operator_scene_v1,325,32.500,tower_01,tower,1,1,501,112.000,-42.000,18.000
pipeline_b_degraded_link_operator_scene_v1,326,32.600,bike_01,bike,1,1,101,72.710,-4.308,0.000
pipeline_b_degraded_link_operator_scene_v1,326,32.600,cow_01,cow,1,1,301,76.588,30.952,0.000
pipeline_b_degraded_link_operator_scene_v1,326,32.600,tower_01,tower,1,1,501,112.000,-42.000,18.000
pipeline_b_degraded_link_operator_scene_v1,327,32.700,bike_01,bike,1,1,101,72.795,-4.266,0.000
pipeline_b_degraded_link_operator_scene_v1,327,32.700,cow_01,cow,1,1,301,76.566,30.964,0.000
pipeline_b_degraded_link_operator_scene_v1,327,32.700,tower_01,tower,1,1,501,112.000,-42.000,18.000
pipeline_b_degraded_link_operator_scene_v1,328,32.800,bike_01,bike,1,1,101,72.880,-4.224,0.000
pipeline_b_degraded_link_operator_scene_v1,328,32.800,cow_01,cow,1,1,301,76.544,30.976,0.000
pipeline_b_degraded_link_operator_scene_v1,328,32.800,tower_01,tower,1,1,501,112.000,-42.000,18.000
pipeline_b_degraded_link_operator_scene_v1,329,32.900,bike_01,bike,1,1,101,72.965,-4.182,0.000
pipeline_b_degraded_link_operator_scene_v1,329,32.900,cow_01,cow,1,1,301,76.522,30.988,0.000
pipeline_b_degraded_link_operator_scene_v1,329,32.900,tower_01,tower,1,1,501,112.000,-42.000,18.000
pipeline_b_degraded_link_operator_scene_v1,330,33.000,bike_01,bike,1,1,101,73.050,-4.140,0.000
pipeline_b_degraded_link_operator_scene_v1,330,33.000,cow_01,cow,1,1,301,76.500,31.000,0.000
pipeline_b_degraded_link_operator_scene_v1,330,33.000,tower_01,tower,1,1,501,112.000,-42.000,18.000
pipeline_b_degraded_link_operator_scene_v1,331,33.100,bike_01,bike,1,1,101,73.135,-4.098,0.000
pipeline_b_degraded_link_operator_scene_v1,331,33.100,cow_01,cow,1,1,301,76.478,31.012,0.000
pipeline_b_degraded_link_operator_scene_v1,331,33.100,tower_01,tower,1,1,501,112.000,-42.000,18.000
pipeline_b_degraded_link_operator_scene_v1,332,33.200,bike_01,bike,1,1,101,73.220,-4.056,0.000
pipeline_b_degraded_link_operator_scene_v1,332,33.200,cow_01,cow,1,1,301,76.456,31.024,0.000
pipeline_b_degraded_link_operator_scene_v1,332,33.200,tower_01,tower,1,1,501,112.000,-42.000,18.000
pipeline_b_degraded_link_operator_scene_v1,333,33.300,bike_01,bike,1,1,101,73.305,-4.014,0.000
pipeline_b_degraded_link_operator_scene_v1,333,33.300,cow_01,cow,1,1,301,76.434,31.036,0.000
pipeline_b_degraded_link_operator_scene_v1,333,33.300,tower_01,tower,1,1,501,112.000,-42.000,18.000
pipeline_b_degraded_link_operator_scene_v1,334,33.400,bike_01,bike,1,1,101,73.390,-3.972,0.000
pipeline_b_degraded_link_operator_scene_v1,334,33.400,cow_01,cow,1,1,301,76.412,31.048,0.000
pipeline_b_degraded_link_operator_scene_v1,334,33.400,tower_01,tower,1,1,501,112.000,-42.000,18.000
pipeline_b_degraded_link_operator_scene_v1,335,33.500,bike_01,bike,1,1,101,73.475,-3.930,0.000
pipeline_b_degraded_link_operator_scene_v1,335,33.500,cow_01,cow,1,1,301,76.390,31.060,0.000
pipeline_b_degraded_link_operator_scene_v1,335,33.500,tower_01,tower,1,1,501,112.000,-42.000,18.000
pipeline_b_degraded_link_operator_scene_v1,336,33.600,bike_01,bike,1,1,101,73.560,-3.888,0.000
pipeline_b_degraded_link_operator_scene_v1,336,33.600,cow_01,cow,1,1,301,76.368,31.072,0.000
pipeline_b_degraded_link_operator_scene_v1,336,33.600,tower_01,tower,1,1,501,112.000,-42.000,18.000
pipeline_b_degraded_link_operator_scene_v1,337,33.700,bike_01,bike,1,1,101,73.645,-3.846,0.000
pipeline_b_degraded_link_operator_scene_v1,337,33.700,cow_01,cow,1,1,301,76.346,31.084,0.000
pipeline_b_degraded_link_operator_scene_v1,337,33.700,tower_01,tower,1,1,501,112.000,-42.000,18.000
pipeline_b_degraded_link_operator_scene_v1,338,33.800,bike_01,bike,1,1,101,73.730,-3.804,0.000
pipeline_b_degraded_link_operator_scene_v1,338,33.800,cow_01,cow,1,1,301,76.324,31.096,0.000
pipeline_b_degraded_link_operator_scene_v1,338,33.800,tower_01,tower,1,1,501,112.000,-42.000,18.000
pipeline_b_degraded_link_operator_scene_v1,339,33.900,bike_01,bike,1,1,101,73.815,-3.762,0.000
pipeline_b_degraded_link_operator_scene_v1,339,33.900,cow_01,cow,1,1,301,76.302,31.108,0.000
pipeline_b_degraded_link_operator_scene_v1,339,33.900,tower_01,tower,1,1,501,112.000,-42.000,18.000
pipeline_b_degraded_link_operator_scene_v1,340,34.000,bike_01,bike,1,1,201,73.900,-3.720,0.000
pipeline_b_degraded_link_operator_scene_v1,340,34.000,cow_01,cow,1,1,301,76.280,31.120,0.000
pipeline_b_degraded_link_operator_scene_v1,340,34.000,tower_01,tower,1,1,501,112.000,-42.000,18.000
pipeline_b_degraded_link_operator_scene_v1,341,34.100,bike_01,bike,1,1,201,73.985,-3.678,0.000
pipeline_b_degraded_link_operator_scene_v1,341,34.100,cow_01,cow,1,1,301,76.258,31.132,0.000
pipeline_b_degraded_link_operator_scene_v1,341,34.100,tower_01,tower,1,1,501,112.000,-42.000,18.000
pipeline_b_degraded_link_operator_scene_v1,342,34.200,bike_01,bike,1,1,201,74.070,-3.636,0.000
pipeline_b_degraded_link_operator_scene_v1,342,34.200,cow_01,cow,1,1,301,76.236,31.144,0.000
pipeline_b_degraded_link_operator_scene_v1,342,34.200,tower_01,tower,1,1,501,112.000,-42.000,18.000
pipeline_b_degraded_link_operator_scene_v1,343,34.300,bike_01,bike,1,1,201,74.155,-3.594,0.000
pipeline_b_degraded_link_operator_scene_v1,343,34.300,cow_01,cow,1,1,301,76.214,31.156,0.000
pipeline_b_degraded_link_operator_scene_v1,343,34.300,tower_01,tower,1,1,501,112.000,-42.000,18.000
pipeline_b_degraded_link_operator_scene_v1,344,34.400,bike_01,bike,1,1,201,74.240,-3.552,0.000
pipeline_b_degraded_link_operator_scene_v1,344,34.400,cow_01,cow,1,1,301,76.192,31.168,0.000
pipeline_b_degraded_link_operator_scene_v1,344,34.400,tower_01,tower,1,1,501,112.000,-42.000,18.000
pipeline_b_degraded_link_operator_scene_v1,345,34.500,bike_01,bike,1,1,201,74.325,-3.510,0.000
pipeline_b_degraded_link_operator_scene_v1,345,34.500,cow_01,cow,1,1,301,76.170,31.180,0.000
pipeline_b_degraded_link_operator_scene_v1,345,34.500,tower_01,tower,1,1,501,112.000,-42.000,18.000
pipeline_b_degraded_link_operator_scene_v1,346,34.600,bike_01,bike,1,1,201,74.410,-3.468,0.000
pipeline_b_degraded_link_operator_scene_v1,346,34.600,cow_01,cow,1,1,301,76.148,31.192,0.000
pipeline_b_degraded_link_operator_scene_v1,346,34.600,tower_01,tower,1,1,501,112.000,-42.000,18.000
pipeline_b_degraded_link_operator_scene_v1,347,34.700,bike_01,bike,1,1,201,74.495,-3.426,0.000
pipeline_b_degraded_link_operator_scene_v1,347,34.700,cow_01,cow,1,1,301,76.126,31.204,0.000
pipeline_b_degraded_link_operator_scene_v1,347,34.700,tower_01,tower,1,1,501,112.000,-42.000,18.000
pipeline_b_degraded_link_operator_scene_v1,348,34.800,bike_01,bike,1,1,201,74.580,-3.384,0.000
pipeline_b_degraded_link_operator_scene_v1,348,34.800,cow_01,cow,1,1,301,76.104,31.216,0.000
pipeline_b_degraded_link_operator_scene_v1,348,34.800,tower_01,tower,1,1,501,112.000,-42.000,18.000
pipeline_b_degraded_link_operator_scene_v1,349,34.900,bike_01,bike,1,1,201,74.665,-3.342,0.000
pipeline_b_degraded_link_operator_scene_v1,349,34.900,cow_01,cow,1,1,301,76.082,31.228,0.000
pipeline_b_degraded_link_operator_scene_v1,349,34.900,tower_01,tower,1,1,501,112.000,-42.000,18.000
pipeline_b_degraded_link_operator_scene_v1,350,35.000,bike_01,bike,1,1,201,74.750,-3.300,0.000
pipeline_b_degraded_link_operator_scene_v1,350,35.000,cow_01,cow,1,1,301,76.060,31.240,0.000
pipeline_b_degraded_link_operator_scene_v1,350,35.000,tower_01,tower,1,1,501,112.000,-42.000,18.000
pipeline_b_degraded_link_operator_scene_v1,351,35.100,bike_01,bike,1,1,201,74.835,-3.258,0.000
pipeline_b_degraded_link_operator_scene_v1,351,35.100,cow_01,cow,1,1,301,76.038,31.252,0.000
pipeline_b_degraded_link_operator_scene_v1,351,35.100,tower_01,tower,1,1,501,112.000,-42.000,18.000
pipeline_b_degraded_link_operator_scene_v1,352,35.200,bike_01,bike,1,1,201,74.920,-3.216,0.000
pipeline_b_degraded_link_operator_scene_v1,352,35.200,cow_01,cow,1,1,301,76.016,31.264,0.000
pipeline_b_degraded_link_operator_scene_v1,352,35.200,tower_01,tower,1,1,501,112.000,-42.000,18.000
pipeline_b_degraded_link_operator_scene_v1,353,35.300,bike_01,bike,1,1,201,75.005,-3.174,0.000
pipeline_b_degraded_link_operator_scene_v1,353,35.300,cow_01,cow,1,1,301,75.994,31.276,0.000
pipeline_b_degraded_link_operator_scene_v1,353,35.300,tower_01,tower,1,1,501,112.000,-42.000,18.000
pipeline_b_degraded_link_operator_scene_v1,354,35.400,bike_01,bike,1,1,201,75.090,-3.132,0.000
pipeline_b_degraded_link_operator_scene_v1,354,35.400,cow_01,cow,1,1,301,75.972,31.288,0.000
pipeline_b_degraded_link_operator_scene_v1,354,35.400,tower_01,tower,1,1,501,112.000,-42.000,18.000
pipeline_b_degraded_link_operator_scene_v1,355,35.500,bike_01,bike,1,1,201,75.175,-3.090,0.000
pipeline_b_degraded_link_operator_scene_v1,355,35.500,cow_01,cow,1,1,301,75.950,31.300,0.000
pipeline_b_degraded_link_operator_scene_v1,355,35.500,tower_01,tower,1,1,501,112.000,-42.000,18.000
pipeline_b_degraded_link_operator_scene_v1,356,35.600,bike_01,bike,1,1,201,75.260,-3.048,0.000
pipeline_b_degraded_link_operator_scene_v1,356,35.600,cow_01,cow,1,1,301,75.928,31.312,0.000
pipeline_b_degraded_link_operator_scene_v1,356,35.600,tower_01,tower,1,1,501,112.000,-42.000,18.000
pipeline_b_degraded_link_operator_scene_v1,357,35.700,bike_01,bike,1,1,201,75.345,-3.006,0.000
pipeline_b_degraded_link_operator_scene_v1,357,35.700,cow_01,cow,1,1,301,75.906,31.324,0.000
pipeline_b_degraded_link_operator_scene_v1,357,35.700,tower_01,tower,1,1,501,112.000,-42.000,18.000
pipeline_b_degraded_link_operator_scene_v1,358,35.800,bike_01,bike,1,1,201,75.430,-2.964,0.000
pipeline_b_degraded_link_operator_scene_v1,358,35.800,cow_01,cow,1,1,301,75.884,31.336,0.000
pipeline_b_degraded_link_operator_scene_v1,358,35.800,tower_01,tower,1,1,501,112.000,-42.000,18.000
pipeline_b_degraded_link_operator_scene_v1,359,35.900,bike_01,bike,1,1,201,75.515,-2.922,0.000
pipeline_b_degraded_link_operator_scene_v1,359,35.900,cow_01,cow,1,1,301,75.862,31.348,0.000
pipeline_b_degraded_link_operator_scene_v1,359,35.900,tower_01,tower,1,1,501,112.000,-42.000,18.000
pipeline_b_degraded_link_operator_scene_v1,360,36.000,bike_01,bike,1,1,201,75.600,-2.880,0.000
pipeline_b_degraded_link_operator_scene_v1,360,36.000,cow_01,cow,1,1,301,75.840,31.360,0.000
pipeline_b_degraded_link_operator_scene_v1,360,36.000,tower_01,tower,1,1,501,112.000,-42.000,18.000
pipeline_b_degraded_link_operator_scene_v1,361,36.100,bike_01,bike,1,1,201,75.685,-2.838,0.000
pipeline_b_degraded_link_operator_scene_v1,361,36.100,cow_01,cow,1,1,301,75.818,31.372,0.000
pipeline_b_degraded_link_operator_scene_v1,361,36.100,tower_01,tower,1,1,501,112.000,-42.000,18.000
pipeline_b_degraded_link_operator_scene_v1,362,36.200,bike_01,bike,1,1,201,75.770,-2.796,0.000
pipeline_b_degraded_link_operator_scene_v1,362,36.200,cow_01,cow,1,1,301,75.796,31.384,0.000
pipeline_b_degraded_link_operator_scene_v1,362,36.200,tower_01,tower,1,1,501,112.000,-42.000,18.000
pipeline_b_degraded_link_operator_scene_v1,363,36.300,bike_01,bike,1,1,201,75.855,-2.754,0.000
pipeline_b_degraded_link_operator_scene_v1,363,36.300,cow_01,cow,1,1,301,75.774,31.396,0.000
pipeline_b_degraded_link_operator_scene_v1,363,36.300,tower_01,tower,1,1,501,112.000,-42.000,18.000
pipeline_b_degraded_link_operator_scene_v1,364,36.400,bike_01,bike,1,1,201,75.940,-2.712,0.000
pipeline_b_degraded_link_operator_scene_v1,364,36.400,cow_01,cow,1,1,301,75.752,31.408,0.000
pipeline_b_degraded_link_operator_scene_v1,364,36.400,tower_01,tower,1,1,501,112.000,-42.000,18.000
pipeline_b_degraded_link_operator_scene_v1,365,36.500,bike_01,bike,1,1,201,76.025,-2.670,0.000
pipeline_b_degraded_link_operator_scene_v1,365,36.500,cow_01,cow,1,1,301,75.730,31.420,0.000
pipeline_b_degraded_link_operator_scene_v1,365,36.500,tower_01,tower,1,1,501,112.000,-42.000,18.000
pipeline_b_degraded_link_operator_scene_v1,366,36.600,bike_01,bike,1,1,201,76.110,-2.628,0.000
pipeline_b_degraded_link_operator_scene_v1,366,36.600,cow_01,cow,1,1,301,75.708,31.432,0.000
pipeline_b_degraded_link_operator_scene_v1,366,36.600,tower_01,tower,1,1,501,112.000,-42.000,18.000
pipeline_b_degraded_link_operator_scene_v1,367,36.700,bike_01,bike,1,1,201,76.195,-2.586,0.000
pipeline_b_degraded_link_operator_scene_v1,367,36.700,cow_01,cow,1,1,301,75.686,31.444,0.000
pipeline_b_degraded_link_operator_scene_v1,367,36.700,tower_01,tower,1,1,501,112.000,-42.000,18.000
pipeline_b_degraded_link_operator_scene_v1,368,36.800,bike_01,bike,1,1,201,76.280,-2.544,0.000
pipeline_b_degraded_link_operator_scene_v1,368,36.800,cow_01,cow,1,1,301,75.664,31.456,0.000
pipeline_b_degraded_link_operator_scene_v1,368,36.800,tower_01,tower,1,1,501,112.000,-42.000,18.000
pipeline_b_degraded_link_operator_scene_v1,369,36.900,bike_01,bike,1,1,201,76.365,-2.502,0.000
pipeline_b_degraded_link_operator_scene_v1,369,36.900,cow_01,cow,1,1,301,75.642,31.468,0.000
pipeline_b_degraded_link_operator_scene_v1,369,36.900,tower_01,tower,1,1,501,112.000,-42.000,18.000
pipeline_b_degraded_link_operator_scene_v1,370,37.000,bike_01,bike,1,1,201,76.450,-2.460,0.000
pipeline_b_degraded_link_operator_scene_v1,370,37.000,cow_01,cow,1,1,301,75.620,31.480,0.000
pipeline_b_degraded_link_operator_scene_v1,370,37.000,tower_01,tower,1,1,501,112.000,-42.000,18.000
pipeline_b_degraded_link_operator_scene_v1,371,37.100,bike_01,bike,1,1,201,76.535,-2.418,0.000
pipeline_b_degraded_link_operator_scene_v1,371,37.100,cow_01,cow,1,1,301,75.598,31.492,0.000
pipeline_b_degraded_link_operator_scene_v1,371,37.100,tower_01,tower,1,1,501,112.000,-42.000,18.000
pipeline_b_degraded_link_operator_scene_v1,372,37.200,bike_01,bike,1,1,201,76.620,-2.376,0.000
pipeline_b_degraded_link_operator_scene_v1,372,37.200,cow_01,cow,1,1,301,75.576,31.504,0.000
pipeline_b_degraded_link_operator_scene_v1,372,37.200,tower_01,tower,1,1,501,112.000,-42.000,18.000
pipeline_b_degraded_link_operator_scene_v1,373,37.300,bike_01,bike,1,1,201,76.705,-2.334,0.000
pipeline_b_degraded_link_operator_scene_v1,373,37.300,cow_01,cow,1,1,301,75.554,31.516,0.000
pipeline_b_degraded_link_operator_scene_v1,373,37.300,tower_01,tower,1,1,501,112.000,-42.000,18.000
pipeline_b_degraded_link_operator_scene_v1,374,37.400,bike_01,bike,1,1,201,76.790,-2.292,0.000
pipeline_b_degraded_link_operator_scene_v1,374,37.400,cow_01,cow,1,1,301,75.532,31.528,0.000
pipeline_b_degraded_link_operator_scene_v1,374,37.400,tower_01,tower,1,1,501,112.000,-42.000,18.000
pipeline_b_degraded_link_operator_scene_v1,375,37.500,bike_01,bike,1,1,201,76.875,-2.250,0.000
pipeline_b_degraded_link_operator_scene_v1,375,37.500,cow_01,cow,1,1,301,75.510,31.540,0.000
pipeline_b_degraded_link_operator_scene_v1,375,37.500,tower_01,tower,1,1,501,112.000,-42.000,18.000
pipeline_b_degraded_link_operator_scene_v1,376,37.600,bike_01,bike,1,1,201,76.960,-2.208,0.000
pipeline_b_degraded_link_operator_scene_v1,376,37.600,cow_01,cow,1,1,301,75.488,31.552,0.000
pipeline_b_degraded_link_operator_scene_v1,376,37.600,tower_01,tower,1,1,501,112.000,-42.000,18.000
pipeline_b_degraded_link_operator_scene_v1,377,37.700,bike_01,bike,1,1,201,77.045,-2.166,0.000
pipeline_b_degraded_link_operator_scene_v1,377,37.700,cow_01,cow,1,1,301,75.466,31.564,0.000
pipeline_b_degraded_link_operator_scene_v1,377,37.700,tower_01,tower,1,1,501,112.000,-42.000,18.000
pipeline_b_degraded_link_operator_scene_v1,378,37.800,bike_01,bike,1,1,201,77.130,-2.124,0.000
pipeline_b_degraded_link_operator_scene_v1,378,37.800,cow_01,cow,1,1,301,75.444,31.576,0.000
pipeline_b_degraded_link_operator_scene_v1,378,37.800,tower_01,tower,1,1,501,112.000,-42.000,18.000
pipeline_b_degraded_link_operator_scene_v1,379,37.900,bike_01,bike,1,1,201,77.215,-2.082,0.000
pipeline_b_degraded_link_operator_scene_v1,379,37.900,cow_01,cow,1,1,301,75.422,31.588,0.000
pipeline_b_degraded_link_operator_scene_v1,379,37.900,tower_01,tower,1,1,501,112.000,-42.000,18.000
pipeline_b_degraded_link_operator_scene_v1,380,38.000,bike_01,bike,1,1,201,77.300,-2.040,0.000
pipeline_b_degraded_link_operator_scene_v1,380,38.000,cow_01,cow,1,1,301,75.400,31.600,0.000
pipeline_b_degraded_link_operator_scene_v1,380,38.000,tower_01,tower,1,1,501,112.000,-42.000,18.000
pipeline_b_degraded_link_operator_scene_v1,381,38.100,bike_01,bike,1,1,201,77.385,-1.998,0.000
pipeline_b_degraded_link_operator_scene_v1,381,38.100,cow_01,cow,1,1,301,75.378,31.612,0.000
pipeline_b_degraded_link_operator_scene_v1,381,38.100,tower_01,tower,1,1,501,112.000,-42.000,18.000
pipeline_b_degraded_link_operator_scene_v1,382,38.200,bike_01,bike,1,1,201,77.470,-1.956,0.000
pipeline_b_degraded_link_operator_scene_v1,382,38.200,cow_01,cow,1,1,301,75.356,31.624,0.000
pipeline_b_degraded_link_operator_scene_v1,382,38.200,tower_01,tower,1,1,501,112.000,-42.000,18.000
pipeline_b_degraded_link_operator_scene_v1,383,38.300,bike_01,bike,1,1,201,77.555,-1.914,0.000
pipeline_b_degraded_link_operator_scene_v1,383,38.300,cow_01,cow,1,1,301,75.334,31.636,0.000
pipeline_b_degraded_link_operator_scene_v1,383,38.300,tower_01,tower,1,1,501,112.000,-42.000,18.000
pipeline_b_degraded_link_operator_scene_v1,384,38.400,bike_01,bike,1,1,201,77.640,-1.872,0.000
pipeline_b_degraded_link_operator_scene_v1,384,38.400,cow_01,cow,1,1,301,75.312,31.648,0.000
pipeline_b_degraded_link_operator_scene_v1,384,38.400,tower_01,tower,1,1,501,112.000,-42.000,18.000
pipeline_b_degraded_link_operator_scene_v1,385,38.500,bike_01,bike,1,1,201,77.725,-1.830,0.000
pipeline_b_degraded_link_operator_scene_v1,385,38.500,cow_01,cow,1,1,301,75.290,31.660,0.000
pipeline_b_degraded_link_operator_scene_v1,385,38.500,tower_01,tower,1,1,501,112.000,-42.000,18.000
pipeline_b_degraded_link_operator_scene_v1,386,38.600,bike_01,bike,1,1,201,77.810,-1.788,0.000
pipeline_b_degraded_link_operator_scene_v1,386,38.600,cow_01,cow,1,1,301,75.268,31.672,0.000
pipeline_b_degraded_link_operator_scene_v1,386,38.600,tower_01,tower,1,1,501,112.000,-42.000,18.000
pipeline_b_degraded_link_operator_scene_v1,387,38.700,bike_01,bike,1,1,201,77.895,-1.746,0.000
pipeline_b_degraded_link_operator_scene_v1,387,38.700,cow_01,cow,1,1,301,75.246,31.684,0.000
pipeline_b_degraded_link_operator_scene_v1,387,38.700,tower_01,tower,1,1,501,112.000,-42.000,18.000
pipeline_b_degraded_link_operator_scene_v1,388,38.800,bike_01,bike,1,1,201,77.980,-1.704,0.000
pipeline_b_degraded_link_operator_scene_v1,388,38.800,cow_01,cow,1,1,301,75.224,31.696,0.000
pipeline_b_degraded_link_operator_scene_v1,388,38.800,tower_01,tower,1,1,501,112.000,-42.000,18.000
pipeline_b_degraded_link_operator_scene_v1,389,38.900,bike_01,bike,1,1,201,78.065,-1.662,0.000
pipeline_b_degraded_link_operator_scene_v1,389,38.900,cow_01,cow,1,1,301,75.202,31.708,0.000
pipeline_b_degraded_link_operator_scene_v1,389,38.900,tower_01,tower,1,1,501,112.000,-42.000,18.000
pipeline_b_degraded_link_operator_scene_v1,390,39.000,bike_01,bike,1,1,101,78.150,-1.620,0.000
pipeline_b_degraded_link_operator_scene_v1,390,39.000,cow_01,cow,1,1,301,75.180,31.720,0.000
pipeline_b_degraded_link_operator_scene_v1,390,39.000,tower_01,tower,1,1,501,112.000,-42.000,18.000
pipeline_b_degraded_link_operator_scene_v1,391,39.100,bike_01,bike,1,1,101,78.235,-1.578,0.000
pipeline_b_degraded_link_operator_scene_v1,391,39.100,cow_01,cow,1,1,301,75.158,31.732,0.000
pipeline_b_degraded_link_operator_scene_v1,391,39.100,tower_01,tower,1,1,501,112.000,-42.000,18.000
pipeline_b_degraded_link_operator_scene_v1,392,39.200,bike_01,bike,1,1,101,78.320,-1.536,0.000
pipeline_b_degraded_link_operator_scene_v1,392,39.200,cow_01,cow,1,1,301,75.136,31.744,0.000
pipeline_b_degraded_link_operator_scene_v1,392,39.200,tower_01,tower,1,1,501,112.000,-42.000,18.000
pipeline_b_degraded_link_operator_scene_v1,393,39.300,bike_01,bike,1,1,101,78.405,-1.494,0.000
pipeline_b_degraded_link_operator_scene_v1,393,39.300,cow_01,cow,1,1,301,75.114,31.756,0.000
pipeline_b_degraded_link_operator_scene_v1,393,39.300,tower_01,tower,1,1,501,112.000,-42.000,18.000
pipeline_b_degraded_link_operator_scene_v1,394,39.400,bike_01,bike,1,1,101,78.490,-1.452,0.000
pipeline_b_degraded_link_operator_scene_v1,394,39.400,cow_01,cow,1,1,301,75.092,31.768,0.000
pipeline_b_degraded_link_operator_scene_v1,394,39.400,tower_01,tower,1,1,501,112.000,-42.000,18.000
pipeline_b_degraded_link_operator_scene_v1,395,39.500,bike_01,bike,1,1,101,78.575,-1.410,0.000
pipeline_b_degraded_link_operator_scene_v1,395,39.500,cow_01,cow,1,1,301,75.070,31.780,0.000
pipeline_b_degraded_link_operator_scene_v1,395,39.500,tower_01,tower,1,1,501,112.000,-42.000,18.000
pipeline_b_degraded_link_operator_scene_v1,396,39.600,bike_01,bike,1,1,101,78.660,-1.368,0.000
pipeline_b_degraded_link_operator_scene_v1,396,39.600,cow_01,cow,1,1,301,75.048,31.792,0.000
pipeline_b_degraded_link_operator_scene_v1,396,39.600,tower_01,tower,1,1,501,112.000,-42.000,18.000
pipeline_b_degraded_link_operator_scene_v1,397,39.700,bike_01,bike,1,1,101,78.745,-1.326,0.000
pipeline_b_degraded_link_operator_scene_v1,397,39.700,cow_01,cow,1,1,301,75.026,31.804,0.000
pipeline_b_degraded_link_operator_scene_v1,397,39.700,tower_01,tower,1,1,501,112.000,-42.000,18.000
pipeline_b_degraded_link_operator_scene_v1,398,39.800,bike_01,bike,1,1,101,78.830,-1.284,0.000
pipeline_b_degraded_link_operator_scene_v1,398,39.800,cow_01,cow,1,1,301,75.004,31.816,0.000
pipeline_b_degraded_link_operator_scene_v1,398,39.800,tower_01,tower,1,1,501,112.000,-42.000,18.000
pipeline_b_degraded_link_operator_scene_v1,399,39.900,bike_01,bike,1,1,101,78.915,-1.242,0.000
pipeline_b_degraded_link_operator_scene_v1,399,39.900,cow_01,cow,1,1,301,74.982,31.828,0.000
pipeline_b_degraded_link_operator_scene_v1,399,39.900,tower_01,tower,1,1,501,112.000,-42.000,18.000
pipeline_b_degraded_link_operator_scene_v1,400,40.000,bike_01,bike,1,1,101,79.000,-1.200,0.000
pipeline_b_degraded_link_operator_scene_v1,400,40.000,cow_01,cow,1,1,301,74.960,31.840,0.000
pipeline_b_degraded_link_operator_scene_v1,400,40.000,tower_01,tower,1,1,501,112.000,-42.000,18.000
pipeline_b_degraded_link_operator_scene_v1,401,40.100,bike_01,bike,1,1,101,79.085,-1.158,0.000
pipeline_b_degraded_link_operator_scene_v1,401,40.100,cow_01,cow,1,1,301,74.938,31.852,0.000
pipeline_b_degraded_link_operator_scene_v1,401,40.100,tower_01,tower,1,1,501,112.000,-42.000,18.000
pipeline_b_degraded_link_operator_scene_v1,402,40.200,bike_01,bike,1,1,101,79.170,-1.116,0.000
pipeline_b_degraded_link_operator_scene_v1,402,40.200,cow_01,cow,1,1,301,74.916,31.864,0.000
pipeline_b_degraded_link_operator_scene_v1,402,40.200,tower_01,tower,1,1,501,112.000,-42.000,18.000
pipeline_b_degraded_link_operator_scene_v1,403,40.300,bike_01,bike,1,1,101,79.255,-1.074,0.000
pipeline_b_degraded_link_operator_scene_v1,403,40.300,cow_01,cow,1,1,301,74.894,31.876,0.000
pipeline_b_degraded_link_operator_scene_v1,403,40.300,tower_01,tower,1,1,501,112.000,-42.000,18.000
pipeline_b_degraded_link_operator_scene_v1,404,40.400,bike_01,bike,1,1,101,79.340,-1.032,0.000
pipeline_b_degraded_link_operator_scene_v1,404,40.400,cow_01,cow,1,1,301,74.872,31.888,0.000
pipeline_b_degraded_link_operator_scene_v1,404,40.400,tower_01,tower,1,1,501,112.000,-42.000,18.000
pipeline_b_degraded_link_operator_scene_v1,405,40.500,bike_01,bike,1,1,101,79.425,-0.990,0.000
pipeline_b_degraded_link_operator_scene_v1,405,40.500,cow_01,cow,1,1,301,74.850,31.900,0.000
pipeline_b_degraded_link_operator_scene_v1,405,40.500,tower_01,tower,1,1,501,112.000,-42.000,18.000
pipeline_b_degraded_link_operator_scene_v1,406,40.600,bike_01,bike,1,1,101,79.510,-0.948,0.000
pipeline_b_degraded_link_operator_scene_v1,406,40.600,cow_01,cow,1,1,301,74.828,31.912,0.000
pipeline_b_degraded_link_operator_scene_v1,406,40.600,tower_01,tower,1,1,501,112.000,-42.000,18.000
pipeline_b_degraded_link_operator_scene_v1,407,40.700,bike_01,bike,1,1,101,79.595,-0.906,0.000
pipeline_b_degraded_link_operator_scene_v1,407,40.700,cow_01,cow,1,1,301,74.806,31.924,0.000
pipeline_b_degraded_link_operator_scene_v1,407,40.700,tower_01,tower,1,1,501,112.000,-42.000,18.000
pipeline_b_degraded_link_operator_scene_v1,408,40.800,bike_01,bike,1,1,101,79.680,-0.864,0.000
pipeline_b_degraded_link_operator_scene_v1,408,40.800,cow_01,cow,1,1,301,74.784,31.936,0.000
pipeline_b_degraded_link_operator_scene_v1,408,40.800,tower_01,tower,1,1,501,112.000,-42.000,18.000
pipeline_b_degraded_link_operator_scene_v1,409,40.900,bike_01,bike,1,1,101,79.765,-0.822,0.000
pipeline_b_degraded_link_operator_scene_v1,409,40.900,cow_01,cow,1,1,301,74.762,31.948,0.000
pipeline_b_degraded_link_operator_scene_v1,409,40.900,tower_01,tower,1,1,501,112.000,-42.000,18.000
pipeline_b_degraded_link_operator_scene_v1,410,41.000,bike_01,bike,1,0,,79.850,-0.780,0.000
pipeline_b_degraded_link_operator_scene_v1,410,41.000,cow_01,cow,1,1,301,74.740,31.960,0.000
pipeline_b_degraded_link_operator_scene_v1,410,41.000,tower_01,tower,1,1,501,112.000,-42.000,18.000
pipeline_b_degraded_link_operator_scene_v1,411,41.100,bike_01,bike,1,0,,79.935,-0.738,0.000
pipeline_b_degraded_link_operator_scene_v1,411,41.100,cow_01,cow,1,1,301,74.718,31.972,0.000
pipeline_b_degraded_link_operator_scene_v1,411,41.100,tower_01,tower,1,1,501,112.000,-42.000,18.000
pipeline_b_degraded_link_operator_scene_v1,412,41.200,bike_01,bike,1,0,,80.020,-0.696,0.000
pipeline_b_degraded_link_operator_scene_v1,412,41.200,cow_01,cow,1,1,301,74.696,31.984,0.000
pipeline_b_degraded_link_operator_scene_v1,412,41.200,tower_01,tower,1,1,501,112.000,-42.000,18.000
pipeline_b_degraded_link_operator_scene_v1,413,41.300,bike_01,bike,1,0,,80.105,-0.654,0.000
pipeline_b_degraded_link_operator_scene_v1,413,41.300,cow_01,cow,1,1,301,74.674,31.996,0.000
pipeline_b_degraded_link_operator_scene_v1,413,41.300,tower_01,tower,1,1,501,112.000,-42.000,18.000
pipeline_b_degraded_link_operator_scene_v1,414,41.400,bike_01,bike,1,0,,80.190,-0.612,0.000
pipeline_b_degraded_link_operator_scene_v1,414,41.400,cow_01,cow,1,1,301,74.652,32.008,0.000
pipeline_b_degraded_link_operator_scene_v1,414,41.400,tower_01,tower,1,1,501,112.000,-42.000,18.000
pipeline_b_degraded_link_operator_scene_v1,415,41.500,bike_01,bike,1,0,,80.275,-0.570,0.000
pipeline_b_degraded_link_operator_scene_v1,415,41.500,cow_01,cow,1,1,301,74.630,32.020,0.000
pipeline_b_degraded_link_operator_scene_v1,415,41.500,tower_01,tower,1,1,501,112.000,-42.000,18.000
pipeline_b_degraded_link_operator_scene_v1,416,41.600,bike_01,bike,1,0,,80.360,-0.528,0.000
pipeline_b_degraded_link_operator_scene_v1,416,41.600,cow_01,cow,1,1,301,74.608,32.032,0.000
pipeline_b_degraded_link_operator_scene_v1,416,41.600,tower_01,tower,1,1,501,112.000,-42.000,18.000
pipeline_b_degraded_link_operator_scene_v1,417,41.700,bike_01,bike,1,0,,80.445,-0.486,0.000
pipeline_b_degraded_link_operator_scene_v1,417,41.700,cow_01,cow,1,1,301,74.586,32.044,0.000
pipeline_b_degraded_link_operator_scene_v1,417,41.700,tower_01,tower,1,1,501,112.000,-42.000,18.000
pipeline_b_degraded_link_operator_scene_v1,418,41.800,bike_01,bike,1,0,,80.530,-0.444,0.000
pipeline_b_degraded_link_operator_scene_v1,418,41.800,cow_01,cow,1,1,301,74.564,32.056,0.000
pipeline_b_degraded_link_operator_scene_v1,418,41.800,tower_01,tower,1,1,501,112.000,-42.000,18.000
pipeline_b_degraded_link_operator_scene_v1,419,41.900,bike_01,bike,1,0,,80.615,-0.402,0.000
pipeline_b_degraded_link_operator_scene_v1,419,41.900,cow_01,cow,1,1,301,74.542,32.068,0.000
pipeline_b_degraded_link_operator_scene_v1,419,41.900,tower_01,tower,1,1,501,112.000,-42.000,18.000
pipeline_b_degraded_link_operator_scene_v1,420,42.000,bike_01,bike,1,0,,80.700,-0.360,0.000
pipeline_b_degraded_link_operator_scene_v1,420,42.000,cow_01,cow,1,1,301,74.520,32.080,0.000
pipeline_b_degraded_link_operator_scene_v1,420,42.000,tower_01,tower,1,1,501,112.000,-42.000,18.000
pipeline_b_degraded_link_operator_scene_v1,421,42.100,bike_01,bike,1,0,,80.785,-0.318,0.000
pipeline_b_degraded_link_operator_scene_v1,421,42.100,cow_01,cow,1,1,301,74.498,32.092,0.000
pipeline_b_degraded_link_operator_scene_v1,421,42.100,tower_01,tower,1,1,501,112.000,-42.000,18.000
pipeline_b_degraded_link_operator_scene_v1,422,42.200,bike_01,bike,1,0,,80.870,-0.276,0.000
pipeline_b_degraded_link_operator_scene_v1,422,42.200,cow_01,cow,1,1,301,74.476,32.104,0.000
pipeline_b_degraded_link_operator_scene_v1,422,42.200,tower_01,tower,1,1,501,112.000,-42.000,18.000
pipeline_b_degraded_link_operator_scene_v1,423,42.300,bike_01,bike,1,0,,80.955,-0.234,0.000
pipeline_b_degraded_link_operator_scene_v1,423,42.300,cow_01,cow,1,1,301,74.454,32.116,0.000
pipeline_b_degraded_link_operator_scene_v1,423,42.300,tower_01,tower,1,1,501,112.000,-42.000,18.000
pipeline_b_degraded_link_operator_scene_v1,424,42.400,bike_01,bike,1,0,,81.040,-0.192,0.000
pipeline_b_degraded_link_operator_scene_v1,424,42.400,cow_01,cow,1,1,301,74.432,32.128,0.000
pipeline_b_degraded_link_operator_scene_v1,424,42.400,tower_01,tower,1,1,501,112.000,-42.000,18.000
pipeline_b_degraded_link_operator_scene_v1,425,42.500,bike_01,bike,1,0,,81.125,-0.150,0.000
pipeline_b_degraded_link_operator_scene_v1,425,42.500,cow_01,cow,1,1,301,74.410,32.140,0.000
pipeline_b_degraded_link_operator_scene_v1,425,42.500,tower_01,tower,1,1,501,112.000,-42.000,18.000
pipeline_b_degraded_link_operator_scene_v1,426,42.600,bike_01,bike,1,0,,81.210,-0.108,0.000
pipeline_b_degraded_link_operator_scene_v1,426,42.600,cow_01,cow,1,1,301,74.388,32.152,0.000
pipeline_b_degraded_link_operator_scene_v1,426,42.600,tower_01,tower,1,1,501,112.000,-42.000,18.000
pipeline_b_degraded_link_operator_scene_v1,427,42.700,bike_01,bike,1,0,,81.295,-0.066,0.000
pipeline_b_degraded_link_operator_scene_v1,427,42.700,cow_01,cow,1,1,301,74.366,32.164,0.000
pipeline_b_degraded_link_operator_scene_v1,427,42.700,tower_01,tower,1,1,501,112.000,-42.000,18.000
pipeline_b_degraded_link_operator_scene_v1,428,42.800,bike_01,bike,1,0,,81.380,-0.024,0.000
pipeline_b_degraded_link_operator_scene_v1,428,42.800,cow_01,cow,1,1,301,74.344,32.176,0.000
pipeline_b_degraded_link_operator_scene_v1,428,42.800,tower_01,tower,1,1,501,112.000,-42.000,18.000
pipeline_b_degraded_link_operator_scene_v1,429,42.900,bike_01,bike,1,0,,81.465,0.018,0.000
pipeline_b_degraded_link_operator_scene_v1,429,42.900,cow_01,cow,1,1,301,74.322,32.188,0.000
pipeline_b_degraded_link_operator_scene_v1,429,42.900,tower_01,tower,1,1,501,112.000,-42.000,18.000
pipeline_b_degraded_link_operator_scene_v1,430,43.000,bike_01,bike,1,0,,81.550,0.060,0.000
pipeline_b_degraded_link_operator_scene_v1,430,43.000,cow_01,cow,1,1,301,74.300,32.200,0.000
pipeline_b_degraded_link_operator_scene_v1,430,43.000,tower_01,tower,1,1,501,112.000,-42.000,18.000
pipeline_b_degraded_link_operator_scene_v1,431,43.100,bike_01,bike,1,0,,81.635,0.102,0.000
pipeline_b_degraded_link_operator_scene_v1,431,43.100,cow_01,cow,1,1,301,74.278,32.212,0.000
pipeline_b_degraded_link_operator_scene_v1,431,43.100,tower_01,tower,1,1,501,112.000,-42.000,18.000
pipeline_b_degraded_link_operator_scene_v1,432,43.200,bike_01,bike,1,0,,81.720,0.144,0.000
pipeline_b_degraded_link_operator_scene_v1,432,43.200,cow_01,cow,1,1,301,74.256,32.224,0.000
pipeline_b_degraded_link_operator_scene_v1,432,43.200,tower_01,tower,1,1,501,112.000,-42.000,18.000
pipeline_b_degraded_link_operator_scene_v1,433,43.300,bike_01,bike,1,0,,81.805,0.186,0.000
pipeline_b_degraded_link_operator_scene_v1,433,43.300,cow_01,cow,1,1,301,74.234,32.236,0.000
pipeline_b_degraded_link_operator_scene_v1,433,43.300,tower_01,tower,1,1,501,112.000,-42.000,18.000
pipeline_b_degraded_link_operator_scene_v1,434,43.400,bike_01,bike,1,0,,81.890,0.228,0.000
pipeline_b_degraded_link_operator_scene_v1,434,43.400,cow_01,cow,1,1,301,74.212,32.248,0.000
pipeline_b_degraded_link_operator_scene_v1,434,43.400,tower_01,tower,1,1,501,112.000,-42.000,18.000
pipeline_b_degraded_link_operator_scene_v1,435,43.500,bike_01,bike,1,0,,81.975,0.270,0.000
pipeline_b_degraded_link_operator_scene_v1,435,43.500,cow_01,cow,1,1,301,74.190,32.260,0.000
pipeline_b_degraded_link_operator_scene_v1,435,43.500,tower_01,tower,1,1,501,112.000,-42.000,18.000
pipeline_b_degraded_link_operator_scene_v1,436,43.600,bike_01,bike,1,0,,82.060,0.312,0.000
pipeline_b_degraded_link_operator_scene_v1,436,43.600,cow_01,cow,1,1,301,74.168,32.272,0.000
pipeline_b_degraded_link_operator_scene_v1,436,43.600,tower_01,tower,1,1,501,112.000,-42.000,18.000
pipeline_b_degraded_link_operator_scene_v1,437,43.700,bike_01,bike,1,0,,82.145,0.354,0.000
pipeline_b_degraded_link_operator_scene_v1,437,43.700,cow_01,cow,1,1,301,74.146,32.284,0.000
pipeline_b_degraded_link_operator_scene_v1,437,43.700,tower_01,tower,1,1,501,112.000,-42.000,18.000
pipeline_b_degraded_link_operator_scene_v1,438,43.800,bike_01,bike,1,0,,82.230,0.396,0.000
pipeline_b_degraded_link_operator_scene_v1,438,43.800,cow_01,cow,1,1,301,74.124,32.296,0.000
pipeline_b_degraded_link_operator_scene_v1,438,43.800,tower_01,tower,1,1,501,112.000,-42.000,18.000
pipeline_b_degraded_link_operator_scene_v1,439,43.900,bike_01,bike,1,0,,82.315,0.438,0.000
pipeline_b_degraded_link_operator_scene_v1,439,43.900,cow_01,cow,1,1,301,74.102,32.308,0.000
pipeline_b_degraded_link_operator_scene_v1,439,43.900,tower_01,tower,1,1,501,112.000,-42.000,18.000
pipeline_b_degraded_link_operator_scene_v1,440,44.000,bike_01,bike,1,1,101,82.400,0.480,0.000
pipeline_b_degraded_link_operator_scene_v1,440,44.000,cow_01,cow,1,1,301,74.080,32.320,0.000
pipeline_b_degraded_link_operator_scene_v1,440,44.000,tower_01,tower,1,1,501,112.000,-42.000,18.000
pipeline_b_degraded_link_operator_scene_v1,441,44.100,bike_01,bike,1,1,101,82.485,0.522,0.000
pipeline_b_degraded_link_operator_scene_v1,441,44.100,cow_01,cow,1,1,301,74.058,32.332,0.000
pipeline_b_degraded_link_operator_scene_v1,441,44.100,tower_01,tower,1,1,501,112.000,-42.000,18.000
pipeline_b_degraded_link_operator_scene_v1,442,44.200,bike_01,bike,1,1,101,82.570,0.564,0.000
pipeline_b_degraded_link_operator_scene_v1,442,44.200,cow_01,cow,1,1,301,74.036,32.344,0.000
pipeline_b_degraded_link_operator_scene_v1,442,44.200,tower_01,tower,1,1,501,112.000,-42.000,18.000
pipeline_b_degraded_link_operator_scene_v1,443,44.300,bike_01,bike,1,1,101,82.655,0.606,0.000
pipeline_b_degraded_link_operator_scene_v1,443,44.300,cow_01,cow,1,1,301,74.014,32.356,0.000
pipeline_b_degraded_link_operator_scene_v1,443,44.300,tower_01,tower,1,1,501,112.000,-42.000,18.000
pipeline_b_degraded_link_operator_scene_v1,444,44.400,bike_01,bike,1,1,101,82.740,0.648,0.000
pipeline_b_degraded_link_operator_scene_v1,444,44.400,cow_01,cow,1,1,301,73.992,32.368,0.000
pipeline_b_degraded_link_operator_scene_v1,444,44.400,tower_01,tower,1,1,501,112.000,-42.000,18.000
pipeline_b_degraded_link_operator_scene_v1,445,44.500,bike_01,bike,1,1,101,82.825,0.690,0.000
pipeline_b_degraded_link_operator_scene_v1,445,44.500,cow_01,cow,1,1,301,73.970,32.380,0.000
pipeline_b_degraded_link_operator_scene_v1,445,44.500,tower_01,tower,1,1,501,112.000,-42.000,18.000
pipeline_b_degraded_link_operator_scene_v1,446,44.600,bike_01,bike,1,1,101,82.910,0.732,0.000
pipeline_b_degraded_link_operator_scene_v1,446,44.600,cow_01,cow,1,1,301,73.948,32.392,0.000
pipeline_b_degraded_link_operator_scene_v1,446,44.600,tower_01,tower,1,1,501,112.000,-42.000,18.000
pipeline_b_degraded_link_operator_scene_v1,447,44.700,bike_01,bike,1,1,101,82.995,0.774,0.000
pipeline_b_degraded_link_operator_scene_v1,447,44.700,cow_01,cow,1,1,301,73.926,32.404,0.000
pipeline_b_degraded_link_operator_scene_v1,447,44.700,tower_01,tower,1,1,501,112.000,-42.000,18.000
pipeline_b_degraded_link_operator_scene_v1,448,44.800,bike_01,bike,1,1,101,83.080,0.816,0.000
pipeline_b_degraded_link_operator_scene_v1,448,44.800,cow_01,cow,1,1,301,73.904,32.416,0.000
pipeline_b_degraded_link_operator_scene_v1,448,44.800,tower_01,tower,1,1,501,112.000,-42.000,18.000
pipeline_b_degraded_link_operator_scene_v1,449,44.900,bike_01,bike,1,1,101,83.165,0.858,0.000
pipeline_b_degraded_link_operator_scene_v1,449,44.900,cow_01,cow,1,1,301,73.882,32.428,0.000
pipeline_b_degraded_link_operator_scene_v1,449,44.900,tower_01,tower,1,1,501,112.000,-42.000,18.000
pipeline_b_degraded_link_operator_scene_v1,450,45.000,bike_01,bike,1,1,101,83.250,0.900,0.000
pipeline_b_degraded_link_operator_scene_v1,450,45.000,cow_01,cow,1,1,301,73.860,32.440,0.000
pipeline_b_degraded_link_operator_scene_v1,450,45.000,tower_01,tower,1,1,501,112.000,-42.000,18.000
pipeline_b_degraded_link_operator_scene_v1,451,45.100,bike_01,bike,1,1,101,83.335,0.942,0.000
pipeline_b_degraded_link_operator_scene_v1,451,45.100,cow_01,cow,1,1,301,73.838,32.452,0.000
pipeline_b_degraded_link_operator_scene_v1,451,45.100,tower_01,tower,1,1,501,112.000,-42.000,18.000
pipeline_b_degraded_link_operator_scene_v1,452,45.200,bike_01,bike,1,1,101,83.420,0.984,0.000
pipeline_b_degraded_link_operator_scene_v1,452,45.200,cow_01,cow,1,1,301,73.816,32.464,0.000
pipeline_b_degraded_link_operator_scene_v1,452,45.200,tower_01,tower,1,1,501,112.000,-42.000,18.000
pipeline_b_degraded_link_operator_scene_v1,453,45.300,bike_01,bike,1,1,101,83.505,1.026,0.000
pipeline_b_degraded_link_operator_scene_v1,453,45.300,cow_01,cow,1,1,301,73.794,32.476,0.000
pipeline_b_degraded_link_operator_scene_v1,453,45.300,tower_01,tower,1,1,501,112.000,-42.000,18.000
pipeline_b_degraded_link_operator_scene_v1,454,45.400,bike_01,bike,1,1,101,83.590,1.068,0.000
pipeline_b_degraded_link_operator_scene_v1,454,45.400,cow_01,cow,1,1,301,73.772,32.488,0.000
pipeline_b_degraded_link_operator_scene_v1,454,45.400,tower_01,tower,1,1,501,112.000,-42.000,18.000
pipeline_b_degraded_link_operator_scene_v1,455,45.500,bike_01,bike,1,1,101,83.675,1.110,0.000
pipeline_b_degraded_link_operator_scene_v1,455,45.500,cow_01,cow,1,1,301,73.750,32.500,0.000
pipeline_b_degraded_link_operator_scene_v1,455,45.500,tower_01,tower,1,1,501,112.000,-42.000,18.000
pipeline_b_degraded_link_operator_scene_v1,456,45.600,bike_01,bike,1,1,101,83.760,1.152,0.000
pipeline_b_degraded_link_operator_scene_v1,456,45.600,cow_01,cow,1,1,301,73.728,32.512,0.000
pipeline_b_degraded_link_operator_scene_v1,456,45.600,tower_01,tower,1,1,501,112.000,-42.000,18.000
pipeline_b_degraded_link_operator_scene_v1,457,45.700,bike_01,bike,1,1,101,83.845,1.194,0.000
pipeline_b_degraded_link_operator_scene_v1,457,45.700,cow_01,cow,1,1,301,73.706,32.524,0.000
pipeline_b_degraded_link_operator_scene_v1,457,45.700,tower_01,tower,1,1,501,112.000,-42.000,18.000
pipeline_b_degraded_link_operator_scene_v1,458,45.800,bike_01,bike,1,1,101,83.930,1.236,0.000
pipeline_b_degraded_link_operator_scene_v1,458,45.800,cow_01,cow,1,1,301,73.684,32.536,0.000
pipeline_b_degraded_link_operator_scene_v1,458,45.800,tower_01,tower,1,1,501,112.000,-42.000,18.000
pipeline_b_degraded_link_operator_scene_v1,459,45.900,bike_01,bike,1,1,101,84.015,1.278,0.000
pipeline_b_degraded_link_operator_scene_v1,459,45.900,cow_01,cow,1,1,301,73.662,32.548,0.000
pipeline_b_degraded_link_operator_scene_v1,459,45.900,tower_01,tower,1,1,501,112.000,-42.000,18.000
pipeline_b_degraded_link_operator_scene_v1,460,46.000,bike_01,bike,1,1,101,84.100,1.320,0.000
pipeline_b_degraded_link_operator_scene_v1,460,46.000,cow_01,cow,1,1,301,73.640,32.560,0.000
pipeline_b_degraded_link_operator_scene_v1,460,46.000,tower_01,tower,1,1,501,112.000,-42.000,18.000
pipeline_b_degraded_link_operator_scene_v1,461,46.100,bike_01,bike,1,1,101,84.185,1.362,0.000
pipeline_b_degraded_link_operator_scene_v1,461,46.100,cow_01,cow,1,1,301,73.618,32.572,0.000
pipeline_b_degraded_link_operator_scene_v1,461,46.100,tower_01,tower,1,1,501,112.000,-42.000,18.000
pipeline_b_degraded_link_operator_scene_v1,462,46.200,bike_01,bike,1,1,101,84.270,1.404,0.000
pipeline_b_degraded_link_operator_scene_v1,462,46.200,cow_01,cow,1,1,301,73.596,32.584,0.000
pipeline_b_degraded_link_operator_scene_v1,462,46.200,tower_01,tower,1,1,501,112.000,-42.000,18.000
pipeline_b_degraded_link_operator_scene_v1,463,46.300,bike_01,bike,1,1,101,84.355,1.446,0.000
pipeline_b_degraded_link_operator_scene_v1,463,46.300,cow_01,cow,1,1,301,73.574,32.596,0.000
pipeline_b_degraded_link_operator_scene_v1,463,46.300,tower_01,tower,1,1,501,112.000,-42.000,18.000
pipeline_b_degraded_link_operator_scene_v1,464,46.400,bike_01,bike,1,1,101,84.440,1.488,0.000
pipeline_b_degraded_link_operator_scene_v1,464,46.400,cow_01,cow,1,1,301,73.552,32.608,0.000
pipeline_b_degraded_link_operator_scene_v1,464,46.400,tower_01,tower,1,1,501,112.000,-42.000,18.000
pipeline_b_degraded_link_operator_scene_v1,465,46.500,bike_01,bike,1,1,101,84.525,1.530,0.000
pipeline_b_degraded_link_operator_scene_v1,465,46.500,cow_01,cow,1,1,301,73.530,32.620,0.000
pipeline_b_degraded_link_operator_scene_v1,465,46.500,tower_01,tower,1,1,501,112.000,-42.000,18.000
pipeline_b_degraded_link_operator_scene_v1,466,46.600,bike_01,bike,1,1,101,84.610,1.572,0.000
pipeline_b_degraded_link_operator_scene_v1,466,46.600,cow_01,cow,1,1,301,73.508,32.632,0.000
pipeline_b_degraded_link_operator_scene_v1,466,46.600,tower_01,tower,1,1,501,112.000,-42.000,18.000
pipeline_b_degraded_link_operator_scene_v1,467,46.700,bike_01,bike,1,1,101,84.695,1.614,0.000
pipeline_b_degraded_link_operator_scene_v1,467,46.700,cow_01,cow,1,1,301,73.486,32.644,0.000
pipeline_b_degraded_link_operator_scene_v1,467,46.700,tower_01,tower,1,1,501,112.000,-42.000,18.000
pipeline_b_degraded_link_operator_scene_v1,468,46.800,bike_01,bike,1,1,101,84.780,1.656,0.000
pipeline_b_degraded_link_operator_scene_v1,468,46.800,cow_01,cow,1,1,301,73.464,32.656,0.000
pipeline_b_degraded_link_operator_scene_v1,468,46.800,tower_01,tower,1,1,501,112.000,-42.000,18.000
pipeline_b_degraded_link_operator_scene_v1,469,46.900,bike_01,bike,1,1,101,84.865,1.698,0.000
pipeline_b_degraded_link_operator_scene_v1,469,46.900,cow_01,cow,1,1,301,73.442,32.668,0.000
pipeline_b_degraded_link_operator_scene_v1,469,46.900,tower_01,tower,1,1,501,112.000,-42.000,18.000
pipeline_b_degraded_link_operator_scene_v1,470,47.000,bike_01,bike,1,1,101,84.950,1.740,0.000
pipeline_b_degraded_link_operator_scene_v1,470,47.000,cow_01,cow,1,1,301,73.420,32.680,0.000
pipeline_b_degraded_link_operator_scene_v1,470,47.000,tower_01,tower,1,1,501,112.000,-42.000,18.000
pipeline_b_degraded_link_operator_scene_v1,471,47.100,bike_01,bike,1,1,101,85.035,1.782,0.000
pipeline_b_degraded_link_operator_scene_v1,471,47.100,cow_01,cow,1,1,301,73.398,32.692,0.000
pipeline_b_degraded_link_operator_scene_v1,471,47.100,tower_01,tower,1,1,501,112.000,-42.000,18.000
pipeline_b_degraded_link_operator_scene_v1,472,47.200,bike_01,bike,1,1,101,85.120,1.824,0.000
pipeline_b_degraded_link_operator_scene_v1,472,47.200,cow_01,cow,1,1,301,73.376,32.704,0.000
pipeline_b_degraded_link_operator_scene_v1,472,47.200,tower_01,tower,1,1,501,112.000,-42.000,18.000
pipeline_b_degraded_link_operator_scene_v1,473,47.300,bike_01,bike,1,1,101,85.205,1.866,0.000
pipeline_b_degraded_link_operator_scene_v1,473,47.300,cow_01,cow,1,1,301,73.354,32.716,0.000
pipeline_b_degraded_link_operator_scene_v1,473,47.300,tower_01,tower,1,1,501,112.000,-42.000,18.000
pipeline_b_degraded_link_operator_scene_v1,474,47.400,bike_01,bike,1,1,101,85.290,1.908,0.000
pipeline_b_degraded_link_operator_scene_v1,474,47.400,cow_01,cow,1,1,301,73.332,32.728,0.000
pipeline_b_degraded_link_operator_scene_v1,474,47.400,tower_01,tower,1,1,501,112.000,-42.000,18.000
pipeline_b_degraded_link_operator_scene_v1,475,47.500,bike_01,bike,1,1,101,85.375,1.950,0.000
pipeline_b_degraded_link_operator_scene_v1,475,47.500,cow_01,cow,1,1,301,73.310,32.740,0.000
pipeline_b_degraded_link_operator_scene_v1,475,47.500,tower_01,tower,1,1,501,112.000,-42.000,18.000
pipeline_b_degraded_link_operator_scene_v1,476,47.600,bike_01,bike,1,1,101,85.460,1.992,0.000
pipeline_b_degraded_link_operator_scene_v1,476,47.600,cow_01,cow,1,1,301,73.288,32.752,0.000
pipeline_b_degraded_link_operator_scene_v1,476,47.600,tower_01,tower,1,1,501,112.000,-42.000,18.000
pipeline_b_degraded_link_operator_scene_v1,477,47.700,bike_01,bike,1,1,101,85.545,2.034,0.000
pipeline_b_degraded_link_operator_scene_v1,477,47.700,cow_01,cow,1,1,301,73.266,32.764,0.000
pipeline_b_degraded_link_operator_scene_v1,477,47.700,tower_01,tower,1,1,501,112.000,-42.000,18.000
pipeline_b_degraded_link_operator_scene_v1,478,47.800,bike_01,bike,1,1,101,85.630,2.076,0.000
pipeline_b_degraded_link_operator_scene_v1,478,47.800,cow_01,cow,1,1,301,73.244,32.776,0.000
pipeline_b_degraded_link_operator_scene_v1,478,47.800,tower_01,tower,1,1,501,112.000,-42.000,18.000
pipeline_b_degraded_link_operator_scene_v1,479,47.900,bike_01,bike,1,1,101,85.715,2.118,0.000
pipeline_b_degraded_link_operator_scene_v1,479,47.900,cow_01,cow,1,1,301,73.222,32.788,0.000
pipeline_b_degraded_link_operator_scene_v1,479,47.900,tower_01,tower,1,1,501,112.000,-42.000,18.000
pipeline_b_degraded_link_operator_scene_v1,480,48.000,bike_01,bike,1,1,101,85.800,2.160,0.000
pipeline_b_degraded_link_operator_scene_v1,480,48.000,cow_01,cow,1,1,301,73.200,32.800,0.000
pipeline_b_degraded_link_operator_scene_v1,480,48.000,tower_01,tower,1,1,501,112.000,-42.000,18.000
pipeline_b_degraded_link_operator_scene_v1,481,48.100,bike_01,bike,1,1,101,85.885,2.202,0.000
pipeline_b_degraded_link_operator_scene_v1,481,48.100,cow_01,cow,1,1,301,73.178,32.812,0.000
pipeline_b_degraded_link_operator_scene_v1,481,48.100,tower_01,tower,1,1,501,112.000,-42.000,18.000
pipeline_b_degraded_link_operator_scene_v1,482,48.200,bike_01,bike,1,1,101,85.970,2.244,0.000
pipeline_b_degraded_link_operator_scene_v1,482,48.200,cow_01,cow,1,1,301,73.156,32.824,0.000
pipeline_b_degraded_link_operator_scene_v1,482,48.200,tower_01,tower,1,1,501,112.000,-42.000,18.000
pipeline_b_degraded_link_operator_scene_v1,483,48.300,bike_01,bike,1,1,101,86.055,2.286,0.000
pipeline_b_degraded_link_operator_scene_v1,483,48.300,cow_01,cow,1,1,301,73.134,32.836,0.000
pipeline_b_degraded_link_operator_scene_v1,483,48.300,tower_01,tower,1,1,501,112.000,-42.000,18.000
pipeline_b_degraded_link_operator_scene_v1,484,48.400,bike_01,bike,1,1,101,86.140,2.328,0.000
pipeline_b_degraded_link_operator_scene_v1,484,48.400,cow_01,cow,1,1,301,73.112,32.848,0.000
pipeline_b_degraded_link_operator_scene_v1,484,48.400,tower_01,tower,1,1,501,112.000,-42.000,18.000
pipeline_b_degraded_link_operator_scene_v1,485,48.500,bike_01,bike,1,1,101,86.225,2.370,0.000
pipeline_b_degraded_link_operator_scene_v1,485,48.500,cow_01,cow,1,1,301,73.090,32.860,0.000
pipeline_b_degraded_link_operator_scene_v1,485,48.500,tower_01,tower,1,1,501,112.000,-42.000,18.000
pipeline_b_degraded_link_operator_scene_v1,486,48.600,bike_01,bike,1,1,101,86.310,2.412,0.000
pipeline_b_degraded_link_operator_scene_v1,486,48.600,cow_01,cow,1,1,301,73.068,32.872,0.000
pipeline_b_degraded_link_operator_scene_v1,486,48.600,tower_01,tower,1,1,501,112.000,-42.000,18.000
pipeline_b_degraded_link_operator_scene_v1,487,48.700,bike_01,bike,1,1,101,86.395,2.454,0.000
pipeline_b_degraded_link_operator_scene_v1,487,48.700,cow_01,cow,1,1,301,73.046,32.884,0.000
pipeline_b_degraded_link_operator_scene_v1,487,48.700,tower_01,tower,1,1,501,112.000,-42.000,18.000
pipeline_b_degraded_link_operator_scene_v1,488,48.800,bike_01,bike,1,1,101,86.480,2.496,0.000
pipeline_b_degraded_link_operator_scene_v1,488,48.800,cow_01,cow,1,1,301,73.024,32.896,0.000
pipeline_b_degraded_link_operator_scene_v1,488,48.800,tower_01,tower,1,1,501,112.000,-42.000,18.000
pipeline_b_degraded_link_operator_scene_v1,489,48.900,bike_01,bike,1,1,101,86.565,2.538,0.000
pipeline_b_degraded_link_operator_scene_v1,489,48.900,cow_01,cow,1,1,301,73.002,32.908,0.000
pipeline_b_degraded_link_operator_scene_v1,489,48.900,tower_01,tower,1,1,501,112.000,-42.000,18.000
pipeline_b_degraded_link_operator_scene_v1,490,49.000,bike_01,bike,1,1,101,86.650,2.580,0.000
pipeline_b_degraded_link_operator_scene_v1,490,49.000,cow_01,cow,1,1,301,72.980,32.920,0.000
pipeline_b_degraded_link_operator_scene_v1,490,49.000,tower_01,tower,1,1,501,112.000,-42.000,18.000
pipeline_b_degraded_link_operator_scene_v1,491,49.100,bike_01,bike,1,1,101,86.735,2.622,0.000
pipeline_b_degraded_link_operator_scene_v1,491,49.100,cow_01,cow,1,1,301,72.958,32.932,0.000
pipeline_b_degraded_link_operator_scene_v1,491,49.100,tower_01,tower,1,1,501,112.000,-42.000,18.000
pipeline_b_degraded_link_operator_scene_v1,492,49.200,bike_01,bike,1,1,101,86.820,2.664,0.000
pipeline_b_degraded_link_operator_scene_v1,492,49.200,cow_01,cow,1,1,301,72.936,32.944,0.000
pipeline_b_degraded_link_operator_scene_v1,492,49.200,tower_01,tower,1,1,501,112.000,-42.000,18.000
pipeline_b_degraded_link_operator_scene_v1,493,49.300,bike_01,bike,1,1,101,86.905,2.706,0.000
pipeline_b_degraded_link_operator_scene_v1,493,49.300,cow_01,cow,1,1,301,72.914,32.956,0.000
pipeline_b_degraded_link_operator_scene_v1,493,49.300,tower_01,tower,1,1,501,112.000,-42.000,18.000
pipeline_b_degraded_link_operator_scene_v1,494,49.400,bike_01,bike,1,1,101,86.990,2.748,0.000
pipeline_b_degraded_link_operator_scene_v1,494,49.400,cow_01,cow,1,1,301,72.892,32.968,0.000
pipeline_b_degraded_link_operator_scene_v1,494,49.400,tower_01,tower,1,1,501,112.000,-42.000,18.000
pipeline_b_degraded_link_operator_scene_v1,495,49.500,bike_01,bike,1,1,101,87.075,2.790,0.000
pipeline_b_degraded_link_operator_scene_v1,495,49.500,cow_01,cow,1,1,301,72.870,32.980,0.000
pipeline_b_degraded_link_operator_scene_v1,495,49.500,tower_01,tower,1,1,501,112.000,-42.000,18.000
pipeline_b_degraded_link_operator_scene_v1,496,49.600,bike_01,bike,1,1,101,87.160,2.832,0.000
pipeline_b_degraded_link_operator_scene_v1,496,49.600,cow_01,cow,1,1,301,72.848,32.992,0.000
pipeline_b_degraded_link_operator_scene_v1,496,49.600,tower_01,tower,1,1,501,112.000,-42.000,18.000
pipeline_b_degraded_link_operator_scene_v1,497,49.700,bike_01,bike,1,1,101,87.245,2.874,0.000
pipeline_b_degraded_link_operator_scene_v1,497,49.700,cow_01,cow,1,1,301,72.826,33.004,0.000
pipeline_b_degraded_link_operator_scene_v1,497,49.700,tower_01,tower,1,1,501,112.000,-42.000,18.000
pipeline_b_degraded_link_operator_scene_v1,498,49.800,bike_01,bike,1,1,101,87.330,2.916,0.000
pipeline_b_degraded_link_operator_scene_v1,498,49.800,cow_01,cow,1,1,301,72.804,33.016,0.000
pipeline_b_degraded_link_operator_scene_v1,498,49.800,tower_01,tower,1,1,501,112.000,-42.000,18.000
pipeline_b_degraded_link_operator_scene_v1,499,49.900,bike_01,bike,1,1,101,87.415,2.958,0.000
pipeline_b_degraded_link_operator_scene_v1,499,49.900,cow_01,cow,1,1,301,72.782,33.028,0.000
pipeline_b_degraded_link_operator_scene_v1,499,49.900,tower_01,tower,1,1,501,112.000,-42.000,18.000
pipeline_b_degraded_link_operator_scene_v1,500,50.000,bike_01,bike,1,1,101,87.500,3.000,0.000
pipeline_b_degraded_link_operator_scene_v1,500,50.000,cow_01,cow,1,1,301,72.760,33.040,0.000
pipeline_b_degraded_link_operator_scene_v1,500,50.000,tower_01,tower,1,1,501,112.000,-42.000,18.000
pipeline_b_degraded_link_operator_scene_v1,501,50.100,bike_01,bike,1,1,101,87.585,3.042,0.000
pipeline_b_degraded_link_operator_scene_v1,501,50.100,cow_01,cow,1,1,301,72.738,33.052,0.000
pipeline_b_degraded_link_operator_scene_v1,501,50.100,tower_01,tower,1,1,501,112.000,-42.000,18.000
pipeline_b_degraded_link_operator_scene_v1,502,50.200,bike_01,bike,1,1,101,87.670,3.084,0.000
pipeline_b_degraded_link_operator_scene_v1,502,50.200,cow_01,cow,1,1,301,72.716,33.064,0.000
pipeline_b_degraded_link_operator_scene_v1,502,50.200,tower_01,tower,1,1,501,112.000,-42.000,18.000
pipeline_b_degraded_link_operator_scene_v1,503,50.300,bike_01,bike,1,1,101,87.755,3.126,0.000
pipeline_b_degraded_link_operator_scene_v1,503,50.300,cow_01,cow,1,1,301,72.694,33.076,0.000
pipeline_b_degraded_link_operator_scene_v1,503,50.300,tower_01,tower,1,1,501,112.000,-42.000,18.000
pipeline_b_degraded_link_operator_scene_v1,504,50.400,bike_01,bike,1,1,101,87.840,3.168,0.000
pipeline_b_degraded_link_operator_scene_v1,504,50.400,cow_01,cow,1,1,301,72.672,33.088,0.000
pipeline_b_degraded_link_operator_scene_v1,504,50.400,tower_01,tower,1,1,501,112.000,-42.000,18.000
pipeline_b_degraded_link_operator_scene_v1,505,50.500,bike_01,bike,1,1,101,87.925,3.210,0.000
pipeline_b_degraded_link_operator_scene_v1,505,50.500,cow_01,cow,1,1,301,72.650,33.100,0.000
pipeline_b_degraded_link_operator_scene_v1,505,50.500,tower_01,tower,1,1,501,112.000,-42.000,18.000
pipeline_b_degraded_link_operator_scene_v1,506,50.600,bike_01,bike,1,1,101,88.010,3.252,0.000
pipeline_b_degraded_link_operator_scene_v1,506,50.600,cow_01,cow,1,1,301,72.628,33.112,0.000
pipeline_b_degraded_link_operator_scene_v1,506,50.600,tower_01,tower,1,1,501,112.000,-42.000,18.000
pipeline_b_degraded_link_operator_scene_v1,507,50.700,bike_01,bike,1,1,101,88.095,3.294,0.000
pipeline_b_degraded_link_operator_scene_v1,507,50.700,cow_01,cow,1,1,301,72.606,33.124,0.000
pipeline_b_degraded_link_operator_scene_v1,507,50.700,tower_01,tower,1,1,501,112.000,-42.000,18.000
pipeline_b_degraded_link_operator_scene_v1,508,50.800,bike_01,bike,1,1,101,88.180,3.336,0.000
pipeline_b_degraded_link_operator_scene_v1,508,50.800,cow_01,cow,1,1,301,72.584,33.136,0.000
pipeline_b_degraded_link_operator_scene_v1,508,50.800,tower_01,tower,1,1,501,112.000,-42.000,18.000
pipeline_b_degraded_link_operator_scene_v1,509,50.900,bike_01,bike,1,1,101,88.265,3.378,0.000
pipeline_b_degraded_link_operator_scene_v1,509,50.900,cow_01,cow,1,1,301,72.562,33.148,0.000
pipeline_b_degraded_link_operator_scene_v1,509,50.900,tower_01,tower,1,1,501,112.000,-42.000,18.000
pipeline_b_degraded_link_operator_scene_v1,510,51.000,bike_01,bike,1,1,101,88.350,3.420,0.000
pipeline_b_degraded_link_operator_scene_v1,510,51.000,cow_01,cow,1,1,301,72.540,33.160,0.000
pipeline_b_degraded_link_operator_scene_v1,510,51.000,tower_01,tower,1,1,501,112.000,-42.000,18.000
pipeline_b_degraded_link_operator_scene_v1,511,51.100,bike_01,bike,1,1,101,88.435,3.462,0.000
pipeline_b_degraded_link_operator_scene_v1,511,51.100,cow_01,cow,1,1,301,72.518,33.172,0.000
pipeline_b_degraded_link_operator_scene_v1,511,51.100,tower_01,tower,1,1,501,112.000,-42.000,18.000
pipeline_b_degraded_link_operator_scene_v1,512,51.200,bike_01,bike,1,1,101,88.520,3.504,0.000
pipeline_b_degraded_link_operator_scene_v1,512,51.200,cow_01,cow,1,1,301,72.496,33.184,0.000
pipeline_b_degraded_link_operator_scene_v1,512,51.200,tower_01,tower,1,1,501,112.000,-42.000,18.000
pipeline_b_degraded_link_operator_scene_v1,513,51.300,bike_01,bike,1,1,101,88.605,3.546,0.000
pipeline_b_degraded_link_operator_scene_v1,513,51.300,cow_01,cow,1,1,301,72.474,33.196,0.000
pipeline_b_degraded_link_operator_scene_v1,513,51.300,tower_01,tower,1,1,501,112.000,-42.000,18.000
pipeline_b_degraded_link_operator_scene_v1,514,51.400,bike_01,bike,1,1,101,88.690,3.588,0.000
pipeline_b_degraded_link_operator_scene_v1,514,51.400,cow_01,cow,1,1,301,72.452,33.208,0.000
pipeline_b_degraded_link_operator_scene_v1,514,51.400,tower_01,tower,1,1,501,112.000,-42.000,18.000
pipeline_b_degraded_link_operator_scene_v1,515,51.500,bike_01,bike,1,1,101,88.775,3.630,0.000
pipeline_b_degraded_link_operator_scene_v1,515,51.500,cow_01,cow,1,1,301,72.430,33.220,0.000
pipeline_b_degraded_link_operator_scene_v1,515,51.500,tower_01,tower,1,1,501,112.000,-42.000,18.000
pipeline_b_degraded_link_operator_scene_v1,516,51.600,bike_01,bike,1,1,101,88.860,3.672,0.000
pipeline_b_degraded_link_operator_scene_v1,516,51.600,cow_01,cow,1,1,301,72.408,33.232,0.000
pipeline_b_degraded_link_operator_scene_v1,516,51.600,tower_01,tower,1,1,501,112.000,-42.000,18.000
pipeline_b_degraded_link_operator_scene_v1,517,51.700,bike_01,bike,1,1,101,88.945,3.714,0.000
pipeline_b_degraded_link_operator_scene_v1,517,51.700,cow_01,cow,1,1,301,72.386,33.244,0.000
pipeline_b_degraded_link_operator_scene_v1,517,51.700,tower_01,tower,1,1,501,112.000,-42.000,18.000
pipeline_b_degraded_link_operator_scene_v1,518,51.800,bike_01,bike,1,1,101,89.030,3.756,0.000
pipeline_b_degraded_link_operator_scene_v1,518,51.800,cow_01,cow,1,1,301,72.364,33.256,0.000
pipeline_b_degraded_link_operator_scene_v1,518,51.800,tower_01,tower,1,1,501,112.000,-42.000,18.000
pipeline_b_degraded_link_operator_scene_v1,519,51.900,bike_01,bike,1,1,101,89.115,3.798,0.000
pipeline_b_degraded_link_operator_scene_v1,519,51.900,cow_01,cow,1,1,301,72.342,33.268,0.000
pipeline_b_degraded_link_operator_scene_v1,519,51.900,tower_01,tower,1,1,501,112.000,-42.000,18.000
pipeline_b_degraded_link_operator_scene_v1,520,52.000,bike_01,bike,1,1,101,89.200,3.840,0.000
pipeline_b_degraded_link_operator_scene_v1,520,52.000,cow_01,cow,1,1,301,72.320,33.280,0.000
pipeline_b_degraded_link_operator_scene_v1,520,52.000,tower_01,tower,1,1,501,112.000,-42.000,18.000
pipeline_b_degraded_link_operator_scene_v1,521,52.100,bike_01,bike,1,1,101,89.285,3.882,0.000
pipeline_b_degraded_link_operator_scene_v1,521,52.100,cow_01,cow,1,1,301,72.298,33.292,0.000
pipeline_b_degraded_link_operator_scene_v1,521,52.100,tower_01,tower,1,1,501,112.000,-42.000,18.000
pipeline_b_degraded_link_operator_scene_v1,522,52.200,bike_01,bike,1,1,101,89.370,3.924,0.000
pipeline_b_degraded_link_operator_scene_v1,522,52.200,cow_01,cow,1,1,301,72.276,33.304,0.000
pipeline_b_degraded_link_operator_scene_v1,522,52.200,tower_01,tower,1,1,501,112.000,-42.000,18.000
pipeline_b_degraded_link_operator_scene_v1,523,52.300,bike_01,bike,1,1,101,89.455,3.966,0.000
pipeline_b_degraded_link_operator_scene_v1,523,52.300,cow_01,cow,1,1,301,72.254,33.316,0.000
pipeline_b_degraded_link_operator_scene_v1,523,52.300,tower_01,tower,1,1,501,112.000,-42.000,18.000
pipeline_b_degraded_link_operator_scene_v1,524,52.400,bike_01,bike,1,1,101,89.540,4.008,0.000
pipeline_b_degraded_link_operator_scene_v1,524,52.400,cow_01,cow,1,1,301,72.232,33.328,0.000
pipeline_b_degraded_link_operator_scene_v1,524,52.400,tower_01,tower,1,1,501,112.000,-42.000,18.000
pipeline_b_degraded_link_operator_scene_v1,525,52.500,bike_01,bike,1,1,101,89.625,4.050,0.000
pipeline_b_degraded_link_operator_scene_v1,525,52.500,cow_01,cow,1,1,301,72.210,33.340,0.000
pipeline_b_degraded_link_operator_scene_v1,525,52.500,tower_01,tower,1,1,501,112.000,-42.000,18.000
pipeline_b_degraded_link_operator_scene_v1,526,52.600,bike_01,bike,1,1,101,89.710,4.092,0.000
pipeline_b_degraded_link_operator_scene_v1,526,52.600,cow_01,cow,1,1,301,72.188,33.352,0.000
pipeline_b_degraded_link_operator_scene_v1,526,52.600,tower_01,tower,1,1,501,112.000,-42.000,18.000
pipeline_b_degraded_link_operator_scene_v1,527,52.700,bike_01,bike,1,1,101,89.795,4.134,0.000
pipeline_b_degraded_link_operator_scene_v1,527,52.700,cow_01,cow,1,1,301,72.166,33.364,0.000
pipeline_b_degraded_link_operator_scene_v1,527,52.700,tower_01,tower,1,1,501,112.000,-42.000,18.000
pipeline_b_degraded_link_operator_scene_v1,528,52.800,bike_01,bike,1,1,101,89.880,4.176,0.000
pipeline_b_degraded_link_operator_scene_v1,528,52.800,cow_01,cow,1,1,301,72.144,33.376,0.000
pipeline_b_degraded_link_operator_scene_v1,528,52.800,tower_01,tower,1,1,501,112.000,-42.000,18.000
pipeline_b_degraded_link_operator_scene_v1,529,52.900,bike_01,bike,1,1,101,89.965,4.218,0.000
pipeline_b_degraded_link_operator_scene_v1,529,52.900,cow_01,cow,1,1,301,72.122,33.388,0.000
pipeline_b_degraded_link_operator_scene_v1,529,52.900,tower_01,tower,1,1,501,112.000,-42.000,18.000
pipeline_b_degraded_link_operator_scene_v1,530,53.000,bike_01,bike,1,1,101,90.050,4.260,0.000
pipeline_b_degraded_link_operator_scene_v1,530,53.000,cow_01,cow,1,1,301,72.100,33.400,0.000
pipeline_b_degraded_link_operator_scene_v1,530,53.000,tower_01,tower,1,1,501,112.000,-42.000,18.000
pipeline_b_degraded_link_operator_scene_v1,531,53.100,bike_01,bike,1,1,101,90.135,4.302,0.000
pipeline_b_degraded_link_operator_scene_v1,531,53.100,cow_01,cow,1,1,301,72.078,33.412,0.000
pipeline_b_degraded_link_operator_scene_v1,531,53.100,tower_01,tower,1,1,501,112.000,-42.000,18.000
pipeline_b_degraded_link_operator_scene_v1,532,53.200,bike_01,bike,1,1,101,90.220,4.344,0.000
pipeline_b_degraded_link_operator_scene_v1,532,53.200,cow_01,cow,1,1,301,72.056,33.424,0.000
pipeline_b_degraded_link_operator_scene_v1,532,53.200,tower_01,tower,1,1,501,112.000,-42.000,18.000
pipeline_b_degraded_link_operator_scene_v1,533,53.300,bike_01,bike,1,1,101,90.305,4.386,0.000
pipeline_b_degraded_link_operator_scene_v1,533,53.300,cow_01,cow,1,1,301,72.034,33.436,0.000
pipeline_b_degraded_link_operator_scene_v1,533,53.300,tower_01,tower,1,1,501,112.000,-42.000,18.000
pipeline_b_degraded_link_operator_scene_v1,534,53.400,bike_01,bike,1,1,101,90.390,4.428,0.000
pipeline_b_degraded_link_operator_scene_v1,534,53.400,cow_01,cow,1,1,301,72.012,33.448,0.000
pipeline_b_degraded_link_operator_scene_v1,534,53.400,tower_01,tower,1,1,501,112.000,-42.000,18.000
pipeline_b_degraded_link_operator_scene_v1,535,53.500,bike_01,bike,1,1,101,90.475,4.470,0.000
pipeline_b_degraded_link_operator_scene_v1,535,53.500,cow_01,cow,1,1,301,71.990,33.460,0.000
pipeline_b_degraded_link_operator_scene_v1,535,53.500,tower_01,tower,1,1,501,112.000,-42.000,18.000
pipeline_b_degraded_link_operator_scene_v1,536,53.600,bike_01,bike,1,1,101,90.560,4.512,0.000
pipeline_b_degraded_link_operator_scene_v1,536,53.600,cow_01,cow,1,1,301,71.968,33.472,0.000
pipeline_b_degraded_link_operator_scene_v1,536,53.600,tower_01,tower,1,1,501,112.000,-42.000,18.000
pipeline_b_degraded_link_operator_scene_v1,537,53.700,bike_01,bike,1,1,101,90.645,4.554,0.000
pipeline_b_degraded_link_operator_scene_v1,537,53.700,cow_01,cow,1,1,301,71.946,33.484,0.000
pipeline_b_degraded_link_operator_scene_v1,537,53.700,tower_01,tower,1,1,501,112.000,-42.000,18.000
pipeline_b_degraded_link_operator_scene_v1,538,53.800,bike_01,bike,1,1,101,90.730,4.596,0.000
pipeline_b_degraded_link_operator_scene_v1,538,53.800,cow_01,cow,1,1,301,71.924,33.496,0.000
pipeline_b_degraded_link_operator_scene_v1,538,53.800,tower_01,tower,1,1,501,112.000,-42.000,18.000
pipeline_b_degraded_link_operator_scene_v1,539,53.900,bike_01,bike,1,1,101,90.815,4.638,0.000
pipeline_b_degraded_link_operator_scene_v1,539,53.900,cow_01,cow,1,1,301,71.902,33.508,0.000
pipeline_b_degraded_link_operator_scene_v1,539,53.900,tower_01,tower,1,1,501,112.000,-42.000,18.000
pipeline_b_degraded_link_operator_scene_v1,540,54.000,bike_01,bike,1,1,101,90.900,4.680,0.000
pipeline_b_degraded_link_operator_scene_v1,540,54.000,cow_01,cow,1,1,301,71.880,33.520,0.000
pipeline_b_degraded_link_operator_scene_v1,540,54.000,tower_01,tower,1,1,501,112.000,-42.000,18.000
pipeline_b_degraded_link_operator_scene_v1,541,54.100,bike_01,bike,1,1,101,90.985,4.722,0.000
pipeline_b_degraded_link_operator_scene_v1,541,54.100,cow_01,cow,1,1,301,71.858,33.532,0.000
pipeline_b_degraded_link_operator_scene_v1,541,54.100,tower_01,tower,1,1,501,112.000,-42.000,18.000
pipeline_b_degraded_link_operator_scene_v1,542,54.200,bike_01,bike,1,1,101,91.070,4.764,0.000
pipeline_b_degraded_link_operator_scene_v1,542,54.200,cow_01,cow,1,1,301,71.836,33.544,0.000
pipeline_b_degraded_link_operator_scene_v1,542,54.200,tower_01,tower,1,1,501,112.000,-42.000,18.000
pipeline_b_degraded_link_operator_scene_v1,543,54.300,bike_01,bike,1,1,101,91.155,4.806,0.000
pipeline_b_degraded_link_operator_scene_v1,543,54.300,cow_01,cow,1,1,301,71.814,33.556,0.000
pipeline_b_degraded_link_operator_scene_v1,543,54.300,tower_01,tower,1,1,501,112.000,-42.000,18.000
pipeline_b_degraded_link_operator_scene_v1,544,54.400,bike_01,bike,1,1,101,91.240,4.848,0.000
pipeline_b_degraded_link_operator_scene_v1,544,54.400,cow_01,cow,1,1,301,71.792,33.568,0.000
pipeline_b_degraded_link_operator_scene_v1,544,54.400,tower_01,tower,1,1,501,112.000,-42.000,18.000
pipeline_b_degraded_link_operator_scene_v1,545,54.500,bike_01,bike,1,1,101,91.325,4.890,0.000
pipeline_b_degraded_link_operator_scene_v1,545,54.500,cow_01,cow,1,1,301,71.770,33.580,0.000
pipeline_b_degraded_link_operator_scene_v1,545,54.500,tower_01,tower,1,1,501,112.000,-42.000,18.000
pipeline_b_degraded_link_operator_scene_v1,546,54.600,bike_01,bike,1,1,101,91.410,4.932,0.000
pipeline_b_degraded_link_operator_scene_v1,546,54.600,cow_01,cow,1,1,301,71.748,33.592,0.000
pipeline_b_degraded_link_operator_scene_v1,546,54.600,tower_01,tower,1,1,501,112.000,-42.000,18.000
pipeline_b_degraded_link_operator_scene_v1,547,54.700,bike_01,bike,1,1,101,91.495,4.974,0.000
pipeline_b_degraded_link_operator_scene_v1,547,54.700,cow_01,cow,1,1,301,71.726,33.604,0.000
pipeline_b_degraded_link_operator_scene_v1,547,54.700,tower_01,tower,1,1,501,112.000,-42.000,18.000
pipeline_b_degraded_link_operator_scene_v1,548,54.800,bike_01,bike,1,1,101,91.580,5.016,0.000
pipeline_b_degraded_link_operator_scene_v1,548,54.800,cow_01,cow,1,1,301,71.704,33.616,0.000
pipeline_b_degraded_link_operator_scene_v1,548,54.800,tower_01,tower,1,1,501,112.000,-42.000,18.000
pipeline_b_degraded_link_operator_scene_v1,549,54.900,bike_01,bike,1,1,101,91.665,5.058,0.000
pipeline_b_degraded_link_operator_scene_v1,549,54.900,cow_01,cow,1,1,301,71.682,33.628,0.000
pipeline_b_degraded_link_operator_scene_v1,549,54.900,tower_01,tower,1,1,501,112.000,-42.000,18.000
pipeline_b_degraded_link_operator_scene_v1,550,55.000,bike_01,bike,1,1,101,91.750,5.100,0.000
pipeline_b_degraded_link_operator_scene_v1,550,55.000,cow_01,cow,0,0,,71.660,33.640,0.000
pipeline_b_degraded_link_operator_scene_v1,550,55.000,tower_01,tower,1,1,501,112.000,-42.000,18.000
pipeline_b_degraded_link_operator_scene_v1,551,55.100,bike_01,bike,1,1,101,91.835,5.142,0.000
pipeline_b_degraded_link_operator_scene_v1,551,55.100,cow_01,cow,0,0,,71.638,33.652,0.000
pipeline_b_degraded_link_operator_scene_v1,551,55.100,tower_01,tower,1,1,501,112.000,-42.000,18.000
pipeline_b_degraded_link_operator_scene_v1,552,55.200,bike_01,bike,1,1,101,91.920,5.184,0.000
pipeline_b_degraded_link_operator_scene_v1,552,55.200,cow_01,cow,0,0,,71.616,33.664,0.000
pipeline_b_degraded_link_operator_scene_v1,552,55.200,tower_01,tower,1,1,501,112.000,-42.000,18.000
pipeline_b_degraded_link_operator_scene_v1,553,55.300,bike_01,bike,1,1,101,92.005,5.226,0.000
pipeline_b_degraded_link_operator_scene_v1,553,55.300,cow_01,cow,0,0,,71.594,33.676,0.000
pipeline_b_degraded_link_operator_scene_v1,553,55.300,tower_01,tower,1,1,501,112.000,-42.000,18.000
pipeline_b_degraded_link_operator_scene_v1,554,55.400,bike_01,bike,1,1,101,92.090,5.268,0.000
pipeline_b_degraded_link_operator_scene_v1,554,55.400,cow_01,cow,0,0,,71.572,33.688,0.000
pipeline_b_degraded_link_operator_scene_v1,554,55.400,tower_01,tower,1,1,501,112.000,-42.000,18.000
pipeline_b_degraded_link_operator_scene_v1,555,55.500,bike_01,bike,1,1,101,92.175,5.310,0.000
pipeline_b_degraded_link_operator_scene_v1,555,55.500,cow_01,cow,0,0,,71.550,33.700,0.000
pipeline_b_degraded_link_operator_scene_v1,555,55.500,tower_01,tower,1,1,501,112.000,-42.000,18.000
pipeline_b_degraded_link_operator_scene_v1,556,55.600,bike_01,bike,1,1,101,92.260,5.352,0.000
pipeline_b_degraded_link_operator_scene_v1,556,55.600,cow_01,cow,0,0,,71.528,33.712,0.000
pipeline_b_degraded_link_operator_scene_v1,556,55.600,tower_01,tower,1,1,501,112.000,-42.000,18.000
pipeline_b_degraded_link_operator_scene_v1,557,55.700,bike_01,bike,1,1,101,92.345,5.394,0.000
pipeline_b_degraded_link_operator_scene_v1,557,55.700,cow_01,cow,0,0,,71.506,33.724,0.000
pipeline_b_degraded_link_operator_scene_v1,557,55.700,tower_01,tower,1,1,501,112.000,-42.000,18.000
pipeline_b_degraded_link_operator_scene_v1,558,55.800,bike_01,bike,1,1,101,92.430,5.436,0.000
pipeline_b_degraded_link_operator_scene_v1,558,55.800,cow_01,cow,0,0,,71.484,33.736,0.000
pipeline_b_degraded_link_operator_scene_v1,558,55.800,tower_01,tower,1,1,501,112.000,-42.000,18.000
pipeline_b_degraded_link_operator_scene_v1,559,55.900,bike_01,bike,1,1,101,92.515,5.478,0.000
pipeline_b_degraded_link_operator_scene_v1,559,55.900,cow_01,cow,0,0,,71.462,33.748,0.000
pipeline_b_degraded_link_operator_scene_v1,559,55.900,tower_01,tower,1,1,501,112.000,-42.000,18.000
pipeline_b_degraded_link_operator_scene_v1,560,56.000,bike_01,bike,1,1,101,92.600,5.520,0.000
pipeline_b_degraded_link_operator_scene_v1,560,56.000,cow_01,cow,0,0,,71.440,33.760,0.000
pipeline_b_degraded_link_operator_scene_v1,560,56.000,tower_01,tower,1,1,501,112.000,-42.000,18.000
pipeline_b_degraded_link_operator_scene_v1,561,56.100,bike_01,bike,1,1,101,92.685,5.562,0.000
pipeline_b_degraded_link_operator_scene_v1,561,56.100,cow_01,cow,0,0,,71.418,33.772,0.000
pipeline_b_degraded_link_operator_scene_v1,561,56.100,tower_01,tower,1,1,501,112.000,-42.000,18.000
pipeline_b_degraded_link_operator_scene_v1,562,56.200,bike_01,bike,1,1,101,92.770,5.604,0.000
pipeline_b_degraded_link_operator_scene_v1,562,56.200,cow_01,cow,0,0,,71.396,33.784,0.000
pipeline_b_degraded_link_operator_scene_v1,562,56.200,tower_01,tower,1,1,501,112.000,-42.000,18.000
pipeline_b_degraded_link_operator_scene_v1,563,56.300,bike_01,bike,1,1,101,92.855,5.646,0.000
pipeline_b_degraded_link_operator_scene_v1,563,56.300,cow_01,cow,0,0,,71.374,33.796,0.000
pipeline_b_degraded_link_operator_scene_v1,563,56.300,tower_01,tower,1,1,501,112.000,-42.000,18.000
pipeline_b_degraded_link_operator_scene_v1,564,56.400,bike_01,bike,1,1,101,92.940,5.688,0.000
pipeline_b_degraded_link_operator_scene_v1,564,56.400,cow_01,cow,0,0,,71.352,33.808,0.000
pipeline_b_degraded_link_operator_scene_v1,564,56.400,tower_01,tower,1,1,501,112.000,-42.000,18.000
pipeline_b_degraded_link_operator_scene_v1,565,56.500,bike_01,bike,1,1,101,93.025,5.730,0.000
pipeline_b_degraded_link_operator_scene_v1,565,56.500,cow_01,cow,0,0,,71.330,33.820,0.000
pipeline_b_degraded_link_operator_scene_v1,565,56.500,tower_01,tower,1,1,501,112.000,-42.000,18.000
pipeline_b_degraded_link_operator_scene_v1,566,56.600,bike_01,bike,1,1,101,93.110,5.772,0.000
pipeline_b_degraded_link_operator_scene_v1,566,56.600,cow_01,cow,0,0,,71.308,33.832,0.000
pipeline_b_degraded_link_operator_scene_v1,566,56.600,tower_01,tower,1,1,501,112.000,-42.000,18.000
pipeline_b_degraded_link_operator_scene_v1,567,56.700,bike_01,bike,1,1,101,93.195,5.814,0.000
pipeline_b_degraded_link_operator_scene_v1,567,56.700,cow_01,cow,0,0,,71.286,33.844,0.000
pipeline_b_degraded_link_operator_scene_v1,567,56.700,tower_01,tower,1,1,501,112.000,-42.000,18.000
pipeline_b_degraded_link_operator_scene_v1,568,56.800,bike_01,bike,1,1,101,93.280,5.856,0.000
pipeline_b_degraded_link_operator_scene_v1,568,56.800,cow_01,cow,0,0,,71.264,33.856,0.000
pipeline_b_degraded_link_operator_scene_v1,568,56.800,tower_01,tower,1,1,501,112.000,-42.000,18.000
pipeline_b_degraded_link_operator_scene_v1,569,56.900,bike_01,bike,1,1,101,93.365,5.898,0.000
pipeline_b_degraded_link_operator_scene_v1,569,56.900,cow_01,cow,0,0,,71.242,33.868,0.000
pipeline_b_degraded_link_operator_scene_v1,569,56.900,tower_01,tower,1,1,501,112.000,-42.000,18.000
pipeline_b_degraded_link_operator_scene_v1,570,57.000,bike_01,bike,1,1,101,93.450,5.940,0.000
pipeline_b_degraded_link_operator_scene_v1,570,57.000,cow_01,cow,0,0,,71.220,33.880,0.000
pipeline_b_degraded_link_operator_scene_v1,570,57.000,tower_01,tower,1,1,501,112.000,-42.000,18.000
pipeline_b_degraded_link_operator_scene_v1,571,57.100,bike_01,bike,1,1,101,93.535,5.982,0.000
pipeline_b_degraded_link_operator_scene_v1,571,57.100,cow_01,cow,0,0,,71.198,33.892,0.000
pipeline_b_degraded_link_operator_scene_v1,571,57.100,tower_01,tower,1,1,501,112.000,-42.000,18.000
pipeline_b_degraded_link_operator_scene_v1,572,57.200,bike_01,bike,1,1,101,93.620,6.024,0.000
pipeline_b_degraded_link_operator_scene_v1,572,57.200,cow_01,cow,0,0,,71.176,33.904,0.000
pipeline_b_degraded_link_operator_scene_v1,572,57.200,tower_01,tower,1,1,501,112.000,-42.000,18.000
pipeline_b_degraded_link_operator_scene_v1,573,57.300,bike_01,bike,1,1,101,93.705,6.066,0.000
pipeline_b_degraded_link_operator_scene_v1,573,57.300,cow_01,cow,0,0,,71.154,33.916,0.000
pipeline_b_degraded_link_operator_scene_v1,573,57.300,tower_01,tower,1,1,501,112.000,-42.000,18.000
pipeline_b_degraded_link_operator_scene_v1,574,57.400,bike_01,bike,1,1,101,93.790,6.108,0.000
pipeline_b_degraded_link_operator_scene_v1,574,57.400,cow_01,cow,0,0,,71.132,33.928,0.000
pipeline_b_degraded_link_operator_scene_v1,574,57.400,tower_01,tower,1,1,501,112.000,-42.000,18.000
pipeline_b_degraded_link_operator_scene_v1,575,57.500,bike_01,bike,1,1,101,93.875,6.150,0.000
pipeline_b_degraded_link_operator_scene_v1,575,57.500,cow_01,cow,0,0,,71.110,33.940,0.000
pipeline_b_degraded_link_operator_scene_v1,575,57.500,tower_01,tower,1,1,501,112.000,-42.000,18.000
pipeline_b_degraded_link_operator_scene_v1,576,57.600,bike_01,bike,1,1,101,93.960,6.192,0.000
pipeline_b_degraded_link_operator_scene_v1,576,57.600,cow_01,cow,0,0,,71.088,33.952,0.000
pipeline_b_degraded_link_operator_scene_v1,576,57.600,tower_01,tower,1,1,501,112.000,-42.000,18.000
pipeline_b_degraded_link_operator_scene_v1,577,57.700,bike_01,bike,1,1,101,94.045,6.234,0.000
pipeline_b_degraded_link_operator_scene_v1,577,57.700,cow_01,cow,0,0,,71.066,33.964,0.000
pipeline_b_degraded_link_operator_scene_v1,577,57.700,tower_01,tower,1,1,501,112.000,-42.000,18.000
pipeline_b_degraded_link_operator_scene_v1,578,57.800,bike_01,bike,1,1,101,94.130,6.276,0.000
pipeline_b_degraded_link_operator_scene_v1,578,57.800,cow_01,cow,0,0,,71.044,33.976,0.000
pipeline_b_degraded_link_operator_scene_v1,578,57.800,tower_01,tower,1,1,501,112.000,-42.000,18.000
pipeline_b_degraded_link_operator_scene_v1,579,57.900,bike_01,bike,1,1,101,94.215,6.318,0.000
pipeline_b_degraded_link_operator_scene_v1,579,57.900,cow_01,cow,0,0,,71.022,33.988,0.000
pipeline_b_degraded_link_operator_scene_v1,579,57.900,tower_01,tower,1,1,501,112.000,-42.000,18.000
pipeline_b_degraded_link_operator_scene_v1,580,58.000,bike_01,bike,1,1,101,94.300,6.360,0.000
pipeline_b_degraded_link_operator_scene_v1,580,58.000,cow_01,cow,0,0,,71.000,34.000,0.000
pipeline_b_degraded_link_operator_scene_v1,580,58.000,tower_01,tower,1,1,501,112.000,-42.000,18.000
pipeline_b_degraded_link_operator_scene_v1,581,58.100,bike_01,bike,1,1,101,94.385,6.402,0.000
pipeline_b_degraded_link_operator_scene_v1,581,58.100,cow_01,cow,0,0,,70.978,34.012,0.000
pipeline_b_degraded_link_operator_scene_v1,581,58.100,tower_01,tower,1,1,501,112.000,-42.000,18.000
pipeline_b_degraded_link_operator_scene_v1,582,58.200,bike_01,bike,1,1,101,94.470,6.444,0.000
pipeline_b_degraded_link_operator_scene_v1,582,58.200,cow_01,cow,0,0,,70.956,34.024,0.000
pipeline_b_degraded_link_operator_scene_v1,582,58.200,tower_01,tower,1,1,501,112.000,-42.000,18.000
pipeline_b_degraded_link_operator_scene_v1,583,58.300,bike_01,bike,1,1,101,94.555,6.486,0.000
pipeline_b_degraded_link_operator_scene_v1,583,58.300,cow_01,cow,0,0,,70.934,34.036,0.000
pipeline_b_degraded_link_operator_scene_v1,583,58.300,tower_01,tower,1,1,501,112.000,-42.000,18.000
pipeline_b_degraded_link_operator_scene_v1,584,58.400,bike_01,bike,1,1,101,94.640,6.528,0.000
pipeline_b_degraded_link_operator_scene_v1,584,58.400,cow_01,cow,0,0,,70.912,34.048,0.000
pipeline_b_degraded_link_operator_scene_v1,584,58.400,tower_01,tower,1,1,501,112.000,-42.000,18.000
pipeline_b_degraded_link_operator_scene_v1,585,58.500,bike_01,bike,1,1,101,94.725,6.570,0.000
pipeline_b_degraded_link_operator_scene_v1,585,58.500,cow_01,cow,0,0,,70.890,34.060,0.000
pipeline_b_degraded_link_operator_scene_v1,585,58.500,tower_01,tower,1,1,501,112.000,-42.000,18.000
pipeline_b_degraded_link_operator_scene_v1,586,58.600,bike_01,bike,1,1,101,94.810,6.612,0.000
pipeline_b_degraded_link_operator_scene_v1,586,58.600,cow_01,cow,0,0,,70.868,34.072,0.000
pipeline_b_degraded_link_operator_scene_v1,586,58.600,tower_01,tower,1,1,501,112.000,-42.000,18.000
pipeline_b_degraded_link_operator_scene_v1,587,58.700,bike_01,bike,1,1,101,94.895,6.654,0.000
pipeline_b_degraded_link_operator_scene_v1,587,58.700,cow_01,cow,0,0,,70.846,34.084,0.000
pipeline_b_degraded_link_operator_scene_v1,587,58.700,tower_01,tower,1,1,501,112.000,-42.000,18.000
pipeline_b_degraded_link_operator_scene_v1,588,58.800,bike_01,bike,1,1,101,94.980,6.696,0.000
pipeline_b_degraded_link_operator_scene_v1,588,58.800,cow_01,cow,0,0,,70.824,34.096,0.000
pipeline_b_degraded_link_operator_scene_v1,588,58.800,tower_01,tower,1,1,501,112.000,-42.000,18.000
pipeline_b_degraded_link_operator_scene_v1,589,58.900,bike_01,bike,1,1,101,95.065,6.738,0.000
pipeline_b_degraded_link_operator_scene_v1,589,58.900,cow_01,cow,0,0,,70.802,34.108,0.000
pipeline_b_degraded_link_operator_scene_v1,589,58.900,tower_01,tower,1,1,501,112.000,-42.000,18.000
pipeline_b_degraded_link_operator_scene_v1,590,59.000,bike_01,bike,1,1,101,95.150,6.780,0.000
pipeline_b_degraded_link_operator_scene_v1,590,59.000,cow_01,cow,0,0,,70.780,34.120,0.000
pipeline_b_degraded_link_operator_scene_v1,590,59.000,tower_01,tower,1,1,501,112.000,-42.000,18.000
pipeline_b_degraded_link_operator_scene_v1,591,59.100,bike_01,bike,1,1,101,95.235,6.822,0.000
pipeline_b_degraded_link_operator_scene_v1,591,59.100,cow_01,cow,0,0,,70.758,34.132,0.000
pipeline_b_degraded_link_operator_scene_v1,591,59.100,tower_01,tower,1,1,501,112.000,-42.000,18.000
pipeline_b_degraded_link_operator_scene_v1,592,59.200,bike_01,bike,1,1,101,95.320,6.864,0.000
pipeline_b_degraded_link_operator_scene_v1,592,59.200,cow_01,cow,0,0,,70.736,34.144,0.000
pipeline_b_degraded_link_operator_scene_v1,592,59.200,tower_01,tower,1,1,501,112.000,-42.000,18.000
pipeline_b_degraded_link_operator_scene_v1,593,59.300,bike_01,bike,1,1,101,95.405,6.906,0.000
pipeline_b_degraded_link_operator_scene_v1,593,59.300,cow_01,cow,0,0,,70.714,34.156,0.000
pipeline_b_degraded_link_operator_scene_v1,593,59.300,tower_01,tower,1,1,501,112.000,-42.000,18.000
pipeline_b_degraded_link_operator_scene_v1,594,59.400,bike_01,bike,1,1,101,95.490,6.948,0.000
pipeline_b_degraded_link_operator_scene_v1,594,59.400,cow_01,cow,0,0,,70.692,34.168,0.000
pipeline_b_degraded_link_operator_scene_v1,594,59.400,tower_01,tower,1,1,501,112.000,-42.000,18.000
pipeline_b_degraded_link_operator_scene_v1,595,59.500,bike_01,bike,1,1,101,95.575,6.990,0.000
pipeline_b_degraded_link_operator_scene_v1,595,59.500,cow_01,cow,0,0,,70.670,34.180,0.000
pipeline_b_degraded_link_operator_scene_v1,595,59.500,tower_01,tower,1,1,501,112.000,-42.000,18.000
pipeline_b_degraded_link_operator_scene_v1,596,59.600,bike_01,bike,1,1,101,95.660,7.032,0.000
pipeline_b_degraded_link_operator_scene_v1,596,59.600,cow_01,cow,0,0,,70.648,34.192,0.000
pipeline_b_degraded_link_operator_scene_v1,596,59.600,tower_01,tower,1,1,501,112.000,-42.000,18.000
pipeline_b_degraded_link_operator_scene_v1,597,59.700,bike_01,bike,1,1,101,95.745,7.074,0.000
pipeline_b_degraded_link_operator_scene_v1,597,59.700,cow_01,cow,0,0,,70.626,34.204,0.000
pipeline_b_degraded_link_operator_scene_v1,597,59.700,tower_01,tower,1,1,501,112.000,-42.000,18.000
pipeline_b_degraded_link_operator_scene_v1,598,59.800,bike_01,bike,1,1,101,95.830,7.116,0.000
pipeline_b_degraded_link_operator_scene_v1,598,59.800,cow_01,cow,0,0,,70.604,34.216,0.000
pipeline_b_degraded_link_operator_scene_v1,598,59.800,tower_01,tower,1,1,501,112.000,-42.000,18.000
pipeline_b_degraded_link_operator_scene_v1,599,59.900,bike_01,bike,1,1,101,95.915,7.158,0.000
pipeline_b_degraded_link_operator_scene_v1,599,59.900,cow_01,cow,0,0,,70.582,34.228,0.000
pipeline_b_degraded_link_operator_scene_v1,599,59.900,tower_01,tower,1,1,501,112.000,-42.000,18.000
